
TRAIN:   0%|                                                                                     | 0/20 [00:00<?, ?it/s]
TRAIN:   0%|                                                | 0/20 [00:01<?, ?it/s, total=8.289, recon=3.216, kl=0.3368]
TRAIN:   5%|██                                      | 1/20 [00:01<00:24,  1.28s/it, total=8.289, recon=3.216, kl=0.3368]
TRAIN:   5%|██                                      | 1/20 [00:02<00:24,  1.28s/it, total=7.722, recon=3.185, kl=0.3362]
TRAIN:  10%|████                                    | 2/20 [00:02<00:21,  1.21s/it, total=7.722, recon=3.185, kl=0.3362]
TRAIN:  10%|████                                    | 2/20 [00:03<00:21,  1.21s/it, total=7.416, recon=3.151, kl=0.5116]
TRAIN:  15%|██████                                  | 3/20 [00:03<00:20,  1.21s/it, total=7.416, recon=3.151, kl=0.5116]
TRAIN:  15%|██████                                  | 3/20 [00:04<00:20,  1.21s/it, total=7.327, recon=3.106, kl=0.5948]
TRAIN:  20%|████████                                | 4/20 [00:04<00:18,  1.19s/it, total=7.327, recon=3.106, kl=0.5948]
TRAIN:  20%|████████                                | 4/20 [00:05<00:18,  1.19s/it, total=7.234, recon=3.012, kl=1.0579]
TRAIN:  25%|██████████                              | 5/20 [00:05<00:18,  1.22s/it, total=7.234, recon=3.012, kl=1.0579]
TRAIN:  25%|██████████                              | 5/20 [00:06<00:18,  1.22s/it, total=7.172, recon=2.940, kl=1.7184]
TRAIN:  30%|████████████                            | 6/20 [00:06<00:16,  1.15s/it, total=7.172, recon=2.940, kl=1.7184]
TRAIN:  30%|████████████                            | 6/20 [00:08<00:16,  1.15s/it, total=7.128, recon=2.906, kl=2.9694]
TRAIN:  35%|██████████████                          | 7/20 [00:08<00:14,  1.12s/it, total=7.128, recon=2.906, kl=2.9694]
TRAIN:  35%|██████████████                          | 7/20 [00:09<00:14,  1.12s/it, total=6.893, recon=2.829, kl=3.0346]
TRAIN:  40%|████████████████                        | 8/20 [00:09<00:13,  1.09s/it, total=6.893, recon=2.829, kl=3.0346]
TRAIN:  40%|████████████████                        | 8/20 [00:10<00:13,  1.09s/it, total=6.893, recon=2.807, kl=1.8560]
TRAIN:  45%|██████████████████                      | 9/20 [00:10<00:12,  1.14s/it, total=6.893, recon=2.807, kl=1.8560]
TRAIN:  45%|██████████████████                      | 9/20 [00:11<00:12,  1.14s/it, total=6.812, recon=2.790, kl=1.0941]
TRAIN:  50%|███████████████████▌                   | 10/20 [00:11<00:10,  1.08s/it, total=6.812, recon=2.790, kl=1.0941]
TRAIN:  50%|███████████████████▌                   | 10/20 [00:11<00:10,  1.08s/it, total=6.562, recon=2.694, kl=0.7887]
TRAIN:  55%|█████████████████████▍                 | 11/20 [00:11<00:08,  1.02it/s, total=6.562, recon=2.694, kl=0.7887]
TRAIN:  55%|█████████████████████▍                 | 11/20 [00:12<00:08,  1.02it/s, total=6.912, recon=2.787, kl=0.7683]
TRAIN:  60%|███████████████████████▍               | 12/20 [00:12<00:07,  1.11it/s, total=6.912, recon=2.787, kl=0.7683]
TRAIN:  60%|███████████████████████▍               | 12/20 [00:13<00:07,  1.11it/s, total=6.714, recon=2.687, kl=0.7704]
TRAIN:  65%|█████████████████████████▎             | 13/20 [00:13<00:05,  1.19it/s, total=6.714, recon=2.687, kl=0.7704]
TRAIN:  65%|█████████████████████████▎             | 13/20 [00:14<00:05,  1.19it/s, total=6.561, recon=2.692, kl=0.8587]
TRAIN:  70%|███████████████████████████▎           | 14/20 [00:14<00:04,  1.26it/s, total=6.561, recon=2.692, kl=0.8587]
TRAIN:  70%|███████████████████████████▎           | 14/20 [00:14<00:04,  1.26it/s, total=6.861, recon=2.749, kl=0.8317]
TRAIN:  75%|█████████████████████████████▎         | 15/20 [00:14<00:03,  1.33it/s, total=6.861, recon=2.749, kl=0.8317]
TRAIN:  75%|█████████████████████████████▎         | 15/20 [00:15<00:03,  1.33it/s, total=6.463, recon=2.651, kl=0.9206]
TRAIN:  80%|███████████████████████████████▏       | 16/20 [00:15<00:02,  1.39it/s, total=6.463, recon=2.651, kl=0.9206]
TRAIN:  80%|███████████████████████████████▏       | 16/20 [00:16<00:02,  1.39it/s, total=6.427, recon=2.675, kl=0.9792]
TRAIN:  85%|█████████████████████████████████▏     | 17/20 [00:16<00:02,  1.43it/s, total=6.427, recon=2.675, kl=0.9792]
TRAIN:  85%|█████████████████████████████████▏     | 17/20 [00:16<00:02,  1.43it/s, total=6.451, recon=2.656, kl=0.9376]
TRAIN:  90%|███████████████████████████████████    | 18/20 [00:16<00:01,  1.49it/s, total=6.451, recon=2.656, kl=0.9376]
TRAIN:  90%|███████████████████████████████████    | 18/20 [00:17<00:01,  1.49it/s, total=6.404, recon=2.659, kl=0.9428]
TRAIN:  95%|█████████████████████████████████████  | 19/20 [00:17<00:00,  1.50it/s, total=6.404, recon=2.659, kl=0.9428]
TRAIN:  95%|█████████████████████████████████████  | 19/20 [00:17<00:00,  1.50it/s, total=6.463, recon=2.606, kl=1.0557]
TRAIN: 100%|███████████████████████████████████████| 20/20 [00:17<00:00,  1.65it/s, total=6.463, recon=2.606, kl=1.0557]
                                                                                                                        

VAL  :   0%|                                                                                      | 0/6 [00:00<?, ?it/s]
VAL  :   0%|                                                 | 0/6 [00:00<?, ?it/s, total=6.795, recon=2.753, kl=0.9508]
VAL  :  17%|██████▊                                  | 1/6 [00:00<00:00,  5.48it/s, total=6.795, recon=2.753, kl=0.9508]
VAL  :  17%|██████▊                                  | 1/6 [00:00<00:00,  5.48it/s, total=6.470, recon=2.655, kl=0.8521]
VAL  :  33%|█████████████▋                           | 2/6 [00:00<00:00,  5.48it/s, total=6.470, recon=2.655, kl=0.8521]
VAL  :  33%|█████████████▋                           | 2/6 [00:00<00:00,  5.48it/s, total=6.497, recon=2.610, kl=0.8894]
VAL  :  50%|████████████████████▌                    | 3/6 [00:00<00:00,  5.56it/s, total=6.497, recon=2.610, kl=0.8894]
VAL  :  50%|████████████████████▌                    | 3/6 [00:00<00:00,  5.56it/s, total=6.291, recon=2.572, kl=0.9773]
VAL  :  67%|███████████████████████████▎             | 4/6 [00:00<00:00,  5.65it/s, total=6.291, recon=2.572, kl=0.9773]
VAL  :  67%|███████████████████████████▎             | 4/6 [00:00<00:00,  5.65it/s, total=6.578, recon=2.651, kl=1.0277]
VAL  :  83%|██████████████████████████████████▏      | 5/6 [00:00<00:00,  5.70it/s, total=6.578, recon=2.651, kl=1.0277]
VAL  :  83%|██████████████████████████████████▏      | 5/6 [00:00<00:00,  5.70it/s, total=6.499, recon=2.597, kl=1.0083]
                                                                                                                        

TRAIN:   0%|                                                                                     | 0/20 [00:00<?, ?it/s]
TRAIN:   0%|                                                | 0/20 [00:00<?, ?it/s, total=6.422, recon=2.607, kl=1.1176]
TRAIN:   5%|██                                      | 1/20 [00:00<00:11,  1.64it/s, total=6.422, recon=2.607, kl=1.1176]
TRAIN:   5%|██                                      | 1/20 [00:01<00:11,  1.64it/s, total=6.408, recon=2.584, kl=0.9776]
TRAIN:  10%|████                                    | 2/20 [00:01<00:11,  1.62it/s, total=6.408, recon=2.584, kl=0.9776]
TRAIN:  10%|████                                    | 2/20 [00:01<00:11,  1.62it/s, total=6.001, recon=2.508, kl=0.9850]
TRAIN:  15%|██████                                  | 3/20 [00:01<00:10,  1.59it/s, total=6.001, recon=2.508, kl=0.9850]
TRAIN:  15%|██████                                  | 3/20 [00:02<00:10,  1.59it/s, total=6.423, recon=2.630, kl=1.0109]
TRAIN:  20%|████████                                | 4/20 [00:02<00:10,  1.57it/s, total=6.423, recon=2.630, kl=1.0109]
TRAIN:  20%|████████                                | 4/20 [00:03<00:10,  1.57it/s, total=6.418, recon=2.656, kl=0.9907]
TRAIN:  25%|██████████                              | 5/20 [00:03<00:09,  1.55it/s, total=6.418, recon=2.656, kl=0.9907]
TRAIN:  25%|██████████                              | 5/20 [00:03<00:09,  1.55it/s, total=6.233, recon=2.556, kl=0.9276]
TRAIN:  30%|████████████                            | 6/20 [00:03<00:09,  1.55it/s, total=6.233, recon=2.556, kl=0.9276]
TRAIN:  30%|████████████                            | 6/20 [00:04<00:09,  1.55it/s, total=6.148, recon=2.552, kl=0.9198]
TRAIN:  35%|██████████████                          | 7/20 [00:04<00:08,  1.57it/s, total=6.148, recon=2.552, kl=0.9198]
TRAIN:  35%|██████████████                          | 7/20 [00:05<00:08,  1.57it/s, total=6.498, recon=2.604, kl=0.9311]
TRAIN:  40%|████████████████                        | 8/20 [00:05<00:07,  1.58it/s, total=6.498, recon=2.604, kl=0.9311]
TRAIN:  40%|████████████████                        | 8/20 [00:05<00:07,  1.58it/s, total=6.421, recon=2.587, kl=1.0448]
TRAIN:  45%|██████████████████                      | 9/20 [00:05<00:07,  1.55it/s, total=6.421, recon=2.587, kl=1.0448]
TRAIN:  45%|██████████████████                      | 9/20 [00:06<00:07,  1.55it/s, total=6.171, recon=2.510, kl=1.0904]
TRAIN:  50%|███████████████████▌                   | 10/20 [00:06<00:06,  1.50it/s, total=6.171, recon=2.510, kl=1.0904]
TRAIN:  50%|███████████████████▌                   | 10/20 [00:07<00:06,  1.50it/s, total=6.198, recon=2.532, kl=0.9567]
TRAIN:  55%|█████████████████████▍                 | 11/20 [00:07<00:06,  1.49it/s, total=6.198, recon=2.532, kl=0.9567]
TRAIN:  55%|█████████████████████▍                 | 11/20 [00:07<00:06,  1.49it/s, total=6.426, recon=2.630, kl=1.2699]
TRAIN:  60%|███████████████████████▍               | 12/20 [00:07<00:05,  1.48it/s, total=6.426, recon=2.630, kl=1.2699]
TRAIN:  60%|███████████████████████▍               | 12/20 [00:08<00:05,  1.48it/s, total=6.205, recon=2.560, kl=1.2500]
TRAIN:  65%|█████████████████████████▎             | 13/20 [00:08<00:04,  1.50it/s, total=6.205, recon=2.560, kl=1.2500]
TRAIN:  65%|█████████████████████████▎             | 13/20 [00:09<00:04,  1.50it/s, total=6.092, recon=2.443, kl=1.1488]
TRAIN:  70%|███████████████████████████▎           | 14/20 [00:09<00:03,  1.52it/s, total=6.092, recon=2.443, kl=1.1488]
TRAIN:  70%|███████████████████████████▎           | 14/20 [00:09<00:03,  1.52it/s, total=6.034, recon=2.474, kl=0.9306]
TRAIN:  75%|█████████████████████████████▎         | 15/20 [00:09<00:03,  1.54it/s, total=6.034, recon=2.474, kl=0.9306]
TRAIN:  75%|█████████████████████████████▎         | 15/20 [00:10<00:03,  1.54it/s, total=5.908, recon=2.387, kl=0.9590]
TRAIN:  80%|███████████████████████████████▏       | 16/20 [00:10<00:02,  1.58it/s, total=5.908, recon=2.387, kl=0.9590]
TRAIN:  80%|███████████████████████████████▏       | 16/20 [00:10<00:02,  1.58it/s, total=6.147, recon=2.511, kl=1.0646]
TRAIN:  85%|█████████████████████████████████▏     | 17/20 [00:10<00:01,  1.58it/s, total=6.147, recon=2.511, kl=1.0646]
TRAIN:  85%|█████████████████████████████████▏     | 17/20 [00:11<00:01,  1.58it/s, total=6.007, recon=2.442, kl=0.8535]
TRAIN:  90%|███████████████████████████████████    | 18/20 [00:11<00:01,  1.58it/s, total=6.007, recon=2.442, kl=0.8535]
TRAIN:  90%|███████████████████████████████████    | 18/20 [00:12<00:01,  1.58it/s, total=5.842, recon=2.406, kl=0.9490]
TRAIN:  95%|█████████████████████████████████████  | 19/20 [00:12<00:00,  1.59it/s, total=5.842, recon=2.406, kl=0.9490]
TRAIN:  95%|█████████████████████████████████████  | 19/20 [00:12<00:00,  1.59it/s, total=5.760, recon=2.434, kl=1.0441]
TRAIN: 100%|███████████████████████████████████████| 20/20 [00:12<00:00,  1.78it/s, total=5.760, recon=2.434, kl=1.0441]
                                                                                                                        

VAL  :   0%|                                                                                      | 0/6 [00:00<?, ?it/s]
VAL  :   0%|                                                 | 0/6 [00:00<?, ?it/s, total=6.426, recon=2.605, kl=1.0562]
VAL  :  17%|██████▊                                  | 1/6 [00:00<00:00,  6.00it/s, total=6.426, recon=2.605, kl=1.0562]
VAL  :  17%|██████▊                                  | 1/6 [00:00<00:00,  6.00it/s, total=6.074, recon=2.450, kl=0.9225]
VAL  :  33%|█████████████▋                           | 2/6 [00:00<00:00,  5.97it/s, total=6.074, recon=2.450, kl=0.9225]
VAL  :  33%|█████████████▋                           | 2/6 [00:00<00:00,  5.97it/s, total=6.004, recon=2.419, kl=0.9511]
VAL  :  50%|████████████████████▌                    | 3/6 [00:00<00:00,  6.01it/s, total=6.004, recon=2.419, kl=0.9511]
VAL  :  50%|████████████████████▌                    | 3/6 [00:00<00:00,  6.01it/s, total=6.006, recon=2.407, kl=1.0201]
VAL  :  67%|███████████████████████████▎             | 4/6 [00:00<00:00,  6.02it/s, total=6.006, recon=2.407, kl=1.0201]
VAL  :  67%|███████████████████████████▎             | 4/6 [00:00<00:00,  6.02it/s, total=5.996, recon=2.426, kl=1.1392]
VAL  :  83%|██████████████████████████████████▏      | 5/6 [00:00<00:00,  6.13it/s, total=5.996, recon=2.426, kl=1.1392]
VAL  :  83%|██████████████████████████████████▏      | 5/6 [00:00<00:00,  6.13it/s, total=5.859, recon=2.367, kl=0.8726]
                                                                                                                        

TRAIN:   0%|                                                                                     | 0/20 [00:00<?, ?it/s]
TRAIN:   0%|                                                | 0/20 [00:00<?, ?it/s, total=5.759, recon=2.387, kl=1.0789]
TRAIN:   5%|██                                      | 1/20 [00:00<00:10,  1.74it/s, total=5.759, recon=2.387, kl=1.0789]
TRAIN:   5%|██                                      | 1/20 [00:01<00:10,  1.74it/s, total=5.867, recon=2.388, kl=1.1313]
TRAIN:  10%|████                                    | 2/20 [00:01<00:10,  1.72it/s, total=5.867, recon=2.388, kl=1.1313]
TRAIN:  10%|████                                    | 2/20 [00:01<00:10,  1.72it/s, total=6.100, recon=2.393, kl=1.0020]
TRAIN:  15%|██████                                  | 3/20 [00:01<00:09,  1.71it/s, total=6.100, recon=2.393, kl=1.0020]
TRAIN:  15%|██████                                  | 3/20 [00:02<00:09,  1.71it/s, total=5.852, recon=2.367, kl=0.9467]
TRAIN:  20%|████████                                | 4/20 [00:02<00:09,  1.70it/s, total=5.852, recon=2.367, kl=0.9467]
TRAIN:  20%|████████                                | 4/20 [00:02<00:09,  1.70it/s, total=5.895, recon=2.396, kl=0.9774]
TRAIN:  25%|██████████                              | 5/20 [00:02<00:08,  1.72it/s, total=5.895, recon=2.396, kl=0.9774]
TRAIN:  25%|██████████                              | 5/20 [00:03<00:08,  1.72it/s, total=6.036, recon=2.366, kl=1.1388]
TRAIN:  30%|████████████                            | 6/20 [00:03<00:08,  1.73it/s, total=6.036, recon=2.366, kl=1.1388]
TRAIN:  30%|████████████                            | 6/20 [00:04<00:08,  1.73it/s, total=5.944, recon=2.401, kl=1.3650]
TRAIN:  35%|██████████████                          | 7/20 [00:04<00:07,  1.72it/s, total=5.944, recon=2.401, kl=1.3650]
TRAIN:  35%|██████████████                          | 7/20 [00:04<00:07,  1.72it/s, total=5.721, recon=2.337, kl=1.4487]
TRAIN:  40%|████████████████                        | 8/20 [00:04<00:07,  1.69it/s, total=5.721, recon=2.337, kl=1.4487]
TRAIN:  40%|████████████████                        | 8/20 [00:05<00:07,  1.69it/s, total=5.796, recon=2.334, kl=1.2626]
TRAIN:  45%|██████████████████                      | 9/20 [00:05<00:06,  1.69it/s, total=5.796, recon=2.334, kl=1.2626]
TRAIN:  45%|██████████████████                      | 9/20 [00:05<00:06,  1.69it/s, total=5.650, recon=2.337, kl=1.5360]
TRAIN:  50%|███████████████████▌                   | 10/20 [00:05<00:05,  1.71it/s, total=5.650, recon=2.337, kl=1.5360]
TRAIN:  50%|███████████████████▌                   | 10/20 [00:06<00:05,  1.71it/s, total=5.562, recon=2.264, kl=1.4963]
TRAIN:  55%|█████████████████████▍                 | 11/20 [00:06<00:05,  1.72it/s, total=5.562, recon=2.264, kl=1.4963]
TRAIN:  55%|█████████████████████▍                 | 11/20 [00:07<00:05,  1.72it/s, total=5.899, recon=2.379, kl=1.5135]
TRAIN:  60%|███████████████████████▍               | 12/20 [00:07<00:04,  1.71it/s, total=5.899, recon=2.379, kl=1.5135]
TRAIN:  60%|███████████████████████▍               | 12/20 [00:07<00:04,  1.71it/s, total=5.974, recon=2.373, kl=1.5387]
TRAIN:  65%|█████████████████████████▎             | 13/20 [00:07<00:04,  1.71it/s, total=5.974, recon=2.373, kl=1.5387]
TRAIN:  65%|█████████████████████████▎             | 13/20 [00:08<00:04,  1.71it/s, total=5.858, recon=2.295, kl=1.6054]
TRAIN:  70%|███████████████████████████▎           | 14/20 [00:08<00:03,  1.71it/s, total=5.858, recon=2.295, kl=1.6054]
TRAIN:  70%|███████████████████████████▎           | 14/20 [00:08<00:03,  1.71it/s, total=5.718, recon=2.283, kl=1.4549]
TRAIN:  75%|█████████████████████████████▎         | 15/20 [00:08<00:02,  1.69it/s, total=5.718, recon=2.283, kl=1.4549]
TRAIN:  75%|█████████████████████████████▎         | 15/20 [00:09<00:02,  1.69it/s, total=5.768, recon=2.279, kl=1.2569]
TRAIN:  80%|███████████████████████████████▏       | 16/20 [00:09<00:02,  1.65it/s, total=5.768, recon=2.279, kl=1.2569]
TRAIN:  80%|███████████████████████████████▏       | 16/20 [00:10<00:02,  1.65it/s, total=5.695, recon=2.328, kl=1.0762]
TRAIN:  85%|█████████████████████████████████▏     | 17/20 [00:10<00:01,  1.65it/s, total=5.695, recon=2.328, kl=1.0762]
TRAIN:  85%|█████████████████████████████████▏     | 17/20 [00:10<00:01,  1.65it/s, total=5.731, recon=2.328, kl=0.9939]
TRAIN:  90%|███████████████████████████████████    | 18/20 [00:10<00:01,  1.65it/s, total=5.731, recon=2.328, kl=0.9939]
TRAIN:  90%|███████████████████████████████████    | 18/20 [00:11<00:01,  1.65it/s, total=5.613, recon=2.279, kl=1.2992]
TRAIN:  95%|█████████████████████████████████████  | 19/20 [00:11<00:00,  1.68it/s, total=5.613, recon=2.279, kl=1.2992]
TRAIN:  95%|█████████████████████████████████████  | 19/20 [00:11<00:00,  1.68it/s, total=5.791, recon=2.286, kl=1.3387]
TRAIN: 100%|███████████████████████████████████████| 20/20 [00:11<00:00,  1.88it/s, total=5.791, recon=2.286, kl=1.3387]
                                                                                                                        

VAL  :   0%|                                                                                      | 0/6 [00:00<?, ?it/s]
VAL  :   0%|                                                 | 0/6 [00:00<?, ?it/s, total=6.292, recon=2.494, kl=1.2398]
VAL  :  17%|██████▊                                  | 1/6 [00:00<00:00,  6.19it/s, total=6.292, recon=2.494, kl=1.2398]
VAL  :  17%|██████▊                                  | 1/6 [00:00<00:00,  6.19it/s, total=5.812, recon=2.342, kl=1.1998]
VAL  :  33%|█████████████▋                           | 2/6 [00:00<00:00,  6.28it/s, total=5.812, recon=2.342, kl=1.1998]
VAL  :  33%|█████████████▋                           | 2/6 [00:00<00:00,  6.28it/s, total=5.803, recon=2.325, kl=1.0840]
VAL  :  50%|████████████████████▌                    | 3/6 [00:00<00:00,  6.50it/s, total=5.803, recon=2.325, kl=1.0840]
VAL  :  50%|████████████████████▌                    | 3/6 [00:00<00:00,  6.50it/s, total=5.620, recon=2.298, kl=1.1758]
VAL  :  67%|███████████████████████████▎             | 4/6 [00:00<00:00,  6.64it/s, total=5.620, recon=2.298, kl=1.1758]
VAL  :  67%|███████████████████████████▎             | 4/6 [00:00<00:00,  6.64it/s, total=5.772, recon=2.305, kl=1.3313]
VAL  :  83%|██████████████████████████████████▏      | 5/6 [00:00<00:00,  6.89it/s, total=5.772, recon=2.305, kl=1.3313]
VAL  :  83%|██████████████████████████████████▏      | 5/6 [00:00<00:00,  6.89it/s, total=6.131, recon=2.259, kl=1.1977]
                                                                                                                        

TRAIN:   0%|                                                                                     | 0/20 [00:00<?, ?it/s]
TRAIN:   0%|                                                | 0/20 [00:00<?, ?it/s, total=5.630, recon=2.237, kl=1.4004]
TRAIN:   5%|██                                      | 1/20 [00:00<00:10,  1.76it/s, total=5.630, recon=2.237, kl=1.4004]
TRAIN:   5%|██                                      | 1/20 [00:01<00:10,  1.76it/s, total=5.694, recon=2.224, kl=1.3130]
TRAIN:  10%|████                                    | 2/20 [00:01<00:10,  1.73it/s, total=5.694, recon=2.224, kl=1.3130]
TRAIN:  10%|████                                    | 2/20 [00:01<00:10,  1.73it/s, total=5.683, recon=2.264, kl=1.1446]
TRAIN:  15%|██████                                  | 3/20 [00:01<00:09,  1.73it/s, total=5.683, recon=2.264, kl=1.1446]
TRAIN:  15%|██████                                  | 3/20 [00:02<00:09,  1.73it/s, total=5.662, recon=2.215, kl=1.2045]
TRAIN:  20%|████████                                | 4/20 [00:02<00:09,  1.75it/s, total=5.662, recon=2.215, kl=1.2045]
TRAIN:  20%|████████                                | 4/20 [00:02<00:09,  1.75it/s, total=5.650, recon=2.259, kl=1.3175]
TRAIN:  25%|██████████                              | 5/20 [00:02<00:08,  1.72it/s, total=5.650, recon=2.259, kl=1.3175]
TRAIN:  25%|██████████                              | 5/20 [00:03<00:08,  1.72it/s, total=5.612, recon=2.268, kl=1.0631]
TRAIN:  30%|████████████                            | 6/20 [00:03<00:08,  1.67it/s, total=5.612, recon=2.268, kl=1.0631]
TRAIN:  30%|████████████                            | 6/20 [00:04<00:08,  1.67it/s, total=5.721, recon=2.245, kl=1.1380]
TRAIN:  35%|██████████████                          | 7/20 [00:04<00:07,  1.67it/s, total=5.721, recon=2.245, kl=1.1380]
TRAIN:  35%|██████████████                          | 7/20 [00:04<00:07,  1.67it/s, total=5.334, recon=2.210, kl=1.1813]
TRAIN:  40%|████████████████                        | 8/20 [00:04<00:07,  1.69it/s, total=5.334, recon=2.210, kl=1.1813]
TRAIN:  40%|████████████████                        | 8/20 [00:05<00:07,  1.69it/s, total=5.764, recon=2.232, kl=1.3155]
TRAIN:  45%|██████████████████                      | 9/20 [00:05<00:06,  1.71it/s, total=5.764, recon=2.232, kl=1.3155]
TRAIN:  45%|██████████████████                      | 9/20 [00:05<00:06,  1.71it/s, total=5.484, recon=2.236, kl=1.2013]
TRAIN:  50%|███████████████████▌                   | 10/20 [00:05<00:05,  1.71it/s, total=5.484, recon=2.236, kl=1.2013]
TRAIN:  50%|███████████████████▌                   | 10/20 [00:06<00:05,  1.71it/s, total=5.561, recon=2.272, kl=1.1764]
TRAIN:  55%|█████████████████████▍                 | 11/20 [00:06<00:05,  1.70it/s, total=5.561, recon=2.272, kl=1.1764]
TRAIN:  55%|█████████████████████▍                 | 11/20 [00:07<00:05,  1.70it/s, total=5.506, recon=2.201, kl=1.2706]
TRAIN:  60%|███████████████████████▍               | 12/20 [00:07<00:04,  1.71it/s, total=5.506, recon=2.201, kl=1.2706]
TRAIN:  60%|███████████████████████▍               | 12/20 [00:07<00:04,  1.71it/s, total=5.527, recon=2.247, kl=1.3003]
TRAIN:  65%|█████████████████████████▎             | 13/20 [00:07<00:04,  1.72it/s, total=5.527, recon=2.247, kl=1.3003]
TRAIN:  65%|█████████████████████████▎             | 13/20 [00:08<00:04,  1.72it/s, total=5.277, recon=2.114, kl=1.3105]
TRAIN:  70%|███████████████████████████▎           | 14/20 [00:08<00:03,  1.74it/s, total=5.277, recon=2.114, kl=1.3105]
TRAIN:  70%|███████████████████████████▎           | 14/20 [00:08<00:03,  1.74it/s, total=5.466, recon=2.139, kl=1.2458]
TRAIN:  75%|█████████████████████████████▎         | 15/20 [00:08<00:02,  1.74it/s, total=5.466, recon=2.139, kl=1.2458]
TRAIN:  75%|█████████████████████████████▎         | 15/20 [00:09<00:02,  1.74it/s, total=5.363, recon=2.170, kl=1.2618]
TRAIN:  80%|███████████████████████████████▏       | 16/20 [00:09<00:02,  1.72it/s, total=5.363, recon=2.170, kl=1.2618]
TRAIN:  80%|███████████████████████████████▏       | 16/20 [00:09<00:02,  1.72it/s, total=5.502, recon=2.199, kl=1.2123]
TRAIN:  85%|█████████████████████████████████▏     | 17/20 [00:09<00:01,  1.72it/s, total=5.502, recon=2.199, kl=1.2123]
TRAIN:  85%|█████████████████████████████████▏     | 17/20 [00:10<00:01,  1.72it/s, total=5.595, recon=2.186, kl=1.0993]
TRAIN:  90%|███████████████████████████████████    | 18/20 [00:10<00:01,  1.74it/s, total=5.595, recon=2.186, kl=1.0993]
TRAIN:  90%|███████████████████████████████████    | 18/20 [00:11<00:01,  1.74it/s, total=5.246, recon=2.084, kl=1.2274]
TRAIN:  95%|█████████████████████████████████████  | 19/20 [00:11<00:00,  1.74it/s, total=5.246, recon=2.084, kl=1.2274]
TRAIN:  95%|█████████████████████████████████████  | 19/20 [00:11<00:00,  1.74it/s, total=5.788, recon=2.309, kl=0.9776]
TRAIN: 100%|███████████████████████████████████████| 20/20 [00:11<00:00,  1.91it/s, total=5.788, recon=2.309, kl=0.9776]
                                                                                                                        

VAL  :   0%|                                                                                      | 0/6 [00:00<?, ?it/s]
VAL  :   0%|                                                 | 0/6 [00:00<?, ?it/s, total=6.216, recon=2.400, kl=1.2410]
VAL  :  17%|██████▊                                  | 1/6 [00:00<00:00,  6.23it/s, total=6.216, recon=2.400, kl=1.2410]
VAL  :  17%|██████▊                                  | 1/6 [00:00<00:00,  6.23it/s, total=5.619, recon=2.211, kl=1.2477]
VAL  :  33%|█████████████▋                           | 2/6 [00:00<00:00,  6.28it/s, total=5.619, recon=2.211, kl=1.2477]
VAL  :  33%|█████████████▋                           | 2/6 [00:00<00:00,  6.28it/s, total=5.674, recon=2.231, kl=1.2460]
VAL  :  50%|████████████████████▌                    | 3/6 [00:00<00:00,  6.52it/s, total=5.674, recon=2.231, kl=1.2460]
VAL  :  50%|████████████████████▌                    | 3/6 [00:00<00:00,  6.52it/s, total=5.484, recon=2.198, kl=1.1906]
VAL  :  67%|███████████████████████████▎             | 4/6 [00:00<00:00,  6.58it/s, total=5.484, recon=2.198, kl=1.1906]
VAL  :  67%|███████████████████████████▎             | 4/6 [00:00<00:00,  6.58it/s, total=5.714, recon=2.197, kl=1.3362]
VAL  :  83%|██████████████████████████████████▏      | 5/6 [00:00<00:00,  6.72it/s, total=5.714, recon=2.197, kl=1.3362]
VAL  :  83%|██████████████████████████████████▏      | 5/6 [00:00<00:00,  6.72it/s, total=5.061, recon=2.103, kl=1.5517]
                                                                                                                        

TRAIN:   0%|                                                                                     | 0/20 [00:00<?, ?it/s]
TRAIN:   0%|                                                | 0/20 [00:00<?, ?it/s, total=5.215, recon=2.011, kl=1.2635]
TRAIN:   5%|██                                      | 1/20 [00:00<00:10,  1.84it/s, total=5.215, recon=2.011, kl=1.2635]
TRAIN:   5%|██                                      | 1/20 [00:01<00:10,  1.84it/s, total=5.289, recon=2.079, kl=1.2883]
TRAIN:  10%|████                                    | 2/20 [00:01<00:09,  1.82it/s, total=5.289, recon=2.079, kl=1.2883]
TRAIN:  10%|████                                    | 2/20 [00:01<00:09,  1.82it/s, total=5.531, recon=2.210, kl=1.2241]
TRAIN:  15%|██████                                  | 3/20 [00:01<00:09,  1.77it/s, total=5.531, recon=2.210, kl=1.2241]
TRAIN:  15%|██████                                  | 3/20 [00:02<00:09,  1.77it/s, total=5.631, recon=2.248, kl=1.1975]
TRAIN:  20%|████████                                | 4/20 [00:02<00:09,  1.77it/s, total=5.631, recon=2.248, kl=1.1975]
TRAIN:  20%|████████                                | 4/20 [00:02<00:09,  1.77it/s, total=5.448, recon=2.070, kl=1.1314]
TRAIN:  25%|██████████                              | 5/20 [00:02<00:08,  1.76it/s, total=5.448, recon=2.070, kl=1.1314]
TRAIN:  25%|██████████                              | 5/20 [00:03<00:08,  1.76it/s, total=5.218, recon=2.081, kl=1.3418]
TRAIN:  30%|████████████                            | 6/20 [00:03<00:08,  1.75it/s, total=5.218, recon=2.081, kl=1.3418]
TRAIN:  30%|████████████                            | 6/20 [00:04<00:08,  1.75it/s, total=5.379, recon=2.106, kl=1.1534]
TRAIN:  35%|██████████████                          | 7/20 [00:04<00:07,  1.73it/s, total=5.379, recon=2.106, kl=1.1534]
TRAIN:  35%|██████████████                          | 7/20 [00:04<00:07,  1.73it/s, total=5.360, recon=2.090, kl=1.0327]
TRAIN:  40%|████████████████                        | 8/20 [00:04<00:07,  1.70it/s, total=5.360, recon=2.090, kl=1.0327]
TRAIN:  40%|████████████████                        | 8/20 [00:05<00:07,  1.70it/s, total=5.336, recon=2.072, kl=1.1411]
TRAIN:  45%|██████████████████                      | 9/20 [00:05<00:06,  1.71it/s, total=5.336, recon=2.072, kl=1.1411]
TRAIN:  45%|██████████████████                      | 9/20 [00:05<00:06,  1.71it/s, total=5.136, recon=2.062, kl=1.0917]
TRAIN:  50%|███████████████████▌                   | 10/20 [00:05<00:05,  1.70it/s, total=5.136, recon=2.062, kl=1.0917]
TRAIN:  50%|███████████████████▌                   | 10/20 [00:06<00:05,  1.70it/s, total=5.571, recon=2.123, kl=1.0386]
TRAIN:  55%|█████████████████████▍                 | 11/20 [00:06<00:05,  1.71it/s, total=5.571, recon=2.123, kl=1.0386]
TRAIN:  55%|█████████████████████▍                 | 11/20 [00:06<00:05,  1.71it/s, total=5.178, recon=2.003, kl=0.9523]
TRAIN:  60%|███████████████████████▍               | 12/20 [00:06<00:04,  1.70it/s, total=5.178, recon=2.003, kl=0.9523]
TRAIN:  60%|███████████████████████▍               | 12/20 [00:07<00:04,  1.70it/s, total=5.480, recon=2.194, kl=0.9476]
TRAIN:  65%|█████████████████████████▎             | 13/20 [00:07<00:04,  1.67it/s, total=5.480, recon=2.194, kl=0.9476]
TRAIN:  65%|█████████████████████████▎             | 13/20 [00:08<00:04,  1.67it/s, total=5.133, recon=2.023, kl=1.0637]
TRAIN:  70%|███████████████████████████▎           | 14/20 [00:08<00:03,  1.65it/s, total=5.133, recon=2.023, kl=1.0637]
TRAIN:  70%|███████████████████████████▎           | 14/20 [00:08<00:03,  1.65it/s, total=5.363, recon=2.120, kl=0.9165]
TRAIN:  75%|█████████████████████████████▎         | 15/20 [00:08<00:03,  1.61it/s, total=5.363, recon=2.120, kl=0.9165]
TRAIN:  75%|█████████████████████████████▎         | 15/20 [00:09<00:03,  1.61it/s, total=5.355, recon=2.061, kl=0.9326]
TRAIN:  80%|███████████████████████████████▏       | 16/20 [00:09<00:02,  1.63it/s, total=5.355, recon=2.061, kl=0.9326]
TRAIN:  80%|███████████████████████████████▏       | 16/20 [00:10<00:02,  1.63it/s, total=5.267, recon=2.010, kl=0.9109]
TRAIN:  85%|█████████████████████████████████▏     | 17/20 [00:10<00:01,  1.65it/s, total=5.267, recon=2.010, kl=0.9109]
TRAIN:  85%|█████████████████████████████████▏     | 17/20 [00:10<00:01,  1.65it/s, total=5.435, recon=2.090, kl=1.0110]
TRAIN:  90%|███████████████████████████████████    | 18/20 [00:10<00:01,  1.69it/s, total=5.435, recon=2.090, kl=1.0110]
TRAIN:  90%|███████████████████████████████████    | 18/20 [00:11<00:01,  1.69it/s, total=5.306, recon=2.102, kl=0.9288]
TRAIN:  95%|█████████████████████████████████████  | 19/20 [00:11<00:00,  1.71it/s, total=5.306, recon=2.102, kl=0.9288]
TRAIN:  95%|█████████████████████████████████████  | 19/20 [00:11<00:00,  1.71it/s, total=5.440, recon=2.108, kl=0.9766]
TRAIN: 100%|███████████████████████████████████████| 20/20 [00:11<00:00,  1.94it/s, total=5.440, recon=2.108, kl=0.9766]
                                                                                                                        

VAL  :   0%|                                                                                      | 0/6 [00:00<?, ?it/s]
VAL  :   0%|                                                 | 0/6 [00:00<?, ?it/s, total=5.956, recon=2.339, kl=0.9909]
VAL  :  17%|██████▊                                  | 1/6 [00:00<00:00,  6.24it/s, total=5.956, recon=2.339, kl=0.9909]
VAL  :  17%|██████▊                                  | 1/6 [00:00<00:00,  6.24it/s, total=5.459, recon=2.173, kl=0.8946]
VAL  :  33%|█████████████▋                           | 2/6 [00:00<00:00,  6.19it/s, total=5.459, recon=2.173, kl=0.8946]
VAL  :  33%|█████████████▋                           | 2/6 [00:00<00:00,  6.19it/s, total=5.370, recon=2.195, kl=0.8490]
VAL  :  50%|████████████████████▌                    | 3/6 [00:00<00:00,  6.38it/s, total=5.370, recon=2.195, kl=0.8490]
VAL  :  50%|████████████████████▌                    | 3/6 [00:00<00:00,  6.38it/s, total=5.402, recon=2.145, kl=0.9163]
VAL  :  67%|███████████████████████████▎             | 4/6 [00:00<00:00,  6.47it/s, total=5.402, recon=2.145, kl=0.9163]
VAL  :  67%|███████████████████████████▎             | 4/6 [00:00<00:00,  6.47it/s, total=5.555, recon=2.160, kl=0.9647]
VAL  :  83%|██████████████████████████████████▏      | 5/6 [00:00<00:00,  6.65it/s, total=5.555, recon=2.160, kl=0.9647]
VAL  :  83%|██████████████████████████████████▏      | 5/6 [00:00<00:00,  6.65it/s, total=4.976, recon=1.953, kl=0.9754]
                                                                                                                        

TRAIN:   0%|                                                                                     | 0/20 [00:00<?, ?it/s]
TRAIN:   0%|                                                | 0/20 [00:00<?, ?it/s, total=4.999, recon=1.977, kl=0.9388]
TRAIN:   5%|██                                      | 1/20 [00:00<00:10,  1.77it/s, total=4.999, recon=1.977, kl=0.9388]
TRAIN:   5%|██                                      | 1/20 [00:01<00:10,  1.77it/s, total=5.226, recon=1.986, kl=0.9851]
TRAIN:  10%|████                                    | 2/20 [00:01<00:10,  1.77it/s, total=5.226, recon=1.986, kl=0.9851]
TRAIN:  10%|████                                    | 2/20 [00:01<00:10,  1.77it/s, total=5.284, recon=2.018, kl=0.9357]
TRAIN:  15%|██████                                  | 3/20 [00:01<00:09,  1.75it/s, total=5.284, recon=2.018, kl=0.9357]
TRAIN:  15%|██████                                  | 3/20 [00:02<00:09,  1.75it/s, total=5.483, recon=2.119, kl=0.9730]
TRAIN:  20%|████████                                | 4/20 [00:02<00:09,  1.71it/s, total=5.483, recon=2.119, kl=0.9730]
TRAIN:  20%|████████                                | 4/20 [00:02<00:09,  1.71it/s, total=5.249, recon=2.057, kl=1.0131]
TRAIN:  25%|██████████                              | 5/20 [00:02<00:08,  1.72it/s, total=5.249, recon=2.057, kl=1.0131]
TRAIN:  25%|██████████                              | 5/20 [00:03<00:08,  1.72it/s, total=5.123, recon=1.966, kl=1.0941]
TRAIN:  30%|████████████                            | 6/20 [00:03<00:08,  1.72it/s, total=5.123, recon=1.966, kl=1.0941]
TRAIN:  30%|████████████                            | 6/20 [00:04<00:08,  1.72it/s, total=5.037, recon=1.923, kl=0.9709]
TRAIN:  35%|██████████████                          | 7/20 [00:04<00:07,  1.66it/s, total=5.037, recon=1.923, kl=0.9709]
TRAIN:  35%|██████████████                          | 7/20 [00:04<00:07,  1.66it/s, total=4.854, recon=1.821, kl=0.9343]
TRAIN:  40%|████████████████                        | 8/20 [00:04<00:07,  1.65it/s, total=4.854, recon=1.821, kl=0.9343]
TRAIN:  40%|████████████████                        | 8/20 [00:05<00:07,  1.65it/s, total=5.279, recon=2.003, kl=0.8488]
TRAIN:  45%|██████████████████                      | 9/20 [00:05<00:06,  1.68it/s, total=5.279, recon=2.003, kl=0.8488]
TRAIN:  45%|██████████████████                      | 9/20 [00:05<00:06,  1.68it/s, total=5.038, recon=1.998, kl=0.9902]
TRAIN:  50%|███████████████████▌                   | 10/20 [00:05<00:05,  1.71it/s, total=5.038, recon=1.998, kl=0.9902]
TRAIN:  50%|███████████████████▌                   | 10/20 [00:06<00:05,  1.71it/s, total=5.356, recon=2.031, kl=0.9659]
TRAIN:  55%|█████████████████████▍                 | 11/20 [00:06<00:05,  1.73it/s, total=5.356, recon=2.031, kl=0.9659]
TRAIN:  55%|█████████████████████▍                 | 11/20 [00:07<00:05,  1.73it/s, total=4.928, recon=1.990, kl=0.8676]
TRAIN:  60%|███████████████████████▍               | 12/20 [00:07<00:04,  1.74it/s, total=4.928, recon=1.990, kl=0.8676]
TRAIN:  60%|███████████████████████▍               | 12/20 [00:07<00:04,  1.74it/s, total=4.906, recon=1.881, kl=0.7835]
TRAIN:  65%|█████████████████████████▎             | 13/20 [00:07<00:04,  1.71it/s, total=4.906, recon=1.881, kl=0.7835]
TRAIN:  65%|█████████████████████████▎             | 13/20 [00:08<00:04,  1.71it/s, total=5.035, recon=2.003, kl=0.8571]
TRAIN:  70%|███████████████████████████▎           | 14/20 [00:08<00:03,  1.72it/s, total=5.035, recon=2.003, kl=0.8571]
TRAIN:  70%|███████████████████████████▎           | 14/20 [00:08<00:03,  1.72it/s, total=4.957, recon=1.924, kl=0.8232]
TRAIN:  75%|█████████████████████████████▎         | 15/20 [00:08<00:02,  1.75it/s, total=4.957, recon=1.924, kl=0.8232]
TRAIN:  75%|█████████████████████████████▎         | 15/20 [00:09<00:02,  1.75it/s, total=5.136, recon=1.931, kl=0.8300]
TRAIN:  80%|███████████████████████████████▏       | 16/20 [00:09<00:02,  1.74it/s, total=5.136, recon=1.931, kl=0.8300]
TRAIN:  80%|███████████████████████████████▏       | 16/20 [00:09<00:02,  1.74it/s, total=5.120, recon=1.904, kl=0.8945]
TRAIN:  85%|█████████████████████████████████▏     | 17/20 [00:09<00:01,  1.76it/s, total=5.120, recon=1.904, kl=0.8945]
TRAIN:  85%|█████████████████████████████████▏     | 17/20 [00:10<00:01,  1.76it/s, total=4.789, recon=1.930, kl=0.7703]
TRAIN:  90%|███████████████████████████████████    | 18/20 [00:10<00:01,  1.72it/s, total=4.789, recon=1.930, kl=0.7703]
TRAIN:  90%|███████████████████████████████████    | 18/20 [00:11<00:01,  1.72it/s, total=5.318, recon=2.059, kl=0.7536]
TRAIN:  95%|█████████████████████████████████████  | 19/20 [00:11<00:00,  1.72it/s, total=5.318, recon=2.059, kl=0.7536]
TRAIN:  95%|█████████████████████████████████████  | 19/20 [00:11<00:00,  1.72it/s, total=5.197, recon=1.966, kl=0.7070]
TRAIN: 100%|███████████████████████████████████████| 20/20 [00:11<00:00,  1.90it/s, total=5.197, recon=1.966, kl=0.7070]
                                                                                                                        

VAL  :   0%|                                                                                      | 0/6 [00:00<?, ?it/s]
VAL  :   0%|                                                 | 0/6 [00:00<?, ?it/s, total=5.809, recon=2.259, kl=0.7374]
VAL  :  17%|██████▊                                  | 1/6 [00:00<00:00,  6.67it/s, total=5.809, recon=2.259, kl=0.7374]
VAL  :  17%|██████▊                                  | 1/6 [00:00<00:00,  6.67it/s, total=5.099, recon=2.046, kl=0.6151]
VAL  :  33%|█████████████▋                           | 2/6 [00:00<00:00,  6.44it/s, total=5.099, recon=2.046, kl=0.6151]
VAL  :  33%|█████████████▋                           | 2/6 [00:00<00:00,  6.44it/s, total=5.062, recon=2.063, kl=0.6120]
VAL  :  50%|████████████████████▌                    | 3/6 [00:00<00:00,  6.60it/s, total=5.062, recon=2.063, kl=0.6120]
VAL  :  50%|████████████████████▌                    | 3/6 [00:00<00:00,  6.60it/s, total=5.079, recon=2.033, kl=0.6397]
VAL  :  67%|███████████████████████████▎             | 4/6 [00:00<00:00,  6.53it/s, total=5.079, recon=2.033, kl=0.6397]
VAL  :  67%|███████████████████████████▎             | 4/6 [00:00<00:00,  6.53it/s, total=5.268, recon=2.064, kl=0.7012]
VAL  :  83%|██████████████████████████████████▏      | 5/6 [00:00<00:00,  6.67it/s, total=5.268, recon=2.064, kl=0.7012]
VAL  :  83%|██████████████████████████████████▏      | 5/6 [00:00<00:00,  6.67it/s, total=4.830, recon=1.834, kl=0.6688]
                                                                                                                        

TRAIN:   0%|                                                                                     | 0/20 [00:00<?, ?it/s]
TRAIN:   0%|                                                | 0/20 [00:00<?, ?it/s, total=5.044, recon=1.947, kl=0.7545]
TRAIN:   5%|██                                      | 1/20 [00:00<00:10,  1.79it/s, total=5.044, recon=1.947, kl=0.7545]
TRAIN:   5%|██                                      | 1/20 [00:01<00:10,  1.79it/s, total=5.188, recon=1.979, kl=0.8211]
TRAIN:  10%|████                                    | 2/20 [00:01<00:10,  1.78it/s, total=5.188, recon=1.979, kl=0.8211]
TRAIN:  10%|████                                    | 2/20 [00:01<00:10,  1.78it/s, total=4.704, recon=1.842, kl=0.7588]
TRAIN:  15%|██████                                  | 3/20 [00:01<00:09,  1.76it/s, total=4.704, recon=1.842, kl=0.7588]
TRAIN:  15%|██████                                  | 3/20 [00:02<00:09,  1.76it/s, total=5.114, recon=1.937, kl=0.6453]
TRAIN:  20%|████████                                | 4/20 [00:02<00:09,  1.75it/s, total=5.114, recon=1.937, kl=0.6453]
TRAIN:  20%|████████                                | 4/20 [00:02<00:09,  1.75it/s, total=5.396, recon=2.037, kl=0.6361]
TRAIN:  25%|██████████                              | 5/20 [00:02<00:08,  1.77it/s, total=5.396, recon=2.037, kl=0.6361]
TRAIN:  25%|██████████                              | 5/20 [00:03<00:08,  1.77it/s, total=5.102, recon=1.887, kl=0.6045]
TRAIN:  30%|████████████                            | 6/20 [00:03<00:08,  1.74it/s, total=5.102, recon=1.887, kl=0.6045]
TRAIN:  30%|████████████                            | 6/20 [00:04<00:08,  1.74it/s, total=5.050, recon=1.956, kl=0.6725]
TRAIN:  35%|██████████████                          | 7/20 [00:04<00:07,  1.73it/s, total=5.050, recon=1.956, kl=0.6725]
TRAIN:  35%|██████████████                          | 7/20 [00:04<00:07,  1.73it/s, total=4.734, recon=1.797, kl=0.6285]
TRAIN:  40%|████████████████                        | 8/20 [00:04<00:06,  1.76it/s, total=4.734, recon=1.797, kl=0.6285]
TRAIN:  40%|████████████████                        | 8/20 [00:05<00:06,  1.76it/s, total=4.823, recon=1.860, kl=0.6630]
TRAIN:  45%|██████████████████                      | 9/20 [00:05<00:06,  1.77it/s, total=4.823, recon=1.860, kl=0.6630]
TRAIN:  45%|██████████████████                      | 9/20 [00:05<00:06,  1.77it/s, total=5.132, recon=1.999, kl=0.6322]
TRAIN:  50%|███████████████████▌                   | 10/20 [00:05<00:05,  1.74it/s, total=5.132, recon=1.999, kl=0.6322]
TRAIN:  50%|███████████████████▌                   | 10/20 [00:06<00:05,  1.74it/s, total=4.917, recon=1.905, kl=0.6837]
TRAIN:  55%|█████████████████████▍                 | 11/20 [00:06<00:05,  1.73it/s, total=4.917, recon=1.905, kl=0.6837]
TRAIN:  55%|█████████████████████▍                 | 11/20 [00:06<00:05,  1.73it/s, total=5.042, recon=1.887, kl=0.6943]
TRAIN:  60%|███████████████████████▍               | 12/20 [00:06<00:04,  1.73it/s, total=5.042, recon=1.887, kl=0.6943]
TRAIN:  60%|███████████████████████▍               | 12/20 [00:07<00:04,  1.73it/s, total=4.882, recon=1.821, kl=0.6684]
TRAIN:  65%|█████████████████████████▎             | 13/20 [00:07<00:04,  1.71it/s, total=4.882, recon=1.821, kl=0.6684]
TRAIN:  65%|█████████████████████████▎             | 13/20 [00:08<00:04,  1.71it/s, total=5.037, recon=1.853, kl=0.7074]
TRAIN:  70%|███████████████████████████▎           | 14/20 [00:08<00:03,  1.74it/s, total=5.037, recon=1.853, kl=0.7074]
TRAIN:  70%|███████████████████████████▎           | 14/20 [00:08<00:03,  1.74it/s, total=4.828, recon=1.863, kl=0.6969]
TRAIN:  75%|█████████████████████████████▎         | 15/20 [00:08<00:02,  1.74it/s, total=4.828, recon=1.863, kl=0.6969]
TRAIN:  75%|█████████████████████████████▎         | 15/20 [00:09<00:02,  1.74it/s, total=4.744, recon=1.845, kl=0.6420]
TRAIN:  80%|███████████████████████████████▏       | 16/20 [00:09<00:02,  1.75it/s, total=4.744, recon=1.845, kl=0.6420]
TRAIN:  80%|███████████████████████████████▏       | 16/20 [00:09<00:02,  1.75it/s, total=4.500, recon=1.752, kl=0.6496]
TRAIN:  85%|█████████████████████████████████▏     | 17/20 [00:09<00:01,  1.76it/s, total=4.500, recon=1.752, kl=0.6496]
TRAIN:  85%|█████████████████████████████████▏     | 17/20 [00:10<00:01,  1.76it/s, total=4.904, recon=1.855, kl=0.5852]
TRAIN:  90%|███████████████████████████████████    | 18/20 [00:10<00:01,  1.74it/s, total=4.904, recon=1.855, kl=0.5852]
TRAIN:  90%|███████████████████████████████████    | 18/20 [00:10<00:01,  1.74it/s, total=4.887, recon=1.822, kl=0.6195]
TRAIN:  95%|█████████████████████████████████████  | 19/20 [00:10<00:00,  1.73it/s, total=4.887, recon=1.822, kl=0.6195]
TRAIN:  95%|█████████████████████████████████████  | 19/20 [00:11<00:00,  1.73it/s, total=4.314, recon=1.716, kl=0.6384]
TRAIN: 100%|███████████████████████████████████████| 20/20 [00:11<00:00,  1.93it/s, total=4.314, recon=1.716, kl=0.6384]
                                                                                                                        

VAL  :   0%|                                                                                      | 0/6 [00:00<?, ?it/s]
VAL  :   0%|                                                 | 0/6 [00:00<?, ?it/s, total=5.627, recon=2.209, kl=0.6132]
VAL  :  17%|██████▊                                  | 1/6 [00:00<00:00,  6.65it/s, total=5.627, recon=2.209, kl=0.6132]
VAL  :  17%|██████▊                                  | 1/6 [00:00<00:00,  6.65it/s, total=5.148, recon=2.010, kl=0.5364]
VAL  :  33%|█████████████▋                           | 2/6 [00:00<00:00,  6.52it/s, total=5.148, recon=2.010, kl=0.5364]
VAL  :  33%|█████████████▋                           | 2/6 [00:00<00:00,  6.52it/s, total=5.170, recon=2.032, kl=0.5012]
VAL  :  50%|████████████████████▌                    | 3/6 [00:00<00:00,  6.63it/s, total=5.170, recon=2.032, kl=0.5012]
VAL  :  50%|████████████████████▌                    | 3/6 [00:00<00:00,  6.63it/s, total=5.101, recon=1.969, kl=0.5436]
VAL  :  67%|███████████████████████████▎             | 4/6 [00:00<00:00,  6.65it/s, total=5.101, recon=1.969, kl=0.5436]
VAL  :  67%|███████████████████████████▎             | 4/6 [00:00<00:00,  6.65it/s, total=5.168, recon=2.029, kl=0.5872]
VAL  :  83%|██████████████████████████████████▏      | 5/6 [00:00<00:00,  6.82it/s, total=5.168, recon=2.029, kl=0.5872]
VAL  :  83%|██████████████████████████████████▏      | 5/6 [00:00<00:00,  6.82it/s, total=4.673, recon=1.810, kl=0.5507]
                                                                                                                        

TRAIN:   0%|                                                                                     | 0/20 [00:00<?, ?it/s]
TRAIN:   0%|                                                | 0/20 [00:00<?, ?it/s, total=4.759, recon=1.773, kl=0.6224]
TRAIN:   5%|██                                      | 1/20 [00:00<00:09,  1.94it/s, total=4.759, recon=1.773, kl=0.6224]
TRAIN:   5%|██                                      | 1/20 [00:01<00:09,  1.94it/s, total=4.940, recon=1.892, kl=0.5538]
TRAIN:  10%|████                                    | 2/20 [00:01<00:09,  1.89it/s, total=4.940, recon=1.892, kl=0.5538]
TRAIN:  10%|████                                    | 2/20 [00:01<00:09,  1.89it/s, total=5.077, recon=1.890, kl=0.6651]
TRAIN:  15%|██████                                  | 3/20 [00:01<00:09,  1.83it/s, total=5.077, recon=1.890, kl=0.6651]
TRAIN:  15%|██████                                  | 3/20 [00:02<00:09,  1.83it/s, total=4.625, recon=1.788, kl=0.5913]
TRAIN:  20%|████████                                | 4/20 [00:02<00:08,  1.79it/s, total=4.625, recon=1.788, kl=0.5913]
TRAIN:  20%|████████                                | 4/20 [00:02<00:08,  1.79it/s, total=4.739, recon=1.758, kl=0.5804]
TRAIN:  25%|██████████                              | 5/20 [00:02<00:08,  1.76it/s, total=4.739, recon=1.758, kl=0.5804]
TRAIN:  25%|██████████                              | 5/20 [00:03<00:08,  1.76it/s, total=4.714, recon=1.796, kl=0.6239]
TRAIN:  30%|████████████                            | 6/20 [00:03<00:08,  1.72it/s, total=4.714, recon=1.796, kl=0.6239]
TRAIN:  30%|████████████                            | 6/20 [00:04<00:08,  1.72it/s, total=4.700, recon=1.796, kl=0.6170]
TRAIN:  35%|██████████████                          | 7/20 [00:04<00:07,  1.70it/s, total=4.700, recon=1.796, kl=0.6170]
TRAIN:  35%|██████████████                          | 7/20 [00:04<00:07,  1.70it/s, total=4.659, recon=1.829, kl=0.5318]
TRAIN:  40%|████████████████                        | 8/20 [00:04<00:06,  1.72it/s, total=4.659, recon=1.829, kl=0.5318]
TRAIN:  40%|████████████████                        | 8/20 [00:05<00:06,  1.72it/s, total=4.886, recon=1.923, kl=0.6139]
TRAIN:  45%|██████████████████                      | 9/20 [00:05<00:06,  1.73it/s, total=4.886, recon=1.923, kl=0.6139]
TRAIN:  45%|██████████████████                      | 9/20 [00:05<00:06,  1.73it/s, total=5.063, recon=1.877, kl=0.6661]
TRAIN:  50%|███████████████████▌                   | 10/20 [00:05<00:05,  1.71it/s, total=5.063, recon=1.877, kl=0.6661]
TRAIN:  50%|███████████████████▌                   | 10/20 [00:06<00:05,  1.71it/s, total=4.589, recon=1.736, kl=0.6450]
TRAIN:  55%|█████████████████████▍                 | 11/20 [00:06<00:05,  1.69it/s, total=4.589, recon=1.736, kl=0.6450]
TRAIN:  55%|█████████████████████▍                 | 11/20 [00:07<00:05,  1.69it/s, total=4.711, recon=1.737, kl=0.6002]
TRAIN:  60%|███████████████████████▍               | 12/20 [00:07<00:04,  1.65it/s, total=4.711, recon=1.737, kl=0.6002]
TRAIN:  60%|███████████████████████▍               | 12/20 [00:07<00:04,  1.65it/s, total=5.004, recon=1.867, kl=0.6259]
TRAIN:  65%|█████████████████████████▎             | 13/20 [00:07<00:04,  1.63it/s, total=5.004, recon=1.867, kl=0.6259]
TRAIN:  65%|█████████████████████████▎             | 13/20 [00:08<00:04,  1.63it/s, total=4.616, recon=1.773, kl=0.5569]
TRAIN:  70%|███████████████████████████▎           | 14/20 [00:08<00:03,  1.67it/s, total=4.616, recon=1.773, kl=0.5569]
TRAIN:  70%|███████████████████████████▎           | 14/20 [00:08<00:03,  1.67it/s, total=4.794, recon=1.781, kl=0.5621]
TRAIN:  75%|█████████████████████████████▎         | 15/20 [00:08<00:02,  1.69it/s, total=4.794, recon=1.781, kl=0.5621]
TRAIN:  75%|█████████████████████████████▎         | 15/20 [00:09<00:02,  1.69it/s, total=4.722, recon=1.756, kl=0.5111]
TRAIN:  80%|███████████████████████████████▏       | 16/20 [00:09<00:02,  1.70it/s, total=4.722, recon=1.756, kl=0.5111]
TRAIN:  80%|███████████████████████████████▏       | 16/20 [00:09<00:02,  1.70it/s, total=4.979, recon=1.872, kl=0.5815]
TRAIN:  85%|█████████████████████████████████▏     | 17/20 [00:09<00:01,  1.74it/s, total=4.979, recon=1.872, kl=0.5815]
TRAIN:  85%|█████████████████████████████████▏     | 17/20 [00:10<00:01,  1.74it/s, total=5.019, recon=1.884, kl=0.5256]
TRAIN:  90%|███████████████████████████████████    | 18/20 [00:10<00:01,  1.75it/s, total=5.019, recon=1.884, kl=0.5256]
TRAIN:  90%|███████████████████████████████████    | 18/20 [00:11<00:01,  1.75it/s, total=4.442, recon=1.689, kl=0.5580]
TRAIN:  95%|█████████████████████████████████████  | 19/20 [00:11<00:00,  1.74it/s, total=4.442, recon=1.689, kl=0.5580]
TRAIN:  95%|█████████████████████████████████████  | 19/20 [00:11<00:00,  1.74it/s, total=4.473, recon=1.730, kl=0.5284]
TRAIN: 100%|███████████████████████████████████████| 20/20 [00:11<00:00,  1.96it/s, total=4.473, recon=1.730, kl=0.5284]
                                                                                                                        

VAL  :   0%|                                                                                      | 0/6 [00:00<?, ?it/s]
VAL  :   0%|                                                 | 0/6 [00:00<?, ?it/s, total=5.616, recon=2.192, kl=0.5937]
VAL  :  17%|██████▊                                  | 1/6 [00:00<00:00,  7.15it/s, total=5.616, recon=2.192, kl=0.5937]
VAL  :  17%|██████▊                                  | 1/6 [00:00<00:00,  7.15it/s, total=5.167, recon=1.967, kl=0.5211]
VAL  :  33%|█████████████▋                           | 2/6 [00:00<00:00,  6.90it/s, total=5.167, recon=1.967, kl=0.5211]
VAL  :  33%|█████████████▋                           | 2/6 [00:00<00:00,  6.90it/s, total=5.140, recon=1.993, kl=0.5138]
VAL  :  50%|████████████████████▌                    | 3/6 [00:00<00:00,  6.97it/s, total=5.140, recon=1.993, kl=0.5138]
VAL  :  50%|████████████████████▌                    | 3/6 [00:00<00:00,  6.97it/s, total=4.970, recon=1.944, kl=0.5568]
VAL  :  67%|███████████████████████████▎             | 4/6 [00:00<00:00,  6.89it/s, total=4.970, recon=1.944, kl=0.5568]
VAL  :  67%|███████████████████████████▎             | 4/6 [00:00<00:00,  6.89it/s, total=5.255, recon=1.995, kl=0.5444]
VAL  :  83%|██████████████████████████████████▏      | 5/6 [00:00<00:00,  7.00it/s, total=5.255, recon=1.995, kl=0.5444]
VAL  :  83%|██████████████████████████████████▏      | 5/6 [00:00<00:00,  7.00it/s, total=4.749, recon=1.754, kl=0.5753]
                                                                                                                        

TRAIN:   0%|                                                                                     | 0/20 [00:00<?, ?it/s]
TRAIN:   0%|                                                | 0/20 [00:00<?, ?it/s, total=4.560, recon=1.710, kl=0.5167]
TRAIN:   5%|██                                      | 1/20 [00:00<00:10,  1.76it/s, total=4.560, recon=1.710, kl=0.5167]
TRAIN:   5%|██                                      | 1/20 [00:01<00:10,  1.76it/s, total=4.739, recon=1.722, kl=0.5655]
TRAIN:  10%|████                                    | 2/20 [00:01<00:10,  1.68it/s, total=4.739, recon=1.722, kl=0.5655]
TRAIN:  10%|████                                    | 2/20 [00:01<00:10,  1.68it/s, total=4.892, recon=1.823, kl=0.5287]
TRAIN:  15%|██████                                  | 3/20 [00:01<00:09,  1.71it/s, total=4.892, recon=1.823, kl=0.5287]
TRAIN:  15%|██████                                  | 3/20 [00:02<00:09,  1.71it/s, total=4.728, recon=1.774, kl=0.5402]
TRAIN:  20%|████████                                | 4/20 [00:02<00:09,  1.73it/s, total=4.728, recon=1.774, kl=0.5402]
TRAIN:  20%|████████                                | 4/20 [00:02<00:09,  1.73it/s, total=4.393, recon=1.688, kl=0.6588]
TRAIN:  25%|██████████                              | 5/20 [00:02<00:08,  1.72it/s, total=4.393, recon=1.688, kl=0.6588]
TRAIN:  25%|██████████                              | 5/20 [00:03<00:08,  1.72it/s, total=4.798, recon=1.817, kl=0.5150]
TRAIN:  30%|████████████                            | 6/20 [00:03<00:08,  1.70it/s, total=4.798, recon=1.817, kl=0.5150]
TRAIN:  30%|████████████                            | 6/20 [00:04<00:08,  1.70it/s, total=4.702, recon=1.700, kl=0.4686]
TRAIN:  35%|██████████████                          | 7/20 [00:04<00:07,  1.72it/s, total=4.702, recon=1.700, kl=0.4686]
TRAIN:  35%|██████████████                          | 7/20 [00:04<00:07,  1.72it/s, total=4.761, recon=1.773, kl=0.5054]
TRAIN:  40%|████████████████                        | 8/20 [00:04<00:06,  1.74it/s, total=4.761, recon=1.773, kl=0.5054]
TRAIN:  40%|████████████████                        | 8/20 [00:05<00:06,  1.74it/s, total=4.780, recon=1.788, kl=0.5038]
TRAIN:  45%|██████████████████                      | 9/20 [00:05<00:06,  1.72it/s, total=4.780, recon=1.788, kl=0.5038]
TRAIN:  45%|██████████████████                      | 9/20 [00:05<00:06,  1.72it/s, total=4.707, recon=1.720, kl=0.4626]
TRAIN:  50%|███████████████████▌                   | 10/20 [00:05<00:05,  1.71it/s, total=4.707, recon=1.720, kl=0.4626]
TRAIN:  50%|███████████████████▌                   | 10/20 [00:06<00:05,  1.71it/s, total=4.774, recon=1.798, kl=0.4153]
TRAIN:  55%|█████████████████████▍                 | 11/20 [00:06<00:05,  1.72it/s, total=4.774, recon=1.798, kl=0.4153]
TRAIN:  55%|█████████████████████▍                 | 11/20 [00:06<00:05,  1.72it/s, total=4.519, recon=1.698, kl=0.3970]
TRAIN:  60%|███████████████████████▍               | 12/20 [00:06<00:04,  1.73it/s, total=4.519, recon=1.698, kl=0.3970]
TRAIN:  60%|███████████████████████▍               | 12/20 [00:07<00:04,  1.73it/s, total=4.545, recon=1.658, kl=0.4204]
TRAIN:  65%|█████████████████████████▎             | 13/20 [00:07<00:04,  1.73it/s, total=4.545, recon=1.658, kl=0.4204]
TRAIN:  65%|█████████████████████████▎             | 13/20 [00:08<00:04,  1.73it/s, total=4.799, recon=1.791, kl=0.4148]
TRAIN:  70%|███████████████████████████▎           | 14/20 [00:08<00:03,  1.73it/s, total=4.799, recon=1.791, kl=0.4148]
TRAIN:  70%|███████████████████████████▎           | 14/20 [00:08<00:03,  1.73it/s, total=4.344, recon=1.605, kl=0.4523]
TRAIN:  75%|█████████████████████████████▎         | 15/20 [00:08<00:02,  1.75it/s, total=4.344, recon=1.605, kl=0.4523]
TRAIN:  75%|█████████████████████████████▎         | 15/20 [00:09<00:02,  1.75it/s, total=4.570, recon=1.749, kl=0.4422]
TRAIN:  80%|███████████████████████████████▏       | 16/20 [00:09<00:02,  1.75it/s, total=4.570, recon=1.749, kl=0.4422]
TRAIN:  80%|███████████████████████████████▏       | 16/20 [00:09<00:02,  1.75it/s, total=4.851, recon=1.806, kl=0.4098]
TRAIN:  85%|█████████████████████████████████▏     | 17/20 [00:09<00:01,  1.75it/s, total=4.851, recon=1.806, kl=0.4098]
TRAIN:  85%|█████████████████████████████████▏     | 17/20 [00:10<00:01,  1.75it/s, total=4.327, recon=1.548, kl=0.4636]
TRAIN:  90%|███████████████████████████████████    | 18/20 [00:10<00:01,  1.78it/s, total=4.327, recon=1.548, kl=0.4636]
TRAIN:  90%|███████████████████████████████████    | 18/20 [00:11<00:01,  1.78it/s, total=4.776, recon=1.766, kl=0.4224]
TRAIN:  95%|█████████████████████████████████████  | 19/20 [00:11<00:00,  1.73it/s, total=4.776, recon=1.766, kl=0.4224]
TRAIN:  95%|█████████████████████████████████████  | 19/20 [00:11<00:00,  1.73it/s, total=4.460, recon=1.713, kl=0.4162]
TRAIN: 100%|███████████████████████████████████████| 20/20 [00:11<00:00,  1.95it/s, total=4.460, recon=1.713, kl=0.4162]
                                                                                                                        

VAL  :   0%|                                                                                      | 0/6 [00:00<?, ?it/s]
VAL  :   0%|                                                 | 0/6 [00:00<?, ?it/s, total=5.367, recon=2.145, kl=0.4662]
VAL  :  17%|██████▊                                  | 1/6 [00:00<00:00,  6.82it/s, total=5.367, recon=2.145, kl=0.4662]
VAL  :  17%|██████▊                                  | 1/6 [00:00<00:00,  6.82it/s, total=4.991, recon=1.912, kl=0.4122]
VAL  :  33%|█████████████▋                           | 2/6 [00:00<00:00,  6.56it/s, total=4.991, recon=1.912, kl=0.4122]
VAL  :  33%|█████████████▋                           | 2/6 [00:00<00:00,  6.56it/s, total=4.895, recon=1.936, kl=0.4141]
VAL  :  50%|████████████████████▌                    | 3/6 [00:00<00:00,  6.67it/s, total=4.895, recon=1.936, kl=0.4141]
VAL  :  50%|████████████████████▌                    | 3/6 [00:00<00:00,  6.67it/s, total=4.853, recon=1.877, kl=0.4228]
VAL  :  67%|███████████████████████████▎             | 4/6 [00:00<00:00,  6.66it/s, total=4.853, recon=1.877, kl=0.4228]
VAL  :  67%|███████████████████████████▎             | 4/6 [00:00<00:00,  6.66it/s, total=4.884, recon=1.943, kl=0.4589]
VAL  :  83%|██████████████████████████████████▏      | 5/6 [00:00<00:00,  6.81it/s, total=4.884, recon=1.943, kl=0.4589]
VAL  :  83%|██████████████████████████████████▏      | 5/6 [00:00<00:00,  6.81it/s, total=4.955, recon=1.724, kl=0.4606]
                                                                                                                        

TRAIN:   0%|                                                                                     | 0/20 [00:00<?, ?it/s]
TRAIN:   0%|                                                | 0/20 [00:00<?, ?it/s, total=4.465, recon=1.672, kl=0.4478]
TRAIN:   5%|██                                      | 1/20 [00:00<00:11,  1.71it/s, total=4.465, recon=1.672, kl=0.4478]
TRAIN:   5%|██                                      | 1/20 [00:01<00:11,  1.71it/s, total=4.720, recon=1.745, kl=0.4143]
TRAIN:  10%|████                                    | 2/20 [00:01<00:10,  1.71it/s, total=4.720, recon=1.745, kl=0.4143]
TRAIN:  10%|████                                    | 2/20 [00:01<00:10,  1.71it/s, total=4.664, recon=1.734, kl=0.4772]
TRAIN:  15%|██████                                  | 3/20 [00:01<00:09,  1.71it/s, total=4.664, recon=1.734, kl=0.4772]
TRAIN:  15%|██████                                  | 3/20 [00:02<00:09,  1.71it/s, total=4.746, recon=1.790, kl=0.4345]
TRAIN:  20%|████████                                | 4/20 [00:02<00:09,  1.73it/s, total=4.746, recon=1.790, kl=0.4345]
TRAIN:  20%|████████                                | 4/20 [00:02<00:09,  1.73it/s, total=4.252, recon=1.554, kl=0.4405]
TRAIN:  25%|██████████                              | 5/20 [00:02<00:08,  1.73it/s, total=4.252, recon=1.554, kl=0.4405]
TRAIN:  25%|██████████                              | 5/20 [00:03<00:08,  1.73it/s, total=4.691, recon=1.681, kl=0.4245]
TRAIN:  30%|████████████                            | 6/20 [00:03<00:08,  1.74it/s, total=4.691, recon=1.681, kl=0.4245]
TRAIN:  30%|████████████                            | 6/20 [00:04<00:08,  1.74it/s, total=4.358, recon=1.555, kl=0.4117]
TRAIN:  35%|██████████████                          | 7/20 [00:04<00:07,  1.73it/s, total=4.358, recon=1.555, kl=0.4117]
TRAIN:  35%|██████████████                          | 7/20 [00:04<00:07,  1.73it/s, total=4.573, recon=1.620, kl=0.4160]
TRAIN:  40%|████████████████                        | 8/20 [00:04<00:06,  1.72it/s, total=4.573, recon=1.620, kl=0.4160]
TRAIN:  40%|████████████████                        | 8/20 [00:05<00:06,  1.72it/s, total=4.718, recon=1.685, kl=0.4022]
TRAIN:  45%|██████████████████                      | 9/20 [00:05<00:06,  1.72it/s, total=4.718, recon=1.685, kl=0.4022]
TRAIN:  45%|██████████████████                      | 9/20 [00:05<00:06,  1.72it/s, total=4.224, recon=1.526, kl=0.3766]
TRAIN:  50%|███████████████████▌                   | 10/20 [00:05<00:05,  1.75it/s, total=4.224, recon=1.526, kl=0.3766]
TRAIN:  50%|███████████████████▌                   | 10/20 [00:06<00:05,  1.75it/s, total=4.503, recon=1.654, kl=0.4210]
TRAIN:  55%|█████████████████████▍                 | 11/20 [00:06<00:05,  1.75it/s, total=4.503, recon=1.654, kl=0.4210]
TRAIN:  55%|█████████████████████▍                 | 11/20 [00:06<00:05,  1.75it/s, total=4.485, recon=1.727, kl=0.3983]
TRAIN:  60%|███████████████████████▍               | 12/20 [00:06<00:04,  1.72it/s, total=4.485, recon=1.727, kl=0.3983]
TRAIN:  60%|███████████████████████▍               | 12/20 [00:07<00:04,  1.72it/s, total=4.315, recon=1.589, kl=0.3796]
TRAIN:  65%|█████████████████████████▎             | 13/20 [00:07<00:04,  1.70it/s, total=4.315, recon=1.589, kl=0.3796]
TRAIN:  65%|█████████████████████████▎             | 13/20 [00:08<00:04,  1.70it/s, total=4.493, recon=1.607, kl=0.4121]
TRAIN:  70%|███████████████████████████▎           | 14/20 [00:08<00:03,  1.70it/s, total=4.493, recon=1.607, kl=0.4121]
TRAIN:  70%|███████████████████████████▎           | 14/20 [00:08<00:03,  1.70it/s, total=4.372, recon=1.670, kl=0.4178]
TRAIN:  75%|█████████████████████████████▎         | 15/20 [00:08<00:02,  1.72it/s, total=4.372, recon=1.670, kl=0.4178]
TRAIN:  75%|█████████████████████████████▎         | 15/20 [00:09<00:02,  1.72it/s, total=4.590, recon=1.672, kl=0.4052]
TRAIN:  80%|███████████████████████████████▏       | 16/20 [00:09<00:02,  1.70it/s, total=4.590, recon=1.672, kl=0.4052]
TRAIN:  80%|███████████████████████████████▏       | 16/20 [00:09<00:02,  1.70it/s, total=4.508, recon=1.607, kl=0.4162]
TRAIN:  85%|█████████████████████████████████▏     | 17/20 [00:09<00:01,  1.69it/s, total=4.508, recon=1.607, kl=0.4162]
TRAIN:  85%|█████████████████████████████████▏     | 17/20 [00:10<00:01,  1.69it/s, total=4.719, recon=1.737, kl=0.3995]
TRAIN:  90%|███████████████████████████████████    | 18/20 [00:10<00:01,  1.68it/s, total=4.719, recon=1.737, kl=0.3995]
TRAIN:  90%|███████████████████████████████████    | 18/20 [00:11<00:01,  1.68it/s, total=4.669, recon=1.696, kl=0.4003]
TRAIN:  95%|█████████████████████████████████████  | 19/20 [00:11<00:00,  1.68it/s, total=4.669, recon=1.696, kl=0.4003]
TRAIN:  95%|█████████████████████████████████████  | 19/20 [00:11<00:00,  1.68it/s, total=4.608, recon=1.699, kl=0.3819]
TRAIN: 100%|███████████████████████████████████████| 20/20 [00:11<00:00,  1.91it/s, total=4.608, recon=1.699, kl=0.3819]
                                                                                                                        

VAL  :   0%|                                                                                      | 0/6 [00:00<?, ?it/s]
VAL  :   0%|                                                 | 0/6 [00:00<?, ?it/s, total=5.358, recon=2.103, kl=0.3948]
VAL  :  17%|██████▊                                  | 1/6 [00:00<00:00,  6.71it/s, total=5.358, recon=2.103, kl=0.3948]
VAL  :  17%|██████▊                                  | 1/6 [00:00<00:00,  6.71it/s, total=4.938, recon=1.855, kl=0.3492]
VAL  :  33%|█████████████▋                           | 2/6 [00:00<00:00,  6.49it/s, total=4.938, recon=1.855, kl=0.3492]
VAL  :  33%|█████████████▋                           | 2/6 [00:00<00:00,  6.49it/s, total=4.912, recon=1.889, kl=0.3420]
VAL  :  50%|████████████████████▌                    | 3/6 [00:00<00:00,  6.60it/s, total=4.912, recon=1.889, kl=0.3420]
VAL  :  50%|████████████████████▌                    | 3/6 [00:00<00:00,  6.60it/s, total=4.817, recon=1.840, kl=0.3776]
VAL  :  67%|███████████████████████████▎             | 4/6 [00:00<00:00,  6.69it/s, total=4.817, recon=1.840, kl=0.3776]
VAL  :  67%|███████████████████████████▎             | 4/6 [00:00<00:00,  6.69it/s, total=4.929, recon=1.915, kl=0.3682]
VAL  :  83%|██████████████████████████████████▏      | 5/6 [00:00<00:00,  6.80it/s, total=4.929, recon=1.915, kl=0.3682]
VAL  :  83%|██████████████████████████████████▏      | 5/6 [00:00<00:00,  6.80it/s, total=4.485, recon=1.672, kl=0.3453]
                                                                                                                        

TRAIN:   0%|                                                                                     | 0/20 [00:00<?, ?it/s]
TRAIN:   0%|                                                | 0/20 [00:00<?, ?it/s, total=4.191, recon=1.510, kl=0.3863]
TRAIN:   5%|██                                      | 1/20 [00:00<00:10,  1.81it/s, total=4.191, recon=1.510, kl=0.3863]
TRAIN:   5%|██                                      | 1/20 [00:01<00:10,  1.81it/s, total=4.047, recon=1.511, kl=0.3709]
TRAIN:  10%|████                                    | 2/20 [00:01<00:09,  1.81it/s, total=4.047, recon=1.511, kl=0.3709]
TRAIN:  10%|████                                    | 2/20 [00:01<00:09,  1.81it/s, total=4.615, recon=1.741, kl=0.3412]
TRAIN:  15%|██████                                  | 3/20 [00:01<00:09,  1.79it/s, total=4.615, recon=1.741, kl=0.3412]
TRAIN:  15%|██████                                  | 3/20 [00:02<00:09,  1.79it/s, total=4.099, recon=1.506, kl=0.3714]
TRAIN:  20%|████████                                | 4/20 [00:02<00:09,  1.76it/s, total=4.099, recon=1.506, kl=0.3714]
TRAIN:  20%|████████                                | 4/20 [00:02<00:09,  1.76it/s, total=4.489, recon=1.553, kl=0.3664]
TRAIN:  25%|██████████                              | 5/20 [00:02<00:08,  1.73it/s, total=4.489, recon=1.553, kl=0.3664]
TRAIN:  25%|██████████                              | 5/20 [00:03<00:08,  1.73it/s, total=4.368, recon=1.655, kl=0.3480]
TRAIN:  30%|████████████                            | 6/20 [00:03<00:08,  1.71it/s, total=4.368, recon=1.655, kl=0.3480]
TRAIN:  30%|████████████                            | 6/20 [00:04<00:08,  1.71it/s, total=4.623, recon=1.679, kl=0.3840]
TRAIN:  35%|██████████████                          | 7/20 [00:04<00:07,  1.72it/s, total=4.623, recon=1.679, kl=0.3840]
TRAIN:  35%|██████████████                          | 7/20 [00:04<00:07,  1.72it/s, total=4.441, recon=1.605, kl=0.3651]
TRAIN:  40%|████████████████                        | 8/20 [00:04<00:07,  1.69it/s, total=4.441, recon=1.605, kl=0.3651]
TRAIN:  40%|████████████████                        | 8/20 [00:05<00:07,  1.69it/s, total=4.536, recon=1.617, kl=0.3329]
TRAIN:  45%|██████████████████                      | 9/20 [00:05<00:06,  1.66it/s, total=4.536, recon=1.617, kl=0.3329]
TRAIN:  45%|██████████████████                      | 9/20 [00:05<00:06,  1.66it/s, total=4.655, recon=1.747, kl=0.3100]
TRAIN:  50%|███████████████████▌                   | 10/20 [00:05<00:06,  1.65it/s, total=4.655, recon=1.747, kl=0.3100]
TRAIN:  50%|███████████████████▌                   | 10/20 [00:06<00:06,  1.65it/s, total=4.321, recon=1.578, kl=0.3386]
TRAIN:  55%|█████████████████████▍                 | 11/20 [00:06<00:05,  1.63it/s, total=4.321, recon=1.578, kl=0.3386]
TRAIN:  55%|█████████████████████▍                 | 11/20 [00:07<00:05,  1.63it/s, total=4.144, recon=1.481, kl=0.3194]
TRAIN:  60%|███████████████████████▍               | 12/20 [00:07<00:04,  1.65it/s, total=4.144, recon=1.481, kl=0.3194]
TRAIN:  60%|███████████████████████▍               | 12/20 [00:07<00:04,  1.65it/s, total=4.406, recon=1.599, kl=0.3430]
TRAIN:  65%|█████████████████████████▎             | 13/20 [00:07<00:04,  1.68it/s, total=4.406, recon=1.599, kl=0.3430]
TRAIN:  65%|█████████████████████████▎             | 13/20 [00:08<00:04,  1.68it/s, total=4.296, recon=1.512, kl=0.3422]
TRAIN:  70%|███████████████████████████▎           | 14/20 [00:08<00:03,  1.69it/s, total=4.296, recon=1.512, kl=0.3422]
TRAIN:  70%|███████████████████████████▎           | 14/20 [00:08<00:03,  1.69it/s, total=4.376, recon=1.599, kl=0.3414]
TRAIN:  75%|█████████████████████████████▎         | 15/20 [00:08<00:02,  1.69it/s, total=4.376, recon=1.599, kl=0.3414]
TRAIN:  75%|█████████████████████████████▎         | 15/20 [00:09<00:02,  1.69it/s, total=4.634, recon=1.637, kl=0.3293]
TRAIN:  80%|███████████████████████████████▏       | 16/20 [00:09<00:02,  1.72it/s, total=4.634, recon=1.637, kl=0.3293]
TRAIN:  80%|███████████████████████████████▏       | 16/20 [00:10<00:02,  1.72it/s, total=4.331, recon=1.533, kl=0.3285]
TRAIN:  85%|█████████████████████████████████▏     | 17/20 [00:10<00:01,  1.72it/s, total=4.331, recon=1.533, kl=0.3285]
TRAIN:  85%|█████████████████████████████████▏     | 17/20 [00:10<00:01,  1.72it/s, total=4.562, recon=1.666, kl=0.3289]
TRAIN:  90%|███████████████████████████████████    | 18/20 [00:10<00:01,  1.69it/s, total=4.562, recon=1.666, kl=0.3289]
TRAIN:  90%|███████████████████████████████████    | 18/20 [00:11<00:01,  1.69it/s, total=4.328, recon=1.555, kl=0.3300]
TRAIN:  95%|█████████████████████████████████████  | 19/20 [00:11<00:00,  1.69it/s, total=4.328, recon=1.555, kl=0.3300]
TRAIN:  95%|█████████████████████████████████████  | 19/20 [00:11<00:00,  1.69it/s, total=4.059, recon=1.523, kl=0.3682]
TRAIN: 100%|███████████████████████████████████████| 20/20 [00:11<00:00,  1.92it/s, total=4.059, recon=1.523, kl=0.3682]
                                                                                                                        

VAL  :   0%|                                                                                      | 0/6 [00:00<?, ?it/s]
VAL  :   0%|                                                 | 0/6 [00:00<?, ?it/s, total=5.447, recon=2.088, kl=0.3324]
VAL  :  17%|██████▊                                  | 1/6 [00:00<00:00,  6.83it/s, total=5.447, recon=2.088, kl=0.3324]
VAL  :  17%|██████▊                                  | 1/6 [00:00<00:00,  6.83it/s, total=4.886, recon=1.844, kl=0.3195]
VAL  :  33%|█████████████▋                           | 2/6 [00:00<00:00,  6.66it/s, total=4.886, recon=1.844, kl=0.3195]
VAL  :  33%|█████████████▋                           | 2/6 [00:00<00:00,  6.66it/s, total=4.733, recon=1.865, kl=0.3168]
VAL  :  50%|████████████████████▌                    | 3/6 [00:00<00:00,  6.79it/s, total=4.733, recon=1.865, kl=0.3168]
VAL  :  50%|████████████████████▌                    | 3/6 [00:00<00:00,  6.79it/s, total=4.766, recon=1.820, kl=0.3170]
VAL  :  67%|███████████████████████████▎             | 4/6 [00:00<00:00,  6.77it/s, total=4.766, recon=1.820, kl=0.3170]
VAL  :  67%|███████████████████████████▎             | 4/6 [00:00<00:00,  6.77it/s, total=4.740, recon=1.878, kl=0.3228]
VAL  :  83%|██████████████████████████████████▏      | 5/6 [00:00<00:00,  6.91it/s, total=4.740, recon=1.878, kl=0.3228]
VAL  :  83%|██████████████████████████████████▏      | 5/6 [00:00<00:00,  6.91it/s, total=4.456, recon=1.637, kl=0.3257]
                                                                                                                        

TRAIN:   0%|                                                                                     | 0/20 [00:00<?, ?it/s]
TRAIN:   0%|                                                | 0/20 [00:00<?, ?it/s, total=4.455, recon=1.617, kl=0.3570]
TRAIN:   5%|██                                      | 1/20 [00:00<00:11,  1.70it/s, total=4.455, recon=1.617, kl=0.3570]
TRAIN:   5%|██                                      | 1/20 [00:01<00:11,  1.70it/s, total=4.378, recon=1.542, kl=0.3550]
TRAIN:  10%|████                                    | 2/20 [00:01<00:10,  1.65it/s, total=4.378, recon=1.542, kl=0.3550]
TRAIN:  10%|████                                    | 2/20 [00:01<00:10,  1.65it/s, total=4.003, recon=1.412, kl=0.3483]
TRAIN:  15%|██████                                  | 3/20 [00:01<00:10,  1.59it/s, total=4.003, recon=1.412, kl=0.3483]
TRAIN:  15%|██████                                  | 3/20 [00:02<00:10,  1.59it/s, total=4.361, recon=1.579, kl=0.3162]
TRAIN:  20%|████████                                | 4/20 [00:02<00:09,  1.61it/s, total=4.361, recon=1.579, kl=0.3162]
TRAIN:  20%|████████                                | 4/20 [00:03<00:09,  1.61it/s, total=4.282, recon=1.543, kl=0.3376]
TRAIN:  25%|██████████                              | 5/20 [00:03<00:09,  1.63it/s, total=4.282, recon=1.543, kl=0.3376]
TRAIN:  25%|██████████                              | 5/20 [00:03<00:09,  1.63it/s, total=4.258, recon=1.511, kl=0.3342]
TRAIN:  30%|████████████                            | 6/20 [00:03<00:08,  1.66it/s, total=4.258, recon=1.511, kl=0.3342]
TRAIN:  30%|████████████                            | 6/20 [00:04<00:08,  1.66it/s, total=4.456, recon=1.574, kl=0.3074]
TRAIN:  35%|██████████████                          | 7/20 [00:04<00:07,  1.68it/s, total=4.456, recon=1.574, kl=0.3074]
TRAIN:  35%|██████████████                          | 7/20 [00:04<00:07,  1.68it/s, total=4.270, recon=1.542, kl=0.3274]
TRAIN:  40%|████████████████                        | 8/20 [00:04<00:07,  1.70it/s, total=4.270, recon=1.542, kl=0.3274]
TRAIN:  40%|████████████████                        | 8/20 [00:05<00:07,  1.70it/s, total=4.563, recon=1.666, kl=0.3222]
TRAIN:  45%|██████████████████                      | 9/20 [00:05<00:06,  1.72it/s, total=4.563, recon=1.666, kl=0.3222]
TRAIN:  45%|██████████████████                      | 9/20 [00:06<00:06,  1.72it/s, total=4.354, recon=1.628, kl=0.3046]
TRAIN:  50%|███████████████████▌                   | 10/20 [00:06<00:05,  1.71it/s, total=4.354, recon=1.628, kl=0.3046]
TRAIN:  50%|███████████████████▌                   | 10/20 [00:06<00:05,  1.71it/s, total=4.215, recon=1.430, kl=0.3320]
TRAIN:  55%|█████████████████████▍                 | 11/20 [00:06<00:05,  1.70it/s, total=4.215, recon=1.430, kl=0.3320]
TRAIN:  55%|█████████████████████▍                 | 11/20 [00:07<00:05,  1.70it/s, total=4.445, recon=1.646, kl=0.3020]
TRAIN:  60%|███████████████████████▍               | 12/20 [00:07<00:04,  1.69it/s, total=4.445, recon=1.646, kl=0.3020]
TRAIN:  60%|███████████████████████▍               | 12/20 [00:07<00:04,  1.69it/s, total=4.034, recon=1.435, kl=0.3044]
TRAIN:  65%|█████████████████████████▎             | 13/20 [00:07<00:04,  1.69it/s, total=4.034, recon=1.435, kl=0.3044]
TRAIN:  65%|█████████████████████████▎             | 13/20 [00:08<00:04,  1.69it/s, total=4.252, recon=1.532, kl=0.2915]
TRAIN:  70%|███████████████████████████▎           | 14/20 [00:08<00:03,  1.67it/s, total=4.252, recon=1.532, kl=0.2915]
TRAIN:  70%|███████████████████████████▎           | 14/20 [00:08<00:03,  1.67it/s, total=3.985, recon=1.395, kl=0.3061]
TRAIN:  75%|█████████████████████████████▎         | 15/20 [00:08<00:02,  1.69it/s, total=3.985, recon=1.395, kl=0.3061]
TRAIN:  75%|█████████████████████████████▎         | 15/20 [00:09<00:02,  1.69it/s, total=4.051, recon=1.436, kl=0.2851]
TRAIN:  80%|███████████████████████████████▏       | 16/20 [00:09<00:02,  1.70it/s, total=4.051, recon=1.436, kl=0.2851]
TRAIN:  80%|███████████████████████████████▏       | 16/20 [00:10<00:02,  1.70it/s, total=4.430, recon=1.535, kl=0.3078]
TRAIN:  85%|█████████████████████████████████▏     | 17/20 [00:10<00:01,  1.73it/s, total=4.430, recon=1.535, kl=0.3078]
TRAIN:  85%|█████████████████████████████████▏     | 17/20 [00:10<00:01,  1.73it/s, total=4.317, recon=1.541, kl=0.3218]
TRAIN:  90%|███████████████████████████████████    | 18/20 [00:10<00:01,  1.71it/s, total=4.317, recon=1.541, kl=0.3218]
TRAIN:  90%|███████████████████████████████████    | 18/20 [00:11<00:01,  1.71it/s, total=4.235, recon=1.516, kl=0.3147]
TRAIN:  95%|█████████████████████████████████████  | 19/20 [00:11<00:00,  1.70it/s, total=4.235, recon=1.516, kl=0.3147]
TRAIN:  95%|█████████████████████████████████████  | 19/20 [00:11<00:00,  1.70it/s, total=3.936, recon=1.390, kl=0.2672]
TRAIN: 100%|███████████████████████████████████████| 20/20 [00:11<00:00,  1.97it/s, total=3.936, recon=1.390, kl=0.2672]
                                                                                                                        

VAL  :   0%|                                                                                      | 0/6 [00:00<?, ?it/s]
VAL  :   0%|                                                 | 0/6 [00:00<?, ?it/s, total=5.359, recon=2.078, kl=0.3111]
VAL  :  17%|██████▊                                  | 1/6 [00:00<00:00,  6.25it/s, total=5.359, recon=2.078, kl=0.3111]
VAL  :  17%|██████▊                                  | 1/6 [00:00<00:00,  6.25it/s, total=4.702, recon=1.823, kl=0.3084]
VAL  :  33%|█████████████▋                           | 2/6 [00:00<00:00,  6.23it/s, total=4.702, recon=1.823, kl=0.3084]
VAL  :  33%|█████████████▋                           | 2/6 [00:00<00:00,  6.23it/s, total=4.705, recon=1.853, kl=0.3009]
VAL  :  50%|████████████████████▌                    | 3/6 [00:00<00:00,  6.42it/s, total=4.705, recon=1.853, kl=0.3009]
VAL  :  50%|████████████████████▌                    | 3/6 [00:00<00:00,  6.42it/s, total=4.741, recon=1.777, kl=0.3087]
VAL  :  67%|███████████████████████████▎             | 4/6 [00:00<00:00,  6.57it/s, total=4.741, recon=1.777, kl=0.3087]
VAL  :  67%|███████████████████████████▎             | 4/6 [00:00<00:00,  6.57it/s, total=4.607, recon=1.871, kl=0.3138]
VAL  :  83%|██████████████████████████████████▏      | 5/6 [00:00<00:00,  6.73it/s, total=4.607, recon=1.871, kl=0.3138]
VAL  :  83%|██████████████████████████████████▏      | 5/6 [00:00<00:00,  6.73it/s, total=4.569, recon=1.635, kl=0.3058]
                                                                                                                        

TRAIN:   0%|                                                                                     | 0/20 [00:00<?, ?it/s]
TRAIN:   0%|                                                | 0/20 [00:00<?, ?it/s, total=4.057, recon=1.431, kl=0.3247]
TRAIN:   5%|██                                      | 1/20 [00:00<00:10,  1.81it/s, total=4.057, recon=1.431, kl=0.3247]
TRAIN:   5%|██                                      | 1/20 [00:01<00:10,  1.81it/s, total=4.261, recon=1.540, kl=0.3063]
TRAIN:  10%|████                                    | 2/20 [00:01<00:10,  1.77it/s, total=4.261, recon=1.540, kl=0.3063]
TRAIN:  10%|████                                    | 2/20 [00:01<00:10,  1.77it/s, total=4.079, recon=1.507, kl=0.3017]
TRAIN:  15%|██████                                  | 3/20 [00:01<00:09,  1.75it/s, total=4.079, recon=1.507, kl=0.3017]
TRAIN:  15%|██████                                  | 3/20 [00:02<00:09,  1.75it/s, total=4.009, recon=1.427, kl=0.2948]
TRAIN:  20%|████████                                | 4/20 [00:02<00:09,  1.75it/s, total=4.009, recon=1.427, kl=0.2948]
TRAIN:  20%|████████                                | 4/20 [00:02<00:09,  1.75it/s, total=4.241, recon=1.535, kl=0.2720]
TRAIN:  25%|██████████                              | 5/20 [00:02<00:08,  1.74it/s, total=4.241, recon=1.535, kl=0.2720]
TRAIN:  25%|██████████                              | 5/20 [00:03<00:08,  1.74it/s, total=3.999, recon=1.482, kl=0.2855]
TRAIN:  30%|████████████                            | 6/20 [00:03<00:07,  1.76it/s, total=3.999, recon=1.482, kl=0.2855]
TRAIN:  30%|████████████                            | 6/20 [00:04<00:07,  1.76it/s, total=4.224, recon=1.470, kl=0.2853]
TRAIN:  35%|██████████████                          | 7/20 [00:04<00:07,  1.72it/s, total=4.224, recon=1.470, kl=0.2853]
TRAIN:  35%|██████████████                          | 7/20 [00:04<00:07,  1.72it/s, total=4.077, recon=1.412, kl=0.2923]
TRAIN:  40%|████████████████                        | 8/20 [00:04<00:06,  1.74it/s, total=4.077, recon=1.412, kl=0.2923]
TRAIN:  40%|████████████████                        | 8/20 [00:05<00:06,  1.74it/s, total=4.063, recon=1.430, kl=0.2872]
TRAIN:  45%|██████████████████                      | 9/20 [00:05<00:06,  1.73it/s, total=4.063, recon=1.430, kl=0.2872]
TRAIN:  45%|██████████████████                      | 9/20 [00:05<00:06,  1.73it/s, total=4.035, recon=1.459, kl=0.2862]
TRAIN:  50%|███████████████████▌                   | 10/20 [00:05<00:05,  1.72it/s, total=4.035, recon=1.459, kl=0.2862]
TRAIN:  50%|███████████████████▌                   | 10/20 [00:06<00:05,  1.72it/s, total=4.092, recon=1.456, kl=0.2714]
TRAIN:  55%|█████████████████████▍                 | 11/20 [00:06<00:05,  1.74it/s, total=4.092, recon=1.456, kl=0.2714]
TRAIN:  55%|█████████████████████▍                 | 11/20 [00:06<00:05,  1.74it/s, total=4.200, recon=1.469, kl=0.2877]
TRAIN:  60%|███████████████████████▍               | 12/20 [00:06<00:04,  1.73it/s, total=4.200, recon=1.469, kl=0.2877]
TRAIN:  60%|███████████████████████▍               | 12/20 [00:07<00:04,  1.73it/s, total=4.249, recon=1.548, kl=0.2771]
TRAIN:  65%|█████████████████████████▎             | 13/20 [00:07<00:04,  1.69it/s, total=4.249, recon=1.548, kl=0.2771]
TRAIN:  65%|█████████████████████████▎             | 13/20 [00:08<00:04,  1.69it/s, total=4.229, recon=1.489, kl=0.2925]
TRAIN:  70%|███████████████████████████▎           | 14/20 [00:08<00:03,  1.67it/s, total=4.229, recon=1.489, kl=0.2925]
TRAIN:  70%|███████████████████████████▎           | 14/20 [00:08<00:03,  1.67it/s, total=3.998, recon=1.462, kl=0.2904]
TRAIN:  75%|█████████████████████████████▎         | 15/20 [00:08<00:03,  1.66it/s, total=3.998, recon=1.462, kl=0.2904]
TRAIN:  75%|█████████████████████████████▎         | 15/20 [00:09<00:03,  1.66it/s, total=4.342, recon=1.531, kl=0.2730]
TRAIN:  80%|███████████████████████████████▏       | 16/20 [00:09<00:02,  1.66it/s, total=4.342, recon=1.531, kl=0.2730]
TRAIN:  80%|███████████████████████████████▏       | 16/20 [00:09<00:02,  1.66it/s, total=4.141, recon=1.417, kl=0.2764]
TRAIN:  85%|█████████████████████████████████▏     | 17/20 [00:09<00:01,  1.66it/s, total=4.141, recon=1.417, kl=0.2764]
TRAIN:  85%|█████████████████████████████████▏     | 17/20 [00:10<00:01,  1.66it/s, total=4.206, recon=1.462, kl=0.2750]
TRAIN:  90%|███████████████████████████████████    | 18/20 [00:10<00:01,  1.70it/s, total=4.206, recon=1.462, kl=0.2750]
TRAIN:  90%|███████████████████████████████████    | 18/20 [00:11<00:01,  1.70it/s, total=4.425, recon=1.550, kl=0.2967]
TRAIN:  95%|█████████████████████████████████████  | 19/20 [00:11<00:00,  1.70it/s, total=4.425, recon=1.550, kl=0.2967]
TRAIN:  95%|█████████████████████████████████████  | 19/20 [00:11<00:00,  1.70it/s, total=4.195, recon=1.446, kl=0.2787]
TRAIN: 100%|███████████████████████████████████████| 20/20 [00:11<00:00,  1.84it/s, total=4.195, recon=1.446, kl=0.2787]
                                                                                                                        

VAL  :   0%|                                                                                      | 0/6 [00:00<?, ?it/s]
VAL  :   0%|                                                 | 0/6 [00:00<?, ?it/s, total=5.101, recon=2.011, kl=0.2738]
VAL  :  17%|██████▊                                  | 1/6 [00:00<00:00,  6.17it/s, total=5.101, recon=2.011, kl=0.2738]
VAL  :  17%|██████▊                                  | 1/6 [00:00<00:00,  6.17it/s, total=4.718, recon=1.788, kl=0.2622]
VAL  :  33%|█████████████▋                           | 2/6 [00:00<00:00,  6.05it/s, total=4.718, recon=1.788, kl=0.2622]
VAL  :  33%|█████████████▋                           | 2/6 [00:00<00:00,  6.05it/s, total=4.593, recon=1.825, kl=0.2626]
VAL  :  50%|████████████████████▌                    | 3/6 [00:00<00:00,  6.16it/s, total=4.593, recon=1.825, kl=0.2626]
VAL  :  50%|████████████████████▌                    | 3/6 [00:00<00:00,  6.16it/s, total=4.679, recon=1.752, kl=0.2724]
VAL  :  67%|███████████████████████████▎             | 4/6 [00:00<00:00,  6.14it/s, total=4.679, recon=1.752, kl=0.2724]
VAL  :  67%|███████████████████████████▎             | 4/6 [00:00<00:00,  6.14it/s, total=4.591, recon=1.832, kl=0.2728]
VAL  :  83%|██████████████████████████████████▏      | 5/6 [00:00<00:00,  6.25it/s, total=4.591, recon=1.832, kl=0.2728]
VAL  :  83%|██████████████████████████████████▏      | 5/6 [00:00<00:00,  6.25it/s, total=4.619, recon=1.614, kl=0.2760]
                                                                                                                        

TRAIN:   0%|                                                                                     | 0/20 [00:00<?, ?it/s]
TRAIN:   0%|                                                | 0/20 [00:00<?, ?it/s, total=3.964, recon=1.376, kl=0.2822]
TRAIN:   5%|██                                      | 1/20 [00:00<00:11,  1.68it/s, total=3.964, recon=1.376, kl=0.2822]
TRAIN:   5%|██                                      | 1/20 [00:01<00:11,  1.68it/s, total=4.089, recon=1.394, kl=0.2776]
TRAIN:  10%|████                                    | 2/20 [00:01<00:11,  1.63it/s, total=4.089, recon=1.394, kl=0.2776]
TRAIN:  10%|████                                    | 2/20 [00:01<00:11,  1.63it/s, total=4.562, recon=1.608, kl=0.2938]
TRAIN:  15%|██████                                  | 3/20 [00:01<00:10,  1.62it/s, total=4.562, recon=1.608, kl=0.2938]
TRAIN:  15%|██████                                  | 3/20 [00:02<00:10,  1.62it/s, total=4.296, recon=1.518, kl=0.2939]
TRAIN:  20%|████████                                | 4/20 [00:02<00:09,  1.63it/s, total=4.296, recon=1.518, kl=0.2939]
TRAIN:  20%|████████                                | 4/20 [00:03<00:09,  1.63it/s, total=4.077, recon=1.464, kl=0.2963]
TRAIN:  25%|██████████                              | 5/20 [00:03<00:09,  1.64it/s, total=4.077, recon=1.464, kl=0.2963]
TRAIN:  25%|██████████                              | 5/20 [00:03<00:09,  1.64it/s, total=4.082, recon=1.434, kl=0.2797]
TRAIN:  30%|████████████                            | 6/20 [00:03<00:08,  1.66it/s, total=4.082, recon=1.434, kl=0.2797]
TRAIN:  30%|████████████                            | 6/20 [00:04<00:08,  1.66it/s, total=4.101, recon=1.490, kl=0.2876]
TRAIN:  35%|██████████████                          | 7/20 [00:04<00:07,  1.70it/s, total=4.101, recon=1.490, kl=0.2876]
TRAIN:  35%|██████████████                          | 7/20 [00:04<00:07,  1.70it/s, total=3.946, recon=1.414, kl=0.2791]
TRAIN:  40%|████████████████                        | 8/20 [00:04<00:07,  1.70it/s, total=3.946, recon=1.414, kl=0.2791]
TRAIN:  40%|████████████████                        | 8/20 [00:05<00:07,  1.70it/s, total=3.997, recon=1.372, kl=0.2827]
TRAIN:  45%|██████████████████                      | 9/20 [00:05<00:06,  1.70it/s, total=3.997, recon=1.372, kl=0.2827]
TRAIN:  45%|██████████████████                      | 9/20 [00:06<00:06,  1.70it/s, total=4.439, recon=1.535, kl=0.2631]
TRAIN:  50%|███████████████████▌                   | 10/20 [00:06<00:05,  1.69it/s, total=4.439, recon=1.535, kl=0.2631]
TRAIN:  50%|███████████████████▌                   | 10/20 [00:06<00:05,  1.69it/s, total=4.049, recon=1.397, kl=0.2650]
TRAIN:  55%|█████████████████████▍                 | 11/20 [00:06<00:05,  1.68it/s, total=4.049, recon=1.397, kl=0.2650]
TRAIN:  55%|█████████████████████▍                 | 11/20 [00:07<00:05,  1.68it/s, total=3.913, recon=1.378, kl=0.2641]
TRAIN:  60%|███████████████████████▍               | 12/20 [00:07<00:04,  1.69it/s, total=3.913, recon=1.378, kl=0.2641]
TRAIN:  60%|███████████████████████▍               | 12/20 [00:07<00:04,  1.69it/s, total=3.927, recon=1.418, kl=0.2532]
TRAIN:  65%|█████████████████████████▎             | 13/20 [00:07<00:04,  1.70it/s, total=3.927, recon=1.418, kl=0.2532]
TRAIN:  65%|█████████████████████████▎             | 13/20 [00:08<00:04,  1.70it/s, total=3.789, recon=1.290, kl=0.2574]
TRAIN:  70%|███████████████████████████▎           | 14/20 [00:08<00:03,  1.69it/s, total=3.789, recon=1.290, kl=0.2574]
TRAIN:  70%|███████████████████████████▎           | 14/20 [00:08<00:03,  1.69it/s, total=4.163, recon=1.434, kl=0.2468]
TRAIN:  75%|█████████████████████████████▎         | 15/20 [00:08<00:02,  1.68it/s, total=4.163, recon=1.434, kl=0.2468]
TRAIN:  75%|█████████████████████████████▎         | 15/20 [00:09<00:02,  1.68it/s, total=3.676, recon=1.329, kl=0.2369]
TRAIN:  80%|███████████████████████████████▏       | 16/20 [00:09<00:02,  1.68it/s, total=3.676, recon=1.329, kl=0.2369]
TRAIN:  80%|███████████████████████████████▏       | 16/20 [00:10<00:02,  1.68it/s, total=4.070, recon=1.419, kl=0.2590]
TRAIN:  85%|█████████████████████████████████▏     | 17/20 [00:10<00:01,  1.63it/s, total=4.070, recon=1.419, kl=0.2590]
TRAIN:  85%|█████████████████████████████████▏     | 17/20 [00:10<00:01,  1.63it/s, total=4.066, recon=1.404, kl=0.2396]
TRAIN:  90%|███████████████████████████████████    | 18/20 [00:10<00:01,  1.64it/s, total=4.066, recon=1.404, kl=0.2396]
TRAIN:  90%|███████████████████████████████████    | 18/20 [00:11<00:01,  1.64it/s, total=4.347, recon=1.497, kl=0.2496]
TRAIN:  95%|█████████████████████████████████████  | 19/20 [00:11<00:00,  1.67it/s, total=4.347, recon=1.497, kl=0.2496]
TRAIN:  95%|█████████████████████████████████████  | 19/20 [00:11<00:00,  1.67it/s, total=3.711, recon=1.269, kl=0.2490]
TRAIN: 100%|███████████████████████████████████████| 20/20 [00:11<00:00,  1.92it/s, total=3.711, recon=1.269, kl=0.2490]
                                                                                                                        

VAL  :   0%|                                                                                      | 0/6 [00:00<?, ?it/s]
VAL  :   0%|                                                 | 0/6 [00:00<?, ?it/s, total=5.218, recon=2.032, kl=0.2481]
VAL  :  17%|██████▊                                  | 1/6 [00:00<00:00,  6.46it/s, total=5.218, recon=2.032, kl=0.2481]
VAL  :  17%|██████▊                                  | 1/6 [00:00<00:00,  6.46it/s, total=4.666, recon=1.772, kl=0.2282]
VAL  :  33%|█████████████▋                           | 2/6 [00:00<00:00,  6.27it/s, total=4.666, recon=1.772, kl=0.2282]
VAL  :  33%|█████████████▋                           | 2/6 [00:00<00:00,  6.27it/s, total=4.625, recon=1.785, kl=0.2366]
VAL  :  50%|████████████████████▌                    | 3/6 [00:00<00:00,  6.33it/s, total=4.625, recon=1.785, kl=0.2366]
VAL  :  50%|████████████████████▌                    | 3/6 [00:00<00:00,  6.33it/s, total=4.625, recon=1.745, kl=0.2365]
VAL  :  67%|███████████████████████████▎             | 4/6 [00:00<00:00,  6.31it/s, total=4.625, recon=1.745, kl=0.2365]
VAL  :  67%|███████████████████████████▎             | 4/6 [00:00<00:00,  6.31it/s, total=4.709, recon=1.786, kl=0.2413]
VAL  :  83%|██████████████████████████████████▏      | 5/6 [00:00<00:00,  6.52it/s, total=4.709, recon=1.786, kl=0.2413]
VAL  :  83%|██████████████████████████████████▏      | 5/6 [00:00<00:00,  6.52it/s, total=3.857, recon=1.570, kl=0.2318]
                                                                                                                        

TRAIN:   0%|                                                                                     | 0/20 [00:00<?, ?it/s]
TRAIN:   0%|                                                | 0/20 [00:00<?, ?it/s, total=3.904, recon=1.351, kl=0.2606]
TRAIN:   5%|██                                      | 1/20 [00:00<00:11,  1.68it/s, total=3.904, recon=1.351, kl=0.2606]
TRAIN:   5%|██                                      | 1/20 [00:01<00:11,  1.68it/s, total=3.877, recon=1.266, kl=0.2571]
TRAIN:  10%|████                                    | 2/20 [00:01<00:10,  1.68it/s, total=3.877, recon=1.266, kl=0.2571]
TRAIN:  10%|████                                    | 2/20 [00:01<00:10,  1.68it/s, total=3.996, recon=1.438, kl=0.2770]
TRAIN:  15%|██████                                  | 3/20 [00:01<00:10,  1.69it/s, total=3.996, recon=1.438, kl=0.2770]
TRAIN:  15%|██████                                  | 3/20 [00:02<00:10,  1.69it/s, total=4.149, recon=1.474, kl=0.2630]
TRAIN:  20%|████████                                | 4/20 [00:02<00:09,  1.69it/s, total=4.149, recon=1.474, kl=0.2630]
TRAIN:  20%|████████                                | 4/20 [00:02<00:09,  1.69it/s, total=4.033, recon=1.501, kl=0.2703]
TRAIN:  25%|██████████                              | 5/20 [00:02<00:08,  1.69it/s, total=4.033, recon=1.501, kl=0.2703]
TRAIN:  25%|██████████                              | 5/20 [00:03<00:08,  1.69it/s, total=3.823, recon=1.402, kl=0.2511]
TRAIN:  30%|████████████                            | 6/20 [00:03<00:08,  1.70it/s, total=3.823, recon=1.402, kl=0.2511]
TRAIN:  30%|████████████                            | 6/20 [00:04<00:08,  1.70it/s, total=4.041, recon=1.438, kl=0.2744]
TRAIN:  35%|██████████████                          | 7/20 [00:04<00:07,  1.72it/s, total=4.041, recon=1.438, kl=0.2744]
TRAIN:  35%|██████████████                          | 7/20 [00:04<00:07,  1.72it/s, total=3.751, recon=1.348, kl=0.2648]
TRAIN:  40%|████████████████                        | 8/20 [00:04<00:06,  1.72it/s, total=3.751, recon=1.348, kl=0.2648]
TRAIN:  40%|████████████████                        | 8/20 [00:05<00:06,  1.72it/s, total=3.991, recon=1.329, kl=0.2643]
TRAIN:  45%|██████████████████                      | 9/20 [00:05<00:06,  1.72it/s, total=3.991, recon=1.329, kl=0.2643]
TRAIN:  45%|██████████████████                      | 9/20 [00:05<00:06,  1.72it/s, total=3.955, recon=1.333, kl=0.2503]
TRAIN:  50%|███████████████████▌                   | 10/20 [00:05<00:05,  1.70it/s, total=3.955, recon=1.333, kl=0.2503]
TRAIN:  50%|███████████████████▌                   | 10/20 [00:06<00:05,  1.70it/s, total=4.110, recon=1.462, kl=0.2438]
TRAIN:  55%|█████████████████████▍                 | 11/20 [00:06<00:05,  1.71it/s, total=4.110, recon=1.462, kl=0.2438]
TRAIN:  55%|█████████████████████▍                 | 11/20 [00:07<00:05,  1.71it/s, total=3.989, recon=1.364, kl=0.2419]
TRAIN:  60%|███████████████████████▍               | 12/20 [00:07<00:04,  1.68it/s, total=3.989, recon=1.364, kl=0.2419]
TRAIN:  60%|███████████████████████▍               | 12/20 [00:07<00:04,  1.68it/s, total=3.752, recon=1.250, kl=0.2224]
TRAIN:  65%|█████████████████████████▎             | 13/20 [00:07<00:04,  1.71it/s, total=3.752, recon=1.250, kl=0.2224]
TRAIN:  65%|█████████████████████████▎             | 13/20 [00:08<00:04,  1.71it/s, total=3.753, recon=1.277, kl=0.2287]
TRAIN:  70%|███████████████████████████▎           | 14/20 [00:08<00:03,  1.73it/s, total=3.753, recon=1.277, kl=0.2287]
TRAIN:  70%|███████████████████████████▎           | 14/20 [00:08<00:03,  1.73it/s, total=4.144, recon=1.449, kl=0.2179]
TRAIN:  75%|█████████████████████████████▎         | 15/20 [00:08<00:02,  1.72it/s, total=4.144, recon=1.449, kl=0.2179]
TRAIN:  75%|█████████████████████████████▎         | 15/20 [00:09<00:02,  1.72it/s, total=4.296, recon=1.450, kl=0.2184]
TRAIN:  80%|███████████████████████████████▏       | 16/20 [00:09<00:02,  1.70it/s, total=4.296, recon=1.450, kl=0.2184]
TRAIN:  80%|███████████████████████████████▏       | 16/20 [00:09<00:02,  1.70it/s, total=3.500, recon=1.272, kl=0.2198]
TRAIN:  85%|█████████████████████████████████▏     | 17/20 [00:09<00:01,  1.71it/s, total=3.500, recon=1.272, kl=0.2198]
TRAIN:  85%|█████████████████████████████████▏     | 17/20 [00:10<00:01,  1.71it/s, total=3.929, recon=1.338, kl=0.2126]
TRAIN:  90%|███████████████████████████████████    | 18/20 [00:10<00:01,  1.74it/s, total=3.929, recon=1.338, kl=0.2126]
TRAIN:  90%|███████████████████████████████████    | 18/20 [00:11<00:01,  1.74it/s, total=3.817, recon=1.439, kl=0.2370]
TRAIN:  95%|█████████████████████████████████████  | 19/20 [00:11<00:00,  1.72it/s, total=3.817, recon=1.439, kl=0.2370]
TRAIN:  95%|█████████████████████████████████████  | 19/20 [00:11<00:00,  1.72it/s, total=4.099, recon=1.465, kl=0.2360]
TRAIN: 100%|███████████████████████████████████████| 20/20 [00:11<00:00,  1.92it/s, total=4.099, recon=1.465, kl=0.2360]
                                                                                                                        

VAL  :   0%|                                                                                      | 0/6 [00:00<?, ?it/s]
VAL  :   0%|                                                 | 0/6 [00:00<?, ?it/s, total=5.134, recon=2.025, kl=0.2283]
VAL  :  17%|██████▊                                  | 1/6 [00:00<00:00,  6.57it/s, total=5.134, recon=2.025, kl=0.2283]
VAL  :  17%|██████▊                                  | 1/6 [00:00<00:00,  6.57it/s, total=4.609, recon=1.775, kl=0.2113]
VAL  :  33%|█████████████▋                           | 2/6 [00:00<00:00,  6.44it/s, total=4.609, recon=1.775, kl=0.2113]
VAL  :  33%|█████████████▋                           | 2/6 [00:00<00:00,  6.44it/s, total=4.532, recon=1.786, kl=0.2135]
VAL  :  50%|████████████████████▌                    | 3/6 [00:00<00:00,  6.70it/s, total=4.532, recon=1.786, kl=0.2135]
VAL  :  50%|████████████████████▌                    | 3/6 [00:00<00:00,  6.70it/s, total=4.427, recon=1.732, kl=0.2271]
VAL  :  67%|███████████████████████████▎             | 4/6 [00:00<00:00,  6.72it/s, total=4.427, recon=1.732, kl=0.2271]
VAL  :  67%|███████████████████████████▎             | 4/6 [00:00<00:00,  6.72it/s, total=4.502, recon=1.795, kl=0.2123]
VAL  :  83%|██████████████████████████████████▏      | 5/6 [00:00<00:00,  6.89it/s, total=4.502, recon=1.795, kl=0.2123]
VAL  :  83%|██████████████████████████████████▏      | 5/6 [00:00<00:00,  6.89it/s, total=4.161, recon=1.613, kl=0.1992]
                                                                                                                        

TRAIN:   0%|                                                                                     | 0/20 [00:00<?, ?it/s]
TRAIN:   0%|                                                | 0/20 [00:00<?, ?it/s, total=3.727, recon=1.233, kl=0.2267]
TRAIN:   5%|██                                      | 1/20 [00:00<00:10,  1.77it/s, total=3.727, recon=1.233, kl=0.2267]
TRAIN:   5%|██                                      | 1/20 [00:01<00:10,  1.77it/s, total=3.726, recon=1.273, kl=0.2272]
TRAIN:  10%|████                                    | 2/20 [00:01<00:10,  1.75it/s, total=3.726, recon=1.273, kl=0.2272]
TRAIN:  10%|████                                    | 2/20 [00:01<00:10,  1.75it/s, total=3.465, recon=1.151, kl=0.2261]
TRAIN:  15%|██████                                  | 3/20 [00:01<00:09,  1.73it/s, total=3.465, recon=1.151, kl=0.2261]
TRAIN:  15%|██████                                  | 3/20 [00:02<00:09,  1.73it/s, total=3.981, recon=1.474, kl=0.2369]
TRAIN:  20%|████████                                | 4/20 [00:02<00:09,  1.74it/s, total=3.981, recon=1.474, kl=0.2369]
TRAIN:  20%|████████                                | 4/20 [00:02<00:09,  1.74it/s, total=3.838, recon=1.316, kl=0.2270]
TRAIN:  25%|██████████                              | 5/20 [00:02<00:08,  1.67it/s, total=3.838, recon=1.316, kl=0.2270]
TRAIN:  25%|██████████                              | 5/20 [00:03<00:08,  1.67it/s, total=4.118, recon=1.428, kl=0.2341]
TRAIN:  30%|████████████                            | 6/20 [00:03<00:08,  1.64it/s, total=4.118, recon=1.428, kl=0.2341]
TRAIN:  30%|████████████                            | 6/20 [00:04<00:08,  1.64it/s, total=3.660, recon=1.204, kl=0.2302]
TRAIN:  35%|██████████████                          | 7/20 [00:04<00:08,  1.61it/s, total=3.660, recon=1.204, kl=0.2302]
TRAIN:  35%|██████████████                          | 7/20 [00:04<00:08,  1.61it/s, total=3.777, recon=1.311, kl=0.2293]
TRAIN:  40%|████████████████                        | 8/20 [00:04<00:07,  1.55it/s, total=3.777, recon=1.311, kl=0.2293]
TRAIN:  40%|████████████████                        | 8/20 [00:05<00:07,  1.55it/s, total=3.781, recon=1.269, kl=0.2314]
TRAIN:  45%|██████████████████                      | 9/20 [00:05<00:07,  1.55it/s, total=3.781, recon=1.269, kl=0.2314]
TRAIN:  45%|██████████████████                      | 9/20 [00:06<00:07,  1.55it/s, total=4.111, recon=1.429, kl=0.2396]
TRAIN:  50%|███████████████████▌                   | 10/20 [00:06<00:06,  1.58it/s, total=4.111, recon=1.429, kl=0.2396]
TRAIN:  50%|███████████████████▌                   | 10/20 [00:06<00:06,  1.58it/s, total=3.546, recon=1.249, kl=0.2186]
TRAIN:  55%|█████████████████████▍                 | 11/20 [00:06<00:05,  1.58it/s, total=3.546, recon=1.249, kl=0.2186]
TRAIN:  55%|█████████████████████▍                 | 11/20 [00:07<00:05,  1.58it/s, total=4.202, recon=1.385, kl=0.2073]
TRAIN:  60%|███████████████████████▍               | 12/20 [00:07<00:04,  1.60it/s, total=4.202, recon=1.385, kl=0.2073]
TRAIN:  60%|███████████████████████▍               | 12/20 [00:08<00:04,  1.60it/s, total=3.530, recon=1.236, kl=0.2227]
TRAIN:  65%|█████████████████████████▎             | 13/20 [00:08<00:04,  1.62it/s, total=3.530, recon=1.236, kl=0.2227]
TRAIN:  65%|█████████████████████████▎             | 13/20 [00:08<00:04,  1.62it/s, total=3.655, recon=1.277, kl=0.2127]
TRAIN:  70%|███████████████████████████▎           | 14/20 [00:08<00:03,  1.65it/s, total=3.655, recon=1.277, kl=0.2127]
TRAIN:  70%|███████████████████████████▎           | 14/20 [00:09<00:03,  1.65it/s, total=4.009, recon=1.355, kl=0.2171]
TRAIN:  75%|█████████████████████████████▎         | 15/20 [00:09<00:03,  1.55it/s, total=4.009, recon=1.355, kl=0.2171]
TRAIN:  75%|█████████████████████████████▎         | 15/20 [00:10<00:03,  1.55it/s, total=3.791, recon=1.299, kl=0.2179]
TRAIN:  80%|███████████████████████████████▏       | 16/20 [00:10<00:02,  1.55it/s, total=3.791, recon=1.299, kl=0.2179]
TRAIN:  80%|███████████████████████████████▏       | 16/20 [00:10<00:02,  1.55it/s, total=3.767, recon=1.371, kl=0.2138]
TRAIN:  85%|█████████████████████████████████▏     | 17/20 [00:10<00:01,  1.58it/s, total=3.767, recon=1.371, kl=0.2138]
TRAIN:  85%|█████████████████████████████████▏     | 17/20 [00:11<00:01,  1.58it/s, total=3.877, recon=1.331, kl=0.2214]
TRAIN:  90%|███████████████████████████████████    | 18/20 [00:11<00:01,  1.57it/s, total=3.877, recon=1.331, kl=0.2214]
TRAIN:  90%|███████████████████████████████████    | 18/20 [00:12<00:01,  1.57it/s, total=3.591, recon=1.330, kl=0.2123]
TRAIN:  95%|█████████████████████████████████████  | 19/20 [00:12<00:00,  1.42it/s, total=3.591, recon=1.330, kl=0.2123]
TRAIN:  95%|█████████████████████████████████████  | 19/20 [00:12<00:00,  1.42it/s, total=4.447, recon=1.473, kl=0.2106]
TRAIN: 100%|███████████████████████████████████████| 20/20 [00:12<00:00,  1.38it/s, total=4.447, recon=1.473, kl=0.2106]
                                                                                                                        

VAL  :   0%|                                                                                      | 0/6 [00:00<?, ?it/s]
VAL  :   0%|                                                 | 0/6 [00:00<?, ?it/s, total=4.979, recon=1.990, kl=0.2093]
VAL  :  17%|██████▊                                  | 1/6 [00:00<00:01,  2.78it/s, total=4.979, recon=1.990, kl=0.2093]
VAL  :  17%|██████▊                                  | 1/6 [00:00<00:01,  2.78it/s, total=4.490, recon=1.749, kl=0.1954]
VAL  :  33%|█████████████▋                           | 2/6 [00:00<00:01,  2.76it/s, total=4.490, recon=1.749, kl=0.1954]
VAL  :  33%|█████████████▋                           | 2/6 [00:01<00:01,  2.76it/s, total=4.615, recon=1.794, kl=0.1947]
VAL  :  50%|████████████████████▌                    | 3/6 [00:01<00:01,  2.87it/s, total=4.615, recon=1.794, kl=0.1947]
VAL  :  50%|████████████████████▌                    | 3/6 [00:01<00:01,  2.87it/s, total=4.367, recon=1.738, kl=0.2018]
VAL  :  67%|███████████████████████████▎             | 4/6 [00:01<00:00,  2.90it/s, total=4.367, recon=1.738, kl=0.2018]
VAL  :  67%|███████████████████████████▎             | 4/6 [00:01<00:00,  2.90it/s, total=4.598, recon=1.796, kl=0.2081]
VAL  :  83%|██████████████████████████████████▏      | 5/6 [00:01<00:00,  3.02it/s, total=4.598, recon=1.796, kl=0.2081]
VAL  :  83%|██████████████████████████████████▏      | 5/6 [00:01<00:00,  3.02it/s, total=4.144, recon=1.565, kl=0.1804]
VAL  : 100%|█████████████████████████████████████████| 6/6 [00:01<00:00,  3.76it/s, total=4.144, recon=1.565, kl=0.1804]
                                                                                                                        

TRAIN:   0%|                                                                                     | 0/20 [00:00<?, ?it/s]
TRAIN:   0%|                                                | 0/20 [00:01<?, ?it/s, total=3.674, recon=1.249, kl=0.2228]
TRAIN:   5%|██                                      | 1/20 [00:01<00:21,  1.11s/it, total=3.674, recon=1.249, kl=0.2228]
TRAIN:   5%|██                                      | 1/20 [00:02<00:21,  1.11s/it, total=3.595, recon=1.201, kl=0.2075]
TRAIN:  10%|████                                    | 2/20 [00:02<00:20,  1.12s/it, total=3.595, recon=1.201, kl=0.2075]
TRAIN:  10%|████                                    | 2/20 [00:03<00:20,  1.12s/it, total=3.917, recon=1.306, kl=0.2067]
TRAIN:  15%|██████                                  | 3/20 [00:03<00:19,  1.17s/it, total=3.917, recon=1.306, kl=0.2067]
TRAIN:  15%|██████                                  | 3/20 [00:05<00:19,  1.17s/it, total=3.609, recon=1.245, kl=0.2130]
TRAIN:  20%|████████                                | 4/20 [00:05<00:21,  1.32s/it, total=3.609, recon=1.245, kl=0.2130]
TRAIN:  20%|████████                                | 4/20 [00:06<00:21,  1.32s/it, total=3.715, recon=1.301, kl=0.2034]
TRAIN:  25%|██████████                              | 5/20 [00:06<00:21,  1.45s/it, total=3.715, recon=1.301, kl=0.2034]
TRAIN:  25%|██████████                              | 5/20 [00:08<00:21,  1.45s/it, total=3.655, recon=1.293, kl=0.2036]
TRAIN:  30%|████████████                            | 6/20 [00:08<00:20,  1.44s/it, total=3.655, recon=1.293, kl=0.2036]
TRAIN:  30%|████████████                            | 6/20 [00:09<00:20,  1.44s/it, total=3.649, recon=1.322, kl=0.2037]
TRAIN:  35%|██████████████                          | 7/20 [00:09<00:18,  1.39s/it, total=3.649, recon=1.322, kl=0.2037]
TRAIN:  35%|██████████████                          | 7/20 [00:10<00:18,  1.39s/it, total=3.919, recon=1.311, kl=0.2124]
TRAIN:  40%|████████████████                        | 8/20 [00:10<00:15,  1.30s/it, total=3.919, recon=1.311, kl=0.2124]
TRAIN:  40%|████████████████                        | 8/20 [00:11<00:15,  1.30s/it, total=3.556, recon=1.265, kl=0.2119]
TRAIN:  45%|██████████████████                      | 9/20 [00:11<00:13,  1.23s/it, total=3.556, recon=1.265, kl=0.2119]
TRAIN:  45%|██████████████████                      | 9/20 [00:13<00:13,  1.23s/it, total=3.620, recon=1.172, kl=0.2094]
TRAIN:  50%|███████████████████▌                   | 10/20 [00:13<00:12,  1.25s/it, total=3.620, recon=1.172, kl=0.2094]
TRAIN:  50%|███████████████████▌                   | 10/20 [00:14<00:12,  1.25s/it, total=3.738, recon=1.363, kl=0.2149]
TRAIN:  55%|█████████████████████▍                 | 11/20 [00:14<00:12,  1.38s/it, total=3.738, recon=1.363, kl=0.2149]
TRAIN:  55%|█████████████████████▍                 | 11/20 [00:16<00:12,  1.38s/it, total=3.689, recon=1.295, kl=0.2087]
TRAIN:  60%|███████████████████████▍               | 12/20 [00:16<00:11,  1.42s/it, total=3.689, recon=1.295, kl=0.2087]
TRAIN:  60%|███████████████████████▍               | 12/20 [00:17<00:11,  1.42s/it, total=3.725, recon=1.252, kl=0.1988]
TRAIN:  65%|█████████████████████████▎             | 13/20 [00:17<00:10,  1.43s/it, total=3.725, recon=1.252, kl=0.1988]
TRAIN:  65%|█████████████████████████▎             | 13/20 [00:19<00:10,  1.43s/it, total=3.769, recon=1.236, kl=0.2161]
TRAIN:  70%|███████████████████████████▎           | 14/20 [00:19<00:08,  1.47s/it, total=3.769, recon=1.236, kl=0.2161]
TRAIN:  70%|███████████████████████████▎           | 14/20 [00:20<00:08,  1.47s/it, total=4.010, recon=1.374, kl=0.2160]
TRAIN:  75%|█████████████████████████████▎         | 15/20 [00:20<00:07,  1.53s/it, total=4.010, recon=1.374, kl=0.2160]
TRAIN:  75%|█████████████████████████████▎         | 15/20 [00:22<00:07,  1.53s/it, total=3.467, recon=1.101, kl=0.2018]
TRAIN:  80%|███████████████████████████████▏       | 16/20 [00:22<00:06,  1.52s/it, total=3.467, recon=1.101, kl=0.2018]
TRAIN:  80%|███████████████████████████████▏       | 16/20 [00:24<00:06,  1.52s/it, total=3.983, recon=1.343, kl=0.1986]
TRAIN:  85%|█████████████████████████████████▏     | 17/20 [00:24<00:04,  1.61s/it, total=3.983, recon=1.343, kl=0.1986]
TRAIN:  85%|█████████████████████████████████▏     | 17/20 [00:25<00:04,  1.61s/it, total=3.650, recon=1.341, kl=0.1964]
TRAIN:  90%|███████████████████████████████████    | 18/20 [00:25<00:03,  1.51s/it, total=3.650, recon=1.341, kl=0.1964]
TRAIN:  90%|███████████████████████████████████    | 18/20 [00:27<00:03,  1.51s/it, total=3.648, recon=1.172, kl=0.2015]
TRAIN:  95%|█████████████████████████████████████  | 19/20 [00:27<00:01,  1.53s/it, total=3.648, recon=1.172, kl=0.2015]
TRAIN:  95%|█████████████████████████████████████  | 19/20 [00:28<00:01,  1.53s/it, total=3.789, recon=1.372, kl=0.2151]
TRAIN: 100%|███████████████████████████████████████| 20/20 [00:28<00:00,  1.41s/it, total=3.789, recon=1.372, kl=0.2151]
                                                                                                                        

VAL  :   0%|                                                                                      | 0/6 [00:00<?, ?it/s]
VAL  :   0%|                                                 | 0/6 [00:00<?, ?it/s, total=5.017, recon=1.970, kl=0.2130]
VAL  :  17%|██████▊                                  | 1/6 [00:00<00:02,  1.74it/s, total=5.017, recon=1.970, kl=0.2130]
VAL  :  17%|██████▊                                  | 1/6 [00:01<00:02,  1.74it/s, total=4.557, recon=1.733, kl=0.2074]
VAL  :  33%|█████████████▋                           | 2/6 [00:01<00:02,  1.74it/s, total=4.557, recon=1.733, kl=0.2074]
VAL  :  33%|█████████████▋                           | 2/6 [00:01<00:02,  1.74it/s, total=4.378, recon=1.747, kl=0.1902]
VAL  :  50%|████████████████████▌                    | 3/6 [00:01<00:01,  1.77it/s, total=4.378, recon=1.747, kl=0.1902]
VAL  :  50%|████████████████████▌                    | 3/6 [00:02<00:01,  1.77it/s, total=4.367, recon=1.691, kl=0.2000]
VAL  :  67%|███████████████████████████▎             | 4/6 [00:02<00:01,  1.80it/s, total=4.367, recon=1.691, kl=0.2000]
VAL  :  67%|███████████████████████████▎             | 4/6 [00:02<00:01,  1.80it/s, total=4.470, recon=1.756, kl=0.2037]
VAL  :  83%|██████████████████████████████████▏      | 5/6 [00:02<00:00,  1.94it/s, total=4.470, recon=1.756, kl=0.2037]
VAL  :  83%|██████████████████████████████████▏      | 5/6 [00:02<00:00,  1.94it/s, total=4.237, recon=1.564, kl=0.1837]
VAL  : 100%|█████████████████████████████████████████| 6/6 [00:02<00:00,  2.46it/s, total=4.237, recon=1.564, kl=0.1837]
                                                                                                                        

TRAIN:   0%|                                                                                     | 0/20 [00:00<?, ?it/s]
TRAIN:   0%|                                                | 0/20 [00:01<?, ?it/s, total=3.803, recon=1.246, kl=0.2107]
TRAIN:   5%|██                                      | 1/20 [00:01<00:29,  1.56s/it, total=3.803, recon=1.246, kl=0.2107]
TRAIN:   5%|██                                      | 1/20 [00:03<00:29,  1.56s/it, total=3.772, recon=1.260, kl=0.2130]
TRAIN:  10%|████                                    | 2/20 [00:03<00:27,  1.54s/it, total=3.772, recon=1.260, kl=0.2130]
TRAIN:  10%|████                                    | 2/20 [00:04<00:27,  1.54s/it, total=3.626, recon=1.110, kl=0.2187]
TRAIN:  15%|██████                                  | 3/20 [00:04<00:26,  1.58s/it, total=3.626, recon=1.110, kl=0.2187]
TRAIN:  15%|██████                                  | 3/20 [00:06<00:26,  1.58s/it, total=3.381, recon=1.145, kl=0.2055]
TRAIN:  20%|████████                                | 4/20 [00:06<00:24,  1.52s/it, total=3.381, recon=1.145, kl=0.2055]
TRAIN:  20%|████████                                | 4/20 [00:07<00:24,  1.52s/it, total=3.626, recon=1.308, kl=0.2210]
TRAIN:  25%|██████████                              | 5/20 [00:07<00:22,  1.48s/it, total=3.626, recon=1.308, kl=0.2210]
TRAIN:  25%|██████████                              | 5/20 [00:08<00:22,  1.48s/it, total=3.347, recon=1.096, kl=0.2054]
TRAIN:  30%|████████████                            | 6/20 [00:08<00:20,  1.49s/it, total=3.347, recon=1.096, kl=0.2054]
TRAIN:  30%|████████████                            | 6/20 [00:10<00:20,  1.49s/it, total=3.998, recon=1.310, kl=0.2080]
TRAIN:  35%|██████████████                          | 7/20 [00:10<00:18,  1.45s/it, total=3.998, recon=1.310, kl=0.2080]
TRAIN:  35%|██████████████                          | 7/20 [00:11<00:18,  1.45s/it, total=3.582, recon=1.130, kl=0.2012]
TRAIN:  40%|████████████████                        | 8/20 [00:11<00:16,  1.41s/it, total=3.582, recon=1.130, kl=0.2012]
TRAIN:  40%|████████████████                        | 8/20 [00:12<00:16,  1.41s/it, total=4.100, recon=1.389, kl=0.2064]
TRAIN:  45%|██████████████████                      | 9/20 [00:12<00:15,  1.38s/it, total=4.100, recon=1.389, kl=0.2064]
TRAIN:  45%|██████████████████                      | 9/20 [00:14<00:15,  1.38s/it, total=3.449, recon=1.156, kl=0.1968]
TRAIN:  50%|███████████████████▌                   | 10/20 [00:14<00:13,  1.33s/it, total=3.449, recon=1.156, kl=0.1968]
TRAIN:  50%|███████████████████▌                   | 10/20 [00:15<00:13,  1.33s/it, total=3.794, recon=1.320, kl=0.1927]
TRAIN:  55%|█████████████████████▍                 | 11/20 [00:15<00:11,  1.31s/it, total=3.794, recon=1.320, kl=0.1927]
TRAIN:  55%|█████████████████████▍                 | 11/20 [00:16<00:11,  1.31s/it, total=3.727, recon=1.249, kl=0.1937]
TRAIN:  60%|███████████████████████▍               | 12/20 [00:16<00:10,  1.28s/it, total=3.727, recon=1.249, kl=0.1937]
TRAIN:  60%|███████████████████████▍               | 12/20 [00:17<00:10,  1.28s/it, total=3.569, recon=1.255, kl=0.1888]
TRAIN:  65%|█████████████████████████▎             | 13/20 [00:17<00:08,  1.27s/it, total=3.569, recon=1.255, kl=0.1888]
TRAIN:  65%|█████████████████████████▎             | 13/20 [00:19<00:08,  1.27s/it, total=3.579, recon=1.158, kl=0.1908]
TRAIN:  70%|███████████████████████████▎           | 14/20 [00:19<00:07,  1.26s/it, total=3.579, recon=1.158, kl=0.1908]
TRAIN:  70%|███████████████████████████▎           | 14/20 [00:20<00:07,  1.26s/it, total=3.818, recon=1.266, kl=0.1868]
TRAIN:  75%|█████████████████████████████▎         | 15/20 [00:20<00:06,  1.32s/it, total=3.818, recon=1.266, kl=0.1868]
TRAIN:  75%|█████████████████████████████▎         | 15/20 [00:21<00:06,  1.32s/it, total=3.718, recon=1.235, kl=0.1985]
TRAIN:  80%|███████████████████████████████▏       | 16/20 [00:21<00:05,  1.33s/it, total=3.718, recon=1.235, kl=0.1985]
TRAIN:  80%|███████████████████████████████▏       | 16/20 [00:23<00:05,  1.33s/it, total=3.488, recon=1.220, kl=0.1917]
TRAIN:  85%|█████████████████████████████████▏     | 17/20 [00:23<00:03,  1.28s/it, total=3.488, recon=1.220, kl=0.1917]
TRAIN:  85%|█████████████████████████████████▏     | 17/20 [00:24<00:03,  1.28s/it, total=3.693, recon=1.226, kl=0.2112]
TRAIN:  90%|███████████████████████████████████    | 18/20 [00:24<00:02,  1.25s/it, total=3.693, recon=1.226, kl=0.2112]
TRAIN:  90%|███████████████████████████████████    | 18/20 [00:25<00:02,  1.25s/it, total=3.416, recon=1.021, kl=0.1844]
TRAIN:  95%|█████████████████████████████████████  | 19/20 [00:25<00:01,  1.21s/it, total=3.416, recon=1.021, kl=0.1844]
TRAIN:  95%|█████████████████████████████████████  | 19/20 [00:26<00:01,  1.21s/it, total=3.589, recon=1.229, kl=0.1961]
TRAIN: 100%|███████████████████████████████████████| 20/20 [00:26<00:00,  1.06s/it, total=3.589, recon=1.229, kl=0.1961]
                                                                                                                        

VAL  :   0%|                                                                                      | 0/6 [00:00<?, ?it/s]
VAL  :   0%|                                                 | 0/6 [00:00<?, ?it/s, total=5.024, recon=1.974, kl=0.1903]
VAL  :  17%|██████▊                                  | 1/6 [00:00<00:01,  3.14it/s, total=5.024, recon=1.974, kl=0.1903]
VAL  :  17%|██████▊                                  | 1/6 [00:00<00:01,  3.14it/s, total=4.361, recon=1.714, kl=0.1791]
VAL  :  33%|█████████████▋                           | 2/6 [00:00<00:01,  3.08it/s, total=4.361, recon=1.714, kl=0.1791]
VAL  :  33%|█████████████▋                           | 2/6 [00:00<00:01,  3.08it/s, total=4.468, recon=1.731, kl=0.1723]
VAL  :  50%|████████████████████▌                    | 3/6 [00:00<00:00,  3.21it/s, total=4.468, recon=1.731, kl=0.1723]
VAL  :  50%|████████████████████▌                    | 3/6 [00:01<00:00,  3.21it/s, total=4.356, recon=1.678, kl=0.1861]
VAL  :  67%|███████████████████████████▎             | 4/6 [00:01<00:00,  3.18it/s, total=4.356, recon=1.678, kl=0.1861]
VAL  :  67%|███████████████████████████▎             | 4/6 [00:01<00:00,  3.18it/s, total=4.446, recon=1.743, kl=0.1793]
VAL  :  83%|██████████████████████████████████▏      | 5/6 [00:01<00:00,  3.18it/s, total=4.446, recon=1.743, kl=0.1793]
VAL  :  83%|██████████████████████████████████▏      | 5/6 [00:01<00:00,  3.18it/s, total=4.272, recon=1.557, kl=0.1903]
VAL  : 100%|█████████████████████████████████████████| 6/6 [00:01<00:00,  3.92it/s, total=4.272, recon=1.557, kl=0.1903]
                                                                                                                        

TRAIN:   0%|                                                                                     | 0/20 [00:00<?, ?it/s]
TRAIN:   0%|                                                | 0/20 [00:01<?, ?it/s, total=3.402, recon=1.144, kl=0.1921]
TRAIN:   5%|██                                      | 1/20 [00:01<00:30,  1.58s/it, total=3.402, recon=1.144, kl=0.1921]
TRAIN:   5%|██                                      | 1/20 [00:02<00:30,  1.58s/it, total=3.891, recon=1.286, kl=0.1898]
TRAIN:  10%|████                                    | 2/20 [00:02<00:26,  1.48s/it, total=3.891, recon=1.286, kl=0.1898]
TRAIN:  10%|████                                    | 2/20 [00:04<00:26,  1.48s/it, total=3.691, recon=1.219, kl=0.1846]
TRAIN:  15%|██████                                  | 3/20 [00:04<00:24,  1.46s/it, total=3.691, recon=1.219, kl=0.1846]
TRAIN:  15%|██████                                  | 3/20 [00:05<00:24,  1.46s/it, total=3.044, recon=1.096, kl=0.1828]
TRAIN:  20%|████████                                | 4/20 [00:05<00:22,  1.40s/it, total=3.044, recon=1.096, kl=0.1828]
TRAIN:  20%|████████                                | 4/20 [00:06<00:22,  1.40s/it, total=3.538, recon=1.243, kl=0.1797]
TRAIN:  25%|██████████                              | 5/20 [00:06<00:19,  1.30s/it, total=3.538, recon=1.243, kl=0.1797]
TRAIN:  25%|██████████                              | 5/20 [00:07<00:19,  1.30s/it, total=3.633, recon=1.210, kl=0.1830]
TRAIN:  30%|████████████                            | 6/20 [00:07<00:17,  1.23s/it, total=3.633, recon=1.210, kl=0.1830]
TRAIN:  30%|████████████                            | 6/20 [00:08<00:17,  1.23s/it, total=3.408, recon=1.108, kl=0.1777]
TRAIN:  35%|██████████████                          | 7/20 [00:08<00:15,  1.18s/it, total=3.408, recon=1.108, kl=0.1777]
TRAIN:  35%|██████████████                          | 7/20 [00:09<00:15,  1.18s/it, total=3.362, recon=1.099, kl=0.1830]
TRAIN:  40%|████████████████                        | 8/20 [00:09<00:14,  1.20s/it, total=3.362, recon=1.099, kl=0.1830]
TRAIN:  40%|████████████████                        | 8/20 [00:11<00:14,  1.20s/it, total=3.512, recon=1.186, kl=0.1801]
TRAIN:  45%|██████████████████                      | 9/20 [00:11<00:13,  1.22s/it, total=3.512, recon=1.186, kl=0.1801]
TRAIN:  45%|██████████████████                      | 9/20 [00:12<00:13,  1.22s/it, total=3.415, recon=1.178, kl=0.1705]
TRAIN:  50%|███████████████████▌                   | 10/20 [00:12<00:12,  1.25s/it, total=3.415, recon=1.178, kl=0.1705]
TRAIN:  50%|███████████████████▌                   | 10/20 [00:13<00:12,  1.25s/it, total=4.017, recon=1.368, kl=0.1803]
TRAIN:  55%|█████████████████████▍                 | 11/20 [00:13<00:11,  1.27s/it, total=4.017, recon=1.368, kl=0.1803]
TRAIN:  55%|█████████████████████▍                 | 11/20 [00:15<00:11,  1.27s/it, total=3.297, recon=1.091, kl=0.1831]
TRAIN:  60%|███████████████████████▍               | 12/20 [00:15<00:10,  1.27s/it, total=3.297, recon=1.091, kl=0.1831]
TRAIN:  60%|███████████████████████▍               | 12/20 [00:16<00:10,  1.27s/it, total=3.773, recon=1.185, kl=0.1894]
TRAIN:  65%|█████████████████████████▎             | 13/20 [00:16<00:09,  1.34s/it, total=3.773, recon=1.185, kl=0.1894]
TRAIN:  65%|█████████████████████████▎             | 13/20 [00:18<00:09,  1.34s/it, total=3.516, recon=1.152, kl=0.1772]
TRAIN:  70%|███████████████████████████▎           | 14/20 [00:18<00:08,  1.38s/it, total=3.516, recon=1.152, kl=0.1772]
TRAIN:  70%|███████████████████████████▎           | 14/20 [00:19<00:08,  1.38s/it, total=3.413, recon=1.144, kl=0.1861]
TRAIN:  75%|█████████████████████████████▎         | 15/20 [00:19<00:07,  1.42s/it, total=3.413, recon=1.144, kl=0.1861]
TRAIN:  75%|█████████████████████████████▎         | 15/20 [00:20<00:07,  1.42s/it, total=3.665, recon=1.214, kl=0.1860]
TRAIN:  80%|███████████████████████████████▏       | 16/20 [00:21<00:05,  1.42s/it, total=3.665, recon=1.214, kl=0.1860]
TRAIN:  80%|███████████████████████████████▏       | 16/20 [00:22<00:05,  1.42s/it, total=3.811, recon=1.327, kl=0.1925]
TRAIN:  85%|█████████████████████████████████▏     | 17/20 [00:22<00:04,  1.39s/it, total=3.811, recon=1.327, kl=0.1925]
TRAIN:  85%|█████████████████████████████████▏     | 17/20 [00:23<00:04,  1.39s/it, total=3.694, recon=1.171, kl=0.1820]
TRAIN:  90%|███████████████████████████████████    | 18/20 [00:23<00:02,  1.35s/it, total=3.694, recon=1.171, kl=0.1820]
TRAIN:  90%|███████████████████████████████████    | 18/20 [00:25<00:02,  1.35s/it, total=3.480, recon=1.151, kl=0.1720]
TRAIN:  95%|█████████████████████████████████████  | 19/20 [00:25<00:01,  1.39s/it, total=3.480, recon=1.151, kl=0.1720]
TRAIN:  95%|█████████████████████████████████████  | 19/20 [00:25<00:01,  1.39s/it, total=3.080, recon=1.143, kl=0.1826]
TRAIN: 100%|███████████████████████████████████████| 20/20 [00:25<00:00,  1.24s/it, total=3.080, recon=1.143, kl=0.1826]
                                                                                                                        

VAL  :   0%|                                                                                      | 0/6 [00:00<?, ?it/s]
VAL  :   0%|                                                 | 0/6 [00:00<?, ?it/s, total=4.897, recon=1.970, kl=0.1791]
VAL  :  17%|██████▊                                  | 1/6 [00:00<00:02,  1.74it/s, total=4.897, recon=1.970, kl=0.1791]
VAL  :  17%|██████▊                                  | 1/6 [00:01<00:02,  1.74it/s, total=4.340, recon=1.713, kl=0.1679]
VAL  :  33%|█████████████▋                           | 2/6 [00:01<00:02,  1.86it/s, total=4.340, recon=1.713, kl=0.1679]
VAL  :  33%|█████████████▋                           | 2/6 [00:01<00:02,  1.86it/s, total=4.452, recon=1.757, kl=0.1760]
VAL  :  50%|████████████████████▌                    | 3/6 [00:01<00:01,  2.05it/s, total=4.452, recon=1.757, kl=0.1760]
VAL  :  50%|████████████████████▌                    | 3/6 [00:01<00:01,  2.05it/s, total=4.399, recon=1.688, kl=0.1709]
VAL  :  67%|███████████████████████████▎             | 4/6 [00:01<00:00,  2.21it/s, total=4.399, recon=1.688, kl=0.1709]
VAL  :  67%|███████████████████████████▎             | 4/6 [00:02<00:00,  2.21it/s, total=4.393, recon=1.749, kl=0.1858]
VAL  :  83%|██████████████████████████████████▏      | 5/6 [00:02<00:00,  2.42it/s, total=4.393, recon=1.749, kl=0.1858]
VAL  :  83%|██████████████████████████████████▏      | 5/6 [00:02<00:00,  2.42it/s, total=4.097, recon=1.546, kl=0.1802]
VAL  : 100%|█████████████████████████████████████████| 6/6 [00:02<00:00,  2.85it/s, total=4.097, recon=1.546, kl=0.1802]
                                                                                                                        

TRAIN:   0%|                                                                                     | 0/20 [00:00<?, ?it/s]
TRAIN:   0%|                                                | 0/20 [00:01<?, ?it/s, total=3.624, recon=1.158, kl=0.1838]
TRAIN:   5%|██                                      | 1/20 [00:01<00:33,  1.76s/it, total=3.624, recon=1.158, kl=0.1838]
TRAIN:   5%|██                                      | 1/20 [00:03<00:33,  1.76s/it, total=3.462, recon=1.141, kl=0.1801]
TRAIN:  10%|████                                    | 2/20 [00:03<00:30,  1.71s/it, total=3.462, recon=1.141, kl=0.1801]
TRAIN:  10%|████                                    | 2/20 [00:04<00:30,  1.71s/it, total=3.428, recon=1.096, kl=0.1679]
TRAIN:  15%|██████                                  | 3/20 [00:04<00:27,  1.64s/it, total=3.428, recon=1.096, kl=0.1679]
TRAIN:  15%|██████                                  | 3/20 [00:06<00:27,  1.64s/it, total=3.386, recon=1.172, kl=0.1758]
TRAIN:  20%|████████                                | 4/20 [00:06<00:24,  1.54s/it, total=3.386, recon=1.172, kl=0.1758]
TRAIN:  20%|████████                                | 4/20 [00:07<00:24,  1.54s/it, total=3.531, recon=1.158, kl=0.1839]
TRAIN:  25%|██████████                              | 5/20 [00:07<00:22,  1.52s/it, total=3.531, recon=1.158, kl=0.1839]
TRAIN:  25%|██████████                              | 5/20 [00:09<00:22,  1.52s/it, total=3.271, recon=1.081, kl=0.1655]
TRAIN:  30%|████████████                            | 6/20 [00:09<00:20,  1.49s/it, total=3.271, recon=1.081, kl=0.1655]
TRAIN:  30%|████████████                            | 6/20 [00:10<00:20,  1.49s/it, total=3.440, recon=1.104, kl=0.1641]
TRAIN:  35%|██████████████                          | 7/20 [00:10<00:19,  1.50s/it, total=3.440, recon=1.104, kl=0.1641]
TRAIN:  35%|██████████████                          | 7/20 [00:11<00:19,  1.50s/it, total=3.431, recon=1.078, kl=0.1738]
TRAIN:  40%|████████████████                        | 8/20 [00:11<00:17,  1.49s/it, total=3.431, recon=1.078, kl=0.1738]
TRAIN:  40%|████████████████                        | 8/20 [00:13<00:17,  1.49s/it, total=3.465, recon=1.144, kl=0.1700]
TRAIN:  45%|██████████████████                      | 9/20 [00:13<00:15,  1.41s/it, total=3.465, recon=1.144, kl=0.1700]
TRAIN:  45%|██████████████████                      | 9/20 [00:14<00:15,  1.41s/it, total=3.278, recon=1.116, kl=0.1626]
TRAIN:  50%|███████████████████▌                   | 10/20 [00:14<00:13,  1.37s/it, total=3.278, recon=1.116, kl=0.1626]
TRAIN:  50%|███████████████████▌                   | 10/20 [00:15<00:13,  1.37s/it, total=3.220, recon=1.025, kl=0.1686]
TRAIN:  55%|█████████████████████▍                 | 11/20 [00:15<00:12,  1.34s/it, total=3.220, recon=1.025, kl=0.1686]
TRAIN:  55%|█████████████████████▍                 | 11/20 [00:17<00:12,  1.34s/it, total=3.427, recon=1.175, kl=0.1717]
TRAIN:  60%|███████████████████████▍               | 12/20 [00:17<00:10,  1.36s/it, total=3.427, recon=1.175, kl=0.1717]
TRAIN:  60%|███████████████████████▍               | 12/20 [00:18<00:10,  1.36s/it, total=3.266, recon=1.109, kl=0.1754]
TRAIN:  65%|█████████████████████████▎             | 13/20 [00:18<00:09,  1.41s/it, total=3.266, recon=1.109, kl=0.1754]
TRAIN:  65%|█████████████████████████▎             | 13/20 [00:20<00:09,  1.41s/it, total=3.252, recon=1.082, kl=0.1769]
TRAIN:  70%|███████████████████████████▎           | 14/20 [00:20<00:08,  1.45s/it, total=3.252, recon=1.082, kl=0.1769]
TRAIN:  70%|███████████████████████████▎           | 14/20 [00:21<00:08,  1.45s/it, total=3.365, recon=1.169, kl=0.1759]
TRAIN:  75%|█████████████████████████████▎         | 15/20 [00:21<00:07,  1.41s/it, total=3.365, recon=1.169, kl=0.1759]
TRAIN:  75%|█████████████████████████████▎         | 15/20 [00:23<00:07,  1.41s/it, total=3.295, recon=1.081, kl=0.1687]
TRAIN:  80%|███████████████████████████████▏       | 16/20 [00:23<00:05,  1.46s/it, total=3.295, recon=1.081, kl=0.1687]
TRAIN:  80%|███████████████████████████████▏       | 16/20 [00:24<00:05,  1.46s/it, total=3.817, recon=1.256, kl=0.1874]
TRAIN:  85%|█████████████████████████████████▏     | 17/20 [00:24<00:04,  1.37s/it, total=3.817, recon=1.256, kl=0.1874]
TRAIN:  85%|█████████████████████████████████▏     | 17/20 [00:25<00:04,  1.37s/it, total=3.745, recon=1.214, kl=0.1750]
TRAIN:  90%|███████████████████████████████████    | 18/20 [00:25<00:02,  1.34s/it, total=3.745, recon=1.214, kl=0.1750]
TRAIN:  90%|███████████████████████████████████    | 18/20 [00:26<00:02,  1.34s/it, total=3.403, recon=1.122, kl=0.1780]
TRAIN:  95%|█████████████████████████████████████  | 19/20 [00:26<00:01,  1.36s/it, total=3.403, recon=1.122, kl=0.1780]
TRAIN:  95%|█████████████████████████████████████  | 19/20 [00:27<00:01,  1.36s/it, total=3.946, recon=1.323, kl=0.1870]
TRAIN: 100%|███████████████████████████████████████| 20/20 [00:27<00:00,  1.25s/it, total=3.946, recon=1.323, kl=0.1870]
                                                                                                                        

VAL  :   0%|                                                                                      | 0/6 [00:00<?, ?it/s]
VAL  :   0%|                                                 | 0/6 [00:00<?, ?it/s, total=4.930, recon=1.970, kl=0.1785]
VAL  :  17%|██████▊                                  | 1/6 [00:00<00:02,  2.46it/s, total=4.930, recon=1.970, kl=0.1785]
VAL  :  17%|██████▊                                  | 1/6 [00:00<00:02,  2.46it/s, total=4.402, recon=1.736, kl=0.1681]
VAL  :  33%|█████████████▋                           | 2/6 [00:00<00:01,  2.41it/s, total=4.402, recon=1.736, kl=0.1681]
VAL  :  33%|█████████████▋                           | 2/6 [00:01<00:01,  2.41it/s, total=4.314, recon=1.730, kl=0.1619]
VAL  :  50%|████████████████████▌                    | 3/6 [00:01<00:01,  2.55it/s, total=4.314, recon=1.730, kl=0.1619]
VAL  :  50%|████████████████████▌                    | 3/6 [00:01<00:01,  2.55it/s, total=4.322, recon=1.668, kl=0.1657]
VAL  :  67%|███████████████████████████▎             | 4/6 [00:01<00:00,  2.56it/s, total=4.322, recon=1.668, kl=0.1657]
VAL  :  67%|███████████████████████████▎             | 4/6 [00:02<00:00,  2.56it/s, total=4.321, recon=1.730, kl=0.1739]
VAL  :  83%|██████████████████████████████████▏      | 5/6 [00:02<00:00,  2.25it/s, total=4.321, recon=1.730, kl=0.1739]
VAL  :  83%|██████████████████████████████████▏      | 5/6 [00:02<00:00,  2.25it/s, total=3.924, recon=1.509, kl=0.1688]
VAL  : 100%|█████████████████████████████████████████| 6/6 [00:02<00:00,  2.78it/s, total=3.924, recon=1.509, kl=0.1688]
                                                                                                                        

TRAIN:   0%|                                                                                     | 0/20 [00:00<?, ?it/s]
TRAIN:   0%|                                                | 0/20 [00:01<?, ?it/s, total=3.528, recon=1.150, kl=0.1747]
TRAIN:   5%|██                                      | 1/20 [00:01<00:28,  1.49s/it, total=3.528, recon=1.150, kl=0.1747]
TRAIN:   5%|██                                      | 1/20 [00:02<00:28,  1.49s/it, total=3.175, recon=1.008, kl=0.1766]
TRAIN:  10%|████                                    | 2/20 [00:02<00:26,  1.49s/it, total=3.175, recon=1.008, kl=0.1766]
TRAIN:  10%|████                                    | 2/20 [00:04<00:26,  1.49s/it, total=3.415, recon=1.044, kl=0.1742]
TRAIN:  15%|██████                                  | 3/20 [00:04<00:23,  1.41s/it, total=3.415, recon=1.044, kl=0.1742]
TRAIN:  15%|██████                                  | 3/20 [00:05<00:23,  1.41s/it, total=3.709, recon=1.238, kl=0.1760]
TRAIN:  20%|████████                                | 4/20 [00:05<00:22,  1.38s/it, total=3.709, recon=1.238, kl=0.1760]
TRAIN:  20%|████████                                | 4/20 [00:06<00:22,  1.38s/it, total=3.572, recon=1.144, kl=0.1834]
TRAIN:  25%|██████████                              | 5/20 [00:06<00:21,  1.41s/it, total=3.572, recon=1.144, kl=0.1834]
TRAIN:  25%|██████████                              | 5/20 [00:08<00:21,  1.41s/it, total=3.429, recon=1.194, kl=0.1594]
TRAIN:  30%|████████████                            | 6/20 [00:08<00:19,  1.42s/it, total=3.429, recon=1.194, kl=0.1594]
TRAIN:  30%|████████████                            | 6/20 [00:09<00:19,  1.42s/it, total=3.317, recon=1.020, kl=0.1691]
TRAIN:  35%|██████████████                          | 7/20 [00:09<00:17,  1.37s/it, total=3.317, recon=1.020, kl=0.1691]
TRAIN:  35%|██████████████                          | 7/20 [00:10<00:17,  1.37s/it, total=3.264, recon=1.009, kl=0.1719]
TRAIN:  40%|████████████████                        | 8/20 [00:10<00:15,  1.33s/it, total=3.264, recon=1.009, kl=0.1719]
TRAIN:  40%|████████████████                        | 8/20 [00:12<00:15,  1.33s/it, total=2.983, recon=0.956, kl=0.1727]
TRAIN:  45%|██████████████████                      | 9/20 [00:12<00:14,  1.33s/it, total=2.983, recon=0.956, kl=0.1727]
TRAIN:  45%|██████████████████                      | 9/20 [00:13<00:14,  1.33s/it, total=3.064, recon=1.029, kl=0.1665]
TRAIN:  50%|███████████████████▌                   | 10/20 [00:13<00:13,  1.37s/it, total=3.064, recon=1.029, kl=0.1665]
TRAIN:  50%|███████████████████▌                   | 10/20 [00:14<00:13,  1.37s/it, total=3.384, recon=1.117, kl=0.1744]
TRAIN:  55%|█████████████████████▍                 | 11/20 [00:14<00:11,  1.32s/it, total=3.384, recon=1.117, kl=0.1744]
TRAIN:  55%|█████████████████████▍                 | 11/20 [00:16<00:11,  1.32s/it, total=3.207, recon=1.025, kl=0.1641]
TRAIN:  60%|███████████████████████▍               | 12/20 [00:16<00:10,  1.34s/it, total=3.207, recon=1.025, kl=0.1641]
TRAIN:  60%|███████████████████████▍               | 12/20 [00:17<00:10,  1.34s/it, total=3.284, recon=1.039, kl=0.1628]
TRAIN:  65%|█████████████████████████▎             | 13/20 [00:17<00:09,  1.36s/it, total=3.284, recon=1.039, kl=0.1628]
TRAIN:  65%|█████████████████████████▎             | 13/20 [00:19<00:09,  1.36s/it, total=3.480, recon=1.194, kl=0.1586]
TRAIN:  70%|███████████████████████████▎           | 14/20 [00:19<00:08,  1.47s/it, total=3.480, recon=1.194, kl=0.1586]
TRAIN:  70%|███████████████████████████▎           | 14/20 [00:20<00:08,  1.47s/it, total=3.425, recon=1.235, kl=0.1483]
TRAIN:  75%|█████████████████████████████▎         | 15/20 [00:20<00:07,  1.45s/it, total=3.425, recon=1.235, kl=0.1483]
TRAIN:  75%|█████████████████████████████▎         | 15/20 [00:22<00:07,  1.45s/it, total=3.446, recon=1.101, kl=0.1446]
TRAIN:  80%|███████████████████████████████▏       | 16/20 [00:22<00:05,  1.45s/it, total=3.446, recon=1.101, kl=0.1446]
TRAIN:  80%|███████████████████████████████▏       | 16/20 [00:23<00:05,  1.45s/it, total=3.358, recon=1.114, kl=0.1621]
TRAIN:  85%|█████████████████████████████████▏     | 17/20 [00:23<00:04,  1.38s/it, total=3.358, recon=1.114, kl=0.1621]
TRAIN:  85%|█████████████████████████████████▏     | 17/20 [00:24<00:04,  1.38s/it, total=3.590, recon=1.165, kl=0.1499]
TRAIN:  90%|███████████████████████████████████    | 18/20 [00:24<00:02,  1.36s/it, total=3.590, recon=1.165, kl=0.1499]
TRAIN:  90%|███████████████████████████████████    | 18/20 [00:26<00:02,  1.36s/it, total=3.441, recon=1.107, kl=0.1538]
TRAIN:  95%|█████████████████████████████████████  | 19/20 [00:26<00:01,  1.33s/it, total=3.441, recon=1.107, kl=0.1538]
TRAIN:  95%|█████████████████████████████████████  | 19/20 [00:26<00:01,  1.33s/it, total=3.561, recon=1.244, kl=0.1741]
TRAIN: 100%|███████████████████████████████████████| 20/20 [00:26<00:00,  1.18s/it, total=3.561, recon=1.244, kl=0.1741]
                                                                                                                        

VAL  :   0%|                                                                                      | 0/6 [00:00<?, ?it/s]
VAL  :   0%|                                                 | 0/6 [00:00<?, ?it/s, total=5.060, recon=1.987, kl=0.1555]
VAL  :  17%|██████▊                                  | 1/6 [00:00<00:02,  2.36it/s, total=5.060, recon=1.987, kl=0.1555]
VAL  :  17%|██████▊                                  | 1/6 [00:00<00:02,  2.36it/s, total=4.438, recon=1.727, kl=0.1489]
VAL  :  33%|█████████████▋                           | 2/6 [00:00<00:01,  2.36it/s, total=4.438, recon=1.727, kl=0.1489]
VAL  :  33%|█████████████▋                           | 2/6 [00:01<00:01,  2.36it/s, total=4.457, recon=1.751, kl=0.1422]
VAL  :  50%|████████████████████▌                    | 3/6 [00:01<00:01,  2.49it/s, total=4.457, recon=1.751, kl=0.1422]
VAL  :  50%|████████████████████▌                    | 3/6 [00:01<00:01,  2.49it/s, total=4.472, recon=1.694, kl=0.1514]
VAL  :  67%|███████████████████████████▎             | 4/6 [00:01<00:00,  2.49it/s, total=4.472, recon=1.694, kl=0.1514]
VAL  :  67%|███████████████████████████▎             | 4/6 [00:01<00:00,  2.49it/s, total=4.220, recon=1.726, kl=0.1586]
VAL  :  83%|██████████████████████████████████▏      | 5/6 [00:01<00:00,  2.63it/s, total=4.220, recon=1.726, kl=0.1586]
VAL  :  83%|██████████████████████████████████▏      | 5/6 [00:02<00:00,  2.63it/s, total=3.940, recon=1.529, kl=0.1435]
VAL  : 100%|█████████████████████████████████████████| 6/6 [00:02<00:00,  3.19it/s, total=3.940, recon=1.529, kl=0.1435]
                                                                                                                        

TRAIN:   0%|                                                                                     | 0/20 [00:00<?, ?it/s]
TRAIN:   0%|                                                | 0/20 [00:01<?, ?it/s, total=2.960, recon=1.047, kl=0.1551]
TRAIN:   5%|██                                      | 1/20 [00:01<00:23,  1.23s/it, total=2.960, recon=1.047, kl=0.1551]
TRAIN:   5%|██                                      | 1/20 [00:02<00:23,  1.23s/it, total=3.261, recon=1.036, kl=0.1626]
TRAIN:  10%|████                                    | 2/20 [00:02<00:22,  1.24s/it, total=3.261, recon=1.036, kl=0.1626]
TRAIN:  10%|████                                    | 2/20 [00:03<00:22,  1.24s/it, total=3.069, recon=1.038, kl=0.1566]
TRAIN:  15%|██████                                  | 3/20 [00:03<00:20,  1.22s/it, total=3.069, recon=1.038, kl=0.1566]
TRAIN:  15%|██████                                  | 3/20 [00:04<00:20,  1.22s/it, total=3.119, recon=1.034, kl=0.1558]
TRAIN:  20%|████████                                | 4/20 [00:04<00:19,  1.22s/it, total=3.119, recon=1.034, kl=0.1558]
TRAIN:  20%|████████                                | 4/20 [00:06<00:19,  1.22s/it, total=3.082, recon=0.963, kl=0.1579]
TRAIN:  25%|██████████                              | 5/20 [00:06<00:18,  1.23s/it, total=3.082, recon=0.963, kl=0.1579]
TRAIN:  25%|██████████                              | 5/20 [00:08<00:18,  1.23s/it, total=3.161, recon=1.041, kl=0.1610]
TRAIN:  30%|████████████                            | 6/20 [00:08<00:20,  1.49s/it, total=3.161, recon=1.041, kl=0.1610]
TRAIN:  30%|████████████                            | 6/20 [00:09<00:20,  1.49s/it, total=3.169, recon=1.056, kl=0.1514]
TRAIN:  35%|██████████████                          | 7/20 [00:09<00:18,  1.44s/it, total=3.169, recon=1.056, kl=0.1514]
TRAIN:  35%|██████████████                          | 7/20 [00:11<00:18,  1.44s/it, total=3.493, recon=1.176, kl=0.1509]
TRAIN:  40%|████████████████                        | 8/20 [00:11<00:17,  1.46s/it, total=3.493, recon=1.176, kl=0.1509]
TRAIN:  40%|████████████████                        | 8/20 [00:12<00:17,  1.46s/it, total=3.433, recon=1.119, kl=0.1556]
TRAIN:  45%|██████████████████                      | 9/20 [00:12<00:16,  1.53s/it, total=3.433, recon=1.119, kl=0.1556]
TRAIN:  45%|██████████████████                      | 9/20 [00:14<00:16,  1.53s/it, total=3.357, recon=1.111, kl=0.1511]
TRAIN:  50%|███████████████████▌                   | 10/20 [00:14<00:14,  1.46s/it, total=3.357, recon=1.111, kl=0.1511]
TRAIN:  50%|███████████████████▌                   | 10/20 [00:15<00:14,  1.46s/it, total=3.157, recon=0.990, kl=0.1488]
TRAIN:  55%|█████████████████████▍                 | 11/20 [00:15<00:12,  1.40s/it, total=3.157, recon=0.990, kl=0.1488]
TRAIN:  55%|█████████████████████▍                 | 11/20 [00:16<00:12,  1.40s/it, total=3.302, recon=1.131, kl=0.1342]
TRAIN:  60%|███████████████████████▍               | 12/20 [00:16<00:11,  1.41s/it, total=3.302, recon=1.131, kl=0.1342]
TRAIN:  60%|███████████████████████▍               | 12/20 [00:18<00:11,  1.41s/it, total=3.568, recon=1.167, kl=0.1530]
TRAIN:  65%|█████████████████████████▎             | 13/20 [00:18<00:09,  1.43s/it, total=3.568, recon=1.167, kl=0.1530]
TRAIN:  65%|█████████████████████████▎             | 13/20 [00:20<00:09,  1.43s/it, total=3.431, recon=1.129, kl=0.1476]
TRAIN:  70%|███████████████████████████▎           | 14/20 [00:20<00:09,  1.55s/it, total=3.431, recon=1.129, kl=0.1476]
TRAIN:  70%|███████████████████████████▎           | 14/20 [00:21<00:09,  1.55s/it, total=3.403, recon=1.075, kl=0.1510]
TRAIN:  75%|█████████████████████████████▎         | 15/20 [00:21<00:07,  1.46s/it, total=3.403, recon=1.075, kl=0.1510]
TRAIN:  75%|█████████████████████████████▎         | 15/20 [00:22<00:07,  1.46s/it, total=3.257, recon=1.059, kl=0.1418]
TRAIN:  80%|███████████████████████████████▏       | 16/20 [00:22<00:05,  1.45s/it, total=3.257, recon=1.059, kl=0.1418]
TRAIN:  80%|███████████████████████████████▏       | 16/20 [00:23<00:05,  1.45s/it, total=3.136, recon=1.022, kl=0.1504]
TRAIN:  85%|█████████████████████████████████▏     | 17/20 [00:23<00:04,  1.38s/it, total=3.136, recon=1.022, kl=0.1504]
TRAIN:  85%|█████████████████████████████████▏     | 17/20 [00:25<00:04,  1.38s/it, total=3.184, recon=1.064, kl=0.1492]
TRAIN:  90%|███████████████████████████████████    | 18/20 [00:25<00:02,  1.37s/it, total=3.184, recon=1.064, kl=0.1492]
TRAIN:  90%|███████████████████████████████████    | 18/20 [00:26<00:02,  1.37s/it, total=3.252, recon=0.983, kl=0.1463]
TRAIN:  95%|█████████████████████████████████████  | 19/20 [00:26<00:01,  1.40s/it, total=3.252, recon=0.983, kl=0.1463]
TRAIN:  95%|█████████████████████████████████████  | 19/20 [00:27<00:01,  1.40s/it, total=3.171, recon=0.961, kl=0.1465]
TRAIN: 100%|███████████████████████████████████████| 20/20 [00:27<00:00,  1.24s/it, total=3.171, recon=0.961, kl=0.1465]
                                                                                                                        

VAL  :   0%|                                                                                      | 0/6 [00:00<?, ?it/s]
VAL  :   0%|                                                 | 0/6 [00:00<?, ?it/s, total=4.906, recon=1.932, kl=0.1472]
VAL  :  17%|██████▊                                  | 1/6 [00:00<00:02,  2.39it/s, total=4.906, recon=1.932, kl=0.1472]
VAL  :  17%|██████▊                                  | 1/6 [00:00<00:02,  2.39it/s, total=4.447, recon=1.688, kl=0.1437]
VAL  :  33%|█████████████▋                           | 2/6 [00:00<00:01,  2.40it/s, total=4.447, recon=1.688, kl=0.1437]
VAL  :  33%|█████████████▋                           | 2/6 [00:01<00:01,  2.40it/s, total=4.234, recon=1.704, kl=0.1420]
VAL  :  50%|████████████████████▌                    | 3/6 [00:01<00:01,  2.58it/s, total=4.234, recon=1.704, kl=0.1420]
VAL  :  50%|████████████████████▌                    | 3/6 [00:01<00:01,  2.58it/s, total=4.463, recon=1.632, kl=0.1377]
VAL  :  67%|███████████████████████████▎             | 4/6 [00:01<00:00,  2.35it/s, total=4.463, recon=1.632, kl=0.1377]
VAL  :  67%|███████████████████████████▎             | 4/6 [00:02<00:00,  2.35it/s, total=4.162, recon=1.691, kl=0.1457]
VAL  :  83%|██████████████████████████████████▏      | 5/6 [00:02<00:00,  2.36it/s, total=4.162, recon=1.691, kl=0.1457]
VAL  :  83%|██████████████████████████████████▏      | 5/6 [00:02<00:00,  2.36it/s, total=4.194, recon=1.513, kl=0.1474]
VAL  : 100%|█████████████████████████████████████████| 6/6 [00:02<00:00,  2.80it/s, total=4.194, recon=1.513, kl=0.1474]
                                                                                                                        

TRAIN:   0%|                                                                                     | 0/20 [00:00<?, ?it/s]
TRAIN:   0%|                                                | 0/20 [00:01<?, ?it/s, total=3.297, recon=1.010, kl=0.1508]
TRAIN:   5%|██                                      | 1/20 [00:01<00:29,  1.55s/it, total=3.297, recon=1.010, kl=0.1508]
TRAIN:   5%|██                                      | 1/20 [00:03<00:29,  1.55s/it, total=3.324, recon=1.034, kl=0.1471]
TRAIN:  10%|████                                    | 2/20 [00:03<00:28,  1.59s/it, total=3.324, recon=1.034, kl=0.1471]
TRAIN:  10%|████                                    | 2/20 [00:04<00:28,  1.59s/it, total=3.372, recon=1.001, kl=0.1485]
TRAIN:  15%|██████                                  | 3/20 [00:04<00:27,  1.59s/it, total=3.372, recon=1.001, kl=0.1485]
TRAIN:  15%|██████                                  | 3/20 [00:06<00:27,  1.59s/it, total=3.683, recon=1.171, kl=0.1496]
TRAIN:  20%|████████                                | 4/20 [00:06<00:24,  1.53s/it, total=3.683, recon=1.171, kl=0.1496]
TRAIN:  20%|████████                                | 4/20 [00:07<00:24,  1.53s/it, total=3.552, recon=1.150, kl=0.1507]
TRAIN:  25%|██████████                              | 5/20 [00:07<00:23,  1.57s/it, total=3.552, recon=1.150, kl=0.1507]
TRAIN:  25%|██████████                              | 5/20 [00:09<00:23,  1.57s/it, total=3.185, recon=1.056, kl=0.1467]
TRAIN:  30%|████████████                            | 6/20 [00:09<00:22,  1.63s/it, total=3.185, recon=1.056, kl=0.1467]
TRAIN:  30%|████████████                            | 6/20 [00:11<00:22,  1.63s/it, total=3.228, recon=1.013, kl=0.1474]
TRAIN:  35%|██████████████                          | 7/20 [00:11<00:20,  1.61s/it, total=3.228, recon=1.013, kl=0.1474]
TRAIN:  35%|██████████████                          | 7/20 [00:12<00:20,  1.61s/it, total=3.085, recon=0.987, kl=0.1434]
TRAIN:  40%|████████████████                        | 8/20 [00:12<00:19,  1.60s/it, total=3.085, recon=0.987, kl=0.1434]
TRAIN:  40%|████████████████                        | 8/20 [00:14<00:19,  1.60s/it, total=2.962, recon=0.979, kl=0.1446]
TRAIN:  45%|██████████████████                      | 9/20 [00:14<00:17,  1.55s/it, total=2.962, recon=0.979, kl=0.1446]
TRAIN:  45%|██████████████████                      | 9/20 [00:15<00:17,  1.55s/it, total=3.020, recon=0.950, kl=0.1380]
TRAIN:  50%|███████████████████▌                   | 10/20 [00:15<00:15,  1.59s/it, total=3.020, recon=0.950, kl=0.1380]
TRAIN:  50%|███████████████████▌                   | 10/20 [00:17<00:15,  1.59s/it, total=3.109, recon=0.940, kl=0.1353]
TRAIN:  55%|█████████████████████▍                 | 11/20 [00:17<00:13,  1.52s/it, total=3.109, recon=0.940, kl=0.1353]
TRAIN:  55%|█████████████████████▍                 | 11/20 [00:18<00:13,  1.52s/it, total=3.210, recon=1.173, kl=0.1476]
TRAIN:  60%|███████████████████████▍               | 12/20 [00:18<00:11,  1.48s/it, total=3.210, recon=1.173, kl=0.1476]
TRAIN:  60%|███████████████████████▍               | 12/20 [00:20<00:11,  1.48s/it, total=3.037, recon=0.948, kl=0.1396]
TRAIN:  65%|█████████████████████████▎             | 13/20 [00:20<00:10,  1.48s/it, total=3.037, recon=0.948, kl=0.1396]
TRAIN:  65%|█████████████████████████▎             | 13/20 [00:21<00:10,  1.48s/it, total=2.913, recon=0.981, kl=0.1355]
TRAIN:  70%|███████████████████████████▎           | 14/20 [00:21<00:08,  1.41s/it, total=2.913, recon=0.981, kl=0.1355]
TRAIN:  70%|███████████████████████████▎           | 14/20 [00:23<00:08,  1.41s/it, total=3.076, recon=0.999, kl=0.1466]
TRAIN:  75%|█████████████████████████████▎         | 15/20 [00:23<00:07,  1.50s/it, total=3.076, recon=0.999, kl=0.1466]
TRAIN:  75%|█████████████████████████████▎         | 15/20 [00:24<00:07,  1.50s/it, total=3.110, recon=0.956, kl=0.1428]
TRAIN:  80%|███████████████████████████████▏       | 16/20 [00:24<00:05,  1.48s/it, total=3.110, recon=0.956, kl=0.1428]
TRAIN:  80%|███████████████████████████████▏       | 16/20 [00:25<00:05,  1.48s/it, total=3.332, recon=1.034, kl=0.1400]
TRAIN:  85%|█████████████████████████████████▏     | 17/20 [00:25<00:04,  1.47s/it, total=3.332, recon=1.034, kl=0.1400]
TRAIN:  85%|█████████████████████████████████▏     | 17/20 [00:27<00:04,  1.47s/it, total=3.172, recon=1.066, kl=0.1447]
TRAIN:  90%|███████████████████████████████████    | 18/20 [00:27<00:02,  1.42s/it, total=3.172, recon=1.066, kl=0.1447]
TRAIN:  90%|███████████████████████████████████    | 18/20 [00:28<00:02,  1.42s/it, total=2.987, recon=0.957, kl=0.1418]
TRAIN:  95%|█████████████████████████████████████  | 19/20 [00:28<00:01,  1.42s/it, total=2.987, recon=0.957, kl=0.1418]
TRAIN:  95%|█████████████████████████████████████  | 19/20 [00:29<00:01,  1.42s/it, total=3.204, recon=1.025, kl=0.1410]
TRAIN: 100%|███████████████████████████████████████| 20/20 [00:29<00:00,  1.24s/it, total=3.204, recon=1.025, kl=0.1410]
                                                                                                                        

VAL  :   0%|                                                                                      | 0/6 [00:00<?, ?it/s]
VAL  :   0%|                                                 | 0/6 [00:00<?, ?it/s, total=4.819, recon=1.940, kl=0.1355]
VAL  :  17%|██████▊                                  | 1/6 [00:00<00:02,  2.35it/s, total=4.819, recon=1.940, kl=0.1355]
VAL  :  17%|██████▊                                  | 1/6 [00:00<00:02,  2.35it/s, total=4.381, recon=1.718, kl=0.1353]
VAL  :  33%|█████████████▋                           | 2/6 [00:00<00:01,  2.36it/s, total=4.381, recon=1.718, kl=0.1353]
VAL  :  33%|█████████████▋                           | 2/6 [00:01<00:01,  2.36it/s, total=4.356, recon=1.722, kl=0.1333]
VAL  :  50%|████████████████████▌                    | 3/6 [00:01<00:01,  2.36it/s, total=4.356, recon=1.722, kl=0.1333]
VAL  :  50%|████████████████████▌                    | 3/6 [00:01<00:01,  2.36it/s, total=4.189, recon=1.646, kl=0.1329]
VAL  :  67%|███████████████████████████▎             | 4/6 [00:01<00:00,  2.39it/s, total=4.189, recon=1.646, kl=0.1329]
VAL  :  67%|███████████████████████████▎             | 4/6 [00:02<00:00,  2.39it/s, total=4.373, recon=1.696, kl=0.1316]
VAL  :  83%|██████████████████████████████████▏      | 5/6 [00:02<00:00,  2.47it/s, total=4.373, recon=1.696, kl=0.1316]
VAL  :  83%|██████████████████████████████████▏      | 5/6 [00:02<00:00,  2.47it/s, total=4.290, recon=1.518, kl=0.1309]
VAL  : 100%|█████████████████████████████████████████| 6/6 [00:02<00:00,  2.87it/s, total=4.290, recon=1.518, kl=0.1309]
                                                                                                                        

TRAIN:   0%|                                                                                     | 0/20 [00:00<?, ?it/s]
TRAIN:   0%|                                                | 0/20 [00:01<?, ?it/s, total=2.922, recon=0.970, kl=0.1338]
TRAIN:   5%|██                                      | 1/20 [00:01<00:30,  1.62s/it, total=2.922, recon=0.970, kl=0.1338]
TRAIN:   5%|██                                      | 1/20 [00:03<00:30,  1.62s/it, total=2.844, recon=0.949, kl=0.1402]
TRAIN:  10%|████                                    | 2/20 [00:03<00:29,  1.61s/it, total=2.844, recon=0.949, kl=0.1402]
TRAIN:  10%|████                                    | 2/20 [00:04<00:29,  1.61s/it, total=2.930, recon=0.957, kl=0.1419]
TRAIN:  15%|██████                                  | 3/20 [00:04<00:25,  1.53s/it, total=2.930, recon=0.957, kl=0.1419]
TRAIN:  15%|██████                                  | 3/20 [00:05<00:25,  1.53s/it, total=2.965, recon=1.032, kl=0.1329]
TRAIN:  20%|████████                                | 4/20 [00:05<00:23,  1.49s/it, total=2.965, recon=1.032, kl=0.1329]
TRAIN:  20%|████████                                | 4/20 [00:07<00:23,  1.49s/it, total=3.272, recon=1.029, kl=0.1324]
TRAIN:  25%|██████████                              | 5/20 [00:07<00:22,  1.49s/it, total=3.272, recon=1.029, kl=0.1324]
TRAIN:  25%|██████████                              | 5/20 [00:08<00:22,  1.49s/it, total=3.201, recon=1.065, kl=0.1364]
TRAIN:  30%|████████████                            | 6/20 [00:08<00:20,  1.44s/it, total=3.201, recon=1.065, kl=0.1364]
TRAIN:  30%|████████████                            | 6/20 [00:10<00:20,  1.44s/it, total=2.955, recon=0.904, kl=0.1389]
TRAIN:  35%|██████████████                          | 7/20 [00:10<00:18,  1.41s/it, total=2.955, recon=0.904, kl=0.1389]
TRAIN:  35%|██████████████                          | 7/20 [00:11<00:18,  1.41s/it, total=3.200, recon=1.065, kl=0.1365]
TRAIN:  40%|████████████████                        | 8/20 [00:11<00:16,  1.40s/it, total=3.200, recon=1.065, kl=0.1365]
TRAIN:  40%|████████████████                        | 8/20 [00:12<00:16,  1.40s/it, total=3.312, recon=1.094, kl=0.1376]
TRAIN:  45%|██████████████████                      | 9/20 [00:12<00:14,  1.35s/it, total=3.312, recon=1.094, kl=0.1376]
TRAIN:  45%|██████████████████                      | 9/20 [00:14<00:14,  1.35s/it, total=3.201, recon=1.063, kl=0.1385]
TRAIN:  50%|███████████████████▌                   | 10/20 [00:14<00:13,  1.34s/it, total=3.201, recon=1.063, kl=0.1385]
TRAIN:  50%|███████████████████▌                   | 10/20 [00:15<00:13,  1.34s/it, total=3.095, recon=0.965, kl=0.1363]
TRAIN:  55%|█████████████████████▍                 | 11/20 [00:15<00:12,  1.34s/it, total=3.095, recon=0.965, kl=0.1363]
TRAIN:  55%|█████████████████████▍                 | 11/20 [00:16<00:12,  1.34s/it, total=3.131, recon=1.005, kl=0.1341]
TRAIN:  60%|███████████████████████▍               | 12/20 [00:16<00:10,  1.32s/it, total=3.131, recon=1.005, kl=0.1341]
TRAIN:  60%|███████████████████████▍               | 12/20 [00:18<00:10,  1.32s/it, total=3.436, recon=1.073, kl=0.1305]
TRAIN:  65%|█████████████████████████▎             | 13/20 [00:18<00:09,  1.38s/it, total=3.436, recon=1.073, kl=0.1305]
TRAIN:  65%|█████████████████████████▎             | 13/20 [00:19<00:09,  1.38s/it, total=2.838, recon=0.957, kl=0.1358]
TRAIN:  70%|███████████████████████████▎           | 14/20 [00:19<00:09,  1.51s/it, total=2.838, recon=0.957, kl=0.1358]
TRAIN:  70%|███████████████████████████▎           | 14/20 [00:21<00:09,  1.51s/it, total=3.088, recon=0.941, kl=0.1337]
TRAIN:  75%|█████████████████████████████▎         | 15/20 [00:21<00:07,  1.43s/it, total=3.088, recon=0.941, kl=0.1337]
TRAIN:  75%|█████████████████████████████▎         | 15/20 [00:22<00:07,  1.43s/it, total=3.161, recon=0.955, kl=0.1329]
TRAIN:  80%|███████████████████████████████▏       | 16/20 [00:22<00:05,  1.38s/it, total=3.161, recon=0.955, kl=0.1329]
TRAIN:  80%|███████████████████████████████▏       | 16/20 [00:24<00:05,  1.38s/it, total=3.128, recon=1.012, kl=0.1336]
TRAIN:  85%|█████████████████████████████████▏     | 17/20 [00:24<00:04,  1.43s/it, total=3.128, recon=1.012, kl=0.1336]
TRAIN:  85%|█████████████████████████████████▏     | 17/20 [00:25<00:04,  1.43s/it, total=2.930, recon=0.866, kl=0.1297]
TRAIN:  90%|███████████████████████████████████    | 18/20 [00:25<00:02,  1.46s/it, total=2.930, recon=0.866, kl=0.1297]
TRAIN:  90%|███████████████████████████████████    | 18/20 [00:27<00:02,  1.46s/it, total=3.137, recon=0.961, kl=0.1260]
TRAIN:  95%|█████████████████████████████████████  | 19/20 [00:27<00:01,  1.47s/it, total=3.137, recon=0.961, kl=0.1260]
TRAIN:  95%|█████████████████████████████████████  | 19/20 [00:27<00:01,  1.47s/it, total=2.816, recon=0.953, kl=0.1279]
TRAIN: 100%|███████████████████████████████████████| 20/20 [00:27<00:00,  1.25s/it, total=2.816, recon=0.953, kl=0.1279]
                                                                                                                        

VAL  :   0%|                                                                                      | 0/6 [00:00<?, ?it/s]
VAL  :   0%|                                                 | 0/6 [00:00<?, ?it/s, total=4.923, recon=1.943, kl=0.1332]
VAL  :  17%|██████▊                                  | 1/6 [00:00<00:02,  1.99it/s, total=4.923, recon=1.943, kl=0.1332]
VAL  :  17%|██████▊                                  | 1/6 [00:01<00:02,  1.99it/s, total=4.415, recon=1.716, kl=0.1273]
VAL  :  33%|█████████████▋                           | 2/6 [00:01<00:02,  1.90it/s, total=4.415, recon=1.716, kl=0.1273]
VAL  :  33%|█████████████▋                           | 2/6 [00:01<00:02,  1.90it/s, total=4.387, recon=1.714, kl=0.1243]
VAL  :  50%|████████████████████▌                    | 3/6 [00:01<00:01,  2.16it/s, total=4.387, recon=1.714, kl=0.1243]
VAL  :  50%|████████████████████▌                    | 3/6 [00:01<00:01,  2.16it/s, total=4.243, recon=1.644, kl=0.1244]
VAL  :  67%|███████████████████████████▎             | 4/6 [00:01<00:00,  2.38it/s, total=4.243, recon=1.644, kl=0.1244]
VAL  :  67%|███████████████████████████▎             | 4/6 [00:02<00:00,  2.38it/s, total=4.394, recon=1.686, kl=0.1252]
VAL  :  83%|██████████████████████████████████▏      | 5/6 [00:02<00:00,  2.44it/s, total=4.394, recon=1.686, kl=0.1252]
VAL  :  83%|██████████████████████████████████▏      | 5/6 [00:02<00:00,  2.44it/s, total=3.632, recon=1.503, kl=0.1270]
VAL  : 100%|█████████████████████████████████████████| 6/6 [00:02<00:00,  3.08it/s, total=3.632, recon=1.503, kl=0.1270]
                                                                                                                        

TRAIN:   0%|                                                                                     | 0/20 [00:00<?, ?it/s]
TRAIN:   0%|                                                | 0/20 [00:01<?, ?it/s, total=2.692, recon=0.876, kl=0.1314]
TRAIN:   5%|██                                      | 1/20 [00:01<00:25,  1.34s/it, total=2.692, recon=0.876, kl=0.1314]
TRAIN:   5%|██                                      | 1/20 [00:02<00:25,  1.34s/it, total=3.238, recon=1.067, kl=0.1342]
TRAIN:  10%|████                                    | 2/20 [00:02<00:24,  1.35s/it, total=3.238, recon=1.067, kl=0.1342]
TRAIN:  10%|████                                    | 2/20 [00:03<00:24,  1.35s/it, total=3.230, recon=1.026, kl=0.1324]
TRAIN:  15%|██████                                  | 3/20 [00:03<00:22,  1.30s/it, total=3.230, recon=1.026, kl=0.1324]
TRAIN:  15%|██████                                  | 3/20 [00:05<00:22,  1.30s/it, total=2.942, recon=0.942, kl=0.1319]
TRAIN:  20%|████████                                | 4/20 [00:05<00:21,  1.36s/it, total=2.942, recon=0.942, kl=0.1319]
TRAIN:  20%|████████                                | 4/20 [00:06<00:21,  1.36s/it, total=3.086, recon=0.901, kl=0.1300]
TRAIN:  25%|██████████                              | 5/20 [00:06<00:21,  1.43s/it, total=3.086, recon=0.901, kl=0.1300]
TRAIN:  25%|██████████                              | 5/20 [00:08<00:21,  1.43s/it, total=3.139, recon=1.073, kl=0.1310]
TRAIN:  30%|████████████                            | 6/20 [00:08<00:19,  1.38s/it, total=3.139, recon=1.073, kl=0.1310]
TRAIN:  30%|████████████                            | 6/20 [00:09<00:19,  1.38s/it, total=3.093, recon=0.984, kl=0.1279]
TRAIN:  35%|██████████████                          | 7/20 [00:09<00:17,  1.35s/it, total=3.093, recon=0.984, kl=0.1279]
TRAIN:  35%|██████████████                          | 7/20 [00:10<00:17,  1.35s/it, total=2.686, recon=0.875, kl=0.1274]
TRAIN:  40%|████████████████                        | 8/20 [00:10<00:16,  1.36s/it, total=2.686, recon=0.875, kl=0.1274]
TRAIN:  40%|████████████████                        | 8/20 [00:12<00:16,  1.36s/it, total=2.956, recon=0.957, kl=0.1311]
TRAIN:  45%|██████████████████                      | 9/20 [00:12<00:14,  1.36s/it, total=2.956, recon=0.957, kl=0.1311]
TRAIN:  45%|██████████████████                      | 9/20 [00:13<00:14,  1.36s/it, total=3.158, recon=0.956, kl=0.1254]
TRAIN:  50%|███████████████████▌                   | 10/20 [00:13<00:13,  1.34s/it, total=3.158, recon=0.956, kl=0.1254]
TRAIN:  50%|███████████████████▌                   | 10/20 [00:14<00:13,  1.34s/it, total=3.088, recon=0.989, kl=0.1304]
TRAIN:  55%|█████████████████████▍                 | 11/20 [00:14<00:11,  1.33s/it, total=3.088, recon=0.989, kl=0.1304]
TRAIN:  55%|█████████████████████▍                 | 11/20 [00:16<00:11,  1.33s/it, total=3.244, recon=0.891, kl=0.1289]
TRAIN:  60%|███████████████████████▍               | 12/20 [00:16<00:10,  1.33s/it, total=3.244, recon=0.891, kl=0.1289]
TRAIN:  60%|███████████████████████▍               | 12/20 [00:17<00:10,  1.33s/it, total=2.935, recon=0.872, kl=0.1210]
TRAIN:  65%|█████████████████████████▎             | 13/20 [00:17<00:09,  1.31s/it, total=2.935, recon=0.872, kl=0.1210]
TRAIN:  65%|█████████████████████████▎             | 13/20 [00:18<00:09,  1.31s/it, total=3.512, recon=1.133, kl=0.1299]
TRAIN:  70%|███████████████████████████▎           | 14/20 [00:18<00:07,  1.32s/it, total=3.512, recon=1.133, kl=0.1299]
TRAIN:  70%|███████████████████████████▎           | 14/20 [00:20<00:07,  1.32s/it, total=3.005, recon=1.000, kl=0.1297]
TRAIN:  75%|█████████████████████████████▎         | 15/20 [00:20<00:06,  1.33s/it, total=3.005, recon=1.000, kl=0.1297]
TRAIN:  75%|█████████████████████████████▎         | 15/20 [00:21<00:06,  1.33s/it, total=3.268, recon=1.038, kl=0.1326]
TRAIN:  80%|███████████████████████████████▏       | 16/20 [00:21<00:05,  1.32s/it, total=3.268, recon=1.038, kl=0.1326]
TRAIN:  80%|███████████████████████████████▏       | 16/20 [00:22<00:05,  1.32s/it, total=2.849, recon=0.883, kl=0.1268]
TRAIN:  85%|█████████████████████████████████▏     | 17/20 [00:22<00:04,  1.36s/it, total=2.849, recon=0.883, kl=0.1268]
TRAIN:  85%|█████████████████████████████████▏     | 17/20 [00:24<00:04,  1.36s/it, total=3.020, recon=0.994, kl=0.1299]
TRAIN:  90%|███████████████████████████████████    | 18/20 [00:24<00:02,  1.44s/it, total=3.020, recon=0.994, kl=0.1299]
TRAIN:  90%|███████████████████████████████████    | 18/20 [00:26<00:02,  1.44s/it, total=2.922, recon=0.974, kl=0.1278]
TRAIN:  95%|█████████████████████████████████████  | 19/20 [00:26<00:01,  1.50s/it, total=2.922, recon=0.974, kl=0.1278]
TRAIN:  95%|█████████████████████████████████████  | 19/20 [00:26<00:01,  1.50s/it, total=2.649, recon=0.895, kl=0.1171]
TRAIN: 100%|███████████████████████████████████████| 20/20 [00:26<00:00,  1.29s/it, total=2.649, recon=0.895, kl=0.1171]
                                                                                                                        

VAL  :   0%|                                                                                      | 0/6 [00:00<?, ?it/s]
VAL  :   0%|                                                 | 0/6 [00:00<?, ?it/s, total=4.859, recon=1.932, kl=0.1251]
VAL  :  17%|██████▊                                  | 1/6 [00:00<00:02,  2.38it/s, total=4.859, recon=1.932, kl=0.1251]
VAL  :  17%|██████▊                                  | 1/6 [00:00<00:02,  2.38it/s, total=4.448, recon=1.711, kl=0.1222]
VAL  :  33%|█████████████▋                           | 2/6 [00:00<00:01,  2.23it/s, total=4.448, recon=1.711, kl=0.1222]
VAL  :  33%|█████████████▋                           | 2/6 [00:01<00:01,  2.23it/s, total=4.325, recon=1.745, kl=0.1168]
VAL  :  50%|████████████████████▌                    | 3/6 [00:01<00:01,  2.16it/s, total=4.325, recon=1.745, kl=0.1168]
VAL  :  50%|████████████████████▌                    | 3/6 [00:01<00:01,  2.16it/s, total=4.242, recon=1.681, kl=0.1123]
VAL  :  67%|███████████████████████████▎             | 4/6 [00:01<00:00,  2.29it/s, total=4.242, recon=1.681, kl=0.1123]
VAL  :  67%|███████████████████████████▎             | 4/6 [00:02<00:00,  2.29it/s, total=4.226, recon=1.729, kl=0.1160]
VAL  :  83%|██████████████████████████████████▏      | 5/6 [00:02<00:00,  2.39it/s, total=4.226, recon=1.729, kl=0.1160]
VAL  :  83%|██████████████████████████████████▏      | 5/6 [00:02<00:00,  2.39it/s, total=3.603, recon=1.486, kl=0.1135]
VAL  : 100%|█████████████████████████████████████████| 6/6 [00:02<00:00,  2.97it/s, total=3.603, recon=1.486, kl=0.1135]
                                                                                                                        

TRAIN:   0%|                                                                                     | 0/20 [00:00<?, ?it/s]
TRAIN:   0%|                                                | 0/20 [00:01<?, ?it/s, total=2.808, recon=0.874, kl=0.1244]
TRAIN:   5%|██                                      | 1/20 [00:01<00:22,  1.20s/it, total=2.808, recon=0.874, kl=0.1244]
TRAIN:   5%|██                                      | 1/20 [00:02<00:22,  1.20s/it, total=2.864, recon=0.922, kl=0.1238]
TRAIN:  10%|████                                    | 2/20 [00:02<00:21,  1.21s/it, total=2.864, recon=0.922, kl=0.1238]
TRAIN:  10%|████                                    | 2/20 [00:03<00:21,  1.21s/it, total=3.029, recon=0.902, kl=0.1259]
TRAIN:  15%|██████                                  | 3/20 [00:03<00:20,  1.23s/it, total=3.029, recon=0.902, kl=0.1259]
TRAIN:  15%|██████                                  | 3/20 [00:04<00:20,  1.23s/it, total=3.026, recon=1.015, kl=0.1248]
TRAIN:  20%|████████                                | 4/20 [00:04<00:19,  1.24s/it, total=3.026, recon=1.015, kl=0.1248]
TRAIN:  20%|████████                                | 4/20 [00:06<00:19,  1.24s/it, total=2.624, recon=0.827, kl=0.1183]
TRAIN:  25%|██████████                              | 5/20 [00:06<00:19,  1.29s/it, total=2.624, recon=0.827, kl=0.1183]
TRAIN:  25%|██████████                              | 5/20 [00:07<00:19,  1.29s/it, total=2.963, recon=0.960, kl=0.1205]
TRAIN:  30%|████████████                            | 6/20 [00:07<00:18,  1.31s/it, total=2.963, recon=0.960, kl=0.1205]
TRAIN:  30%|████████████                            | 6/20 [00:08<00:18,  1.31s/it, total=2.720, recon=0.909, kl=0.1205]
TRAIN:  35%|██████████████                          | 7/20 [00:08<00:16,  1.30s/it, total=2.720, recon=0.909, kl=0.1205]
TRAIN:  35%|██████████████                          | 7/20 [00:10<00:16,  1.30s/it, total=2.872, recon=0.872, kl=0.1149]
TRAIN:  40%|████████████████                        | 8/20 [00:10<00:15,  1.30s/it, total=2.872, recon=0.872, kl=0.1149]
TRAIN:  40%|████████████████                        | 8/20 [00:11<00:15,  1.30s/it, total=3.435, recon=1.080, kl=0.1205]
TRAIN:  45%|██████████████████                      | 9/20 [00:11<00:14,  1.33s/it, total=3.435, recon=1.080, kl=0.1205]
TRAIN:  45%|██████████████████                      | 9/20 [00:13<00:14,  1.33s/it, total=3.260, recon=1.004, kl=0.1189]
TRAIN:  50%|███████████████████▌                   | 10/20 [00:13<00:13,  1.33s/it, total=3.260, recon=1.004, kl=0.1189]
TRAIN:  50%|███████████████████▌                   | 10/20 [00:14<00:13,  1.33s/it, total=2.879, recon=0.968, kl=0.1215]
TRAIN:  55%|█████████████████████▍                 | 11/20 [00:14<00:12,  1.38s/it, total=2.879, recon=0.968, kl=0.1215]
TRAIN:  55%|█████████████████████▍                 | 11/20 [00:15<00:12,  1.38s/it, total=3.197, recon=0.985, kl=0.1160]
TRAIN:  60%|███████████████████████▍               | 12/20 [00:15<00:11,  1.40s/it, total=3.197, recon=0.985, kl=0.1160]
TRAIN:  60%|███████████████████████▍               | 12/20 [00:17<00:11,  1.40s/it, total=2.787, recon=0.906, kl=0.1229]
TRAIN:  65%|█████████████████████████▎             | 13/20 [00:17<00:09,  1.40s/it, total=2.787, recon=0.906, kl=0.1229]
TRAIN:  65%|█████████████████████████▎             | 13/20 [00:18<00:09,  1.40s/it, total=3.033, recon=0.977, kl=0.1179]
TRAIN:  70%|███████████████████████████▎           | 14/20 [00:18<00:08,  1.38s/it, total=3.033, recon=0.977, kl=0.1179]
TRAIN:  70%|███████████████████████████▎           | 14/20 [00:20<00:08,  1.38s/it, total=2.932, recon=0.965, kl=0.1178]
TRAIN:  75%|█████████████████████████████▎         | 15/20 [00:20<00:06,  1.36s/it, total=2.932, recon=0.965, kl=0.1178]
TRAIN:  75%|█████████████████████████████▎         | 15/20 [00:21<00:06,  1.36s/it, total=3.291, recon=1.090, kl=0.1236]
TRAIN:  80%|███████████████████████████████▏       | 16/20 [00:21<00:05,  1.35s/it, total=3.291, recon=1.090, kl=0.1236]
TRAIN:  80%|███████████████████████████████▏       | 16/20 [00:22<00:05,  1.35s/it, total=2.623, recon=0.814, kl=0.1218]
TRAIN:  85%|█████████████████████████████████▏     | 17/20 [00:22<00:04,  1.34s/it, total=2.623, recon=0.814, kl=0.1218]
TRAIN:  85%|█████████████████████████████████▏     | 17/20 [00:24<00:04,  1.34s/it, total=2.548, recon=0.835, kl=0.1240]
TRAIN:  90%|███████████████████████████████████    | 18/20 [00:24<00:02,  1.38s/it, total=2.548, recon=0.835, kl=0.1240]
TRAIN:  90%|███████████████████████████████████    | 18/20 [00:25<00:02,  1.38s/it, total=2.944, recon=0.934, kl=0.1153]
TRAIN:  95%|█████████████████████████████████████  | 19/20 [00:25<00:01,  1.48s/it, total=2.944, recon=0.934, kl=0.1153]
TRAIN:  95%|█████████████████████████████████████  | 19/20 [00:26<00:01,  1.48s/it, total=2.904, recon=0.903, kl=0.1222]
TRAIN: 100%|███████████████████████████████████████| 20/20 [00:26<00:00,  1.34s/it, total=2.904, recon=0.903, kl=0.1222]
                                                                                                                        

VAL  :   0%|                                                                                      | 0/6 [00:00<?, ?it/s]
VAL  :   0%|                                                 | 0/6 [00:00<?, ?it/s, total=4.753, recon=1.943, kl=0.1197]
VAL  :  17%|██████▊                                  | 1/6 [00:00<00:02,  2.14it/s, total=4.753, recon=1.943, kl=0.1197]
VAL  :  17%|██████▊                                  | 1/6 [00:01<00:02,  2.14it/s, total=4.079, recon=1.716, kl=0.1100]
VAL  :  33%|█████████████▋                           | 2/6 [00:01<00:02,  1.82it/s, total=4.079, recon=1.716, kl=0.1100]
VAL  :  33%|█████████████▋                           | 2/6 [00:01<00:02,  1.82it/s, total=4.174, recon=1.750, kl=0.1062]
VAL  :  50%|████████████████████▌                    | 3/6 [00:01<00:01,  2.02it/s, total=4.174, recon=1.750, kl=0.1062]
VAL  :  50%|████████████████████▌                    | 3/6 [00:01<00:01,  2.02it/s, total=4.054, recon=1.663, kl=0.1083]
VAL  :  67%|███████████████████████████▎             | 4/6 [00:01<00:00,  2.16it/s, total=4.054, recon=1.663, kl=0.1083]
VAL  :  67%|███████████████████████████▎             | 4/6 [00:02<00:00,  2.16it/s, total=4.310, recon=1.694, kl=0.1119]
VAL  :  83%|██████████████████████████████████▏      | 5/6 [00:02<00:00,  2.27it/s, total=4.310, recon=1.694, kl=0.1119]
VAL  :  83%|██████████████████████████████████▏      | 5/6 [00:02<00:00,  2.27it/s, total=3.501, recon=1.477, kl=0.1068]
VAL  : 100%|█████████████████████████████████████████| 6/6 [00:02<00:00,  2.87it/s, total=3.501, recon=1.477, kl=0.1068]
                                                                                                                        

TRAIN:   0%|                                                                                     | 0/20 [00:00<?, ?it/s]
TRAIN:   0%|                                                | 0/20 [00:01<?, ?it/s, total=2.804, recon=0.885, kl=0.1231]
TRAIN:   5%|██                                      | 1/20 [00:01<00:32,  1.72s/it, total=2.804, recon=0.885, kl=0.1231]
TRAIN:   5%|██                                      | 1/20 [00:03<00:32,  1.72s/it, total=3.065, recon=1.005, kl=0.1212]
TRAIN:  10%|████                                    | 2/20 [00:03<00:29,  1.62s/it, total=3.065, recon=1.005, kl=0.1212]
TRAIN:  10%|████                                    | 2/20 [00:04<00:29,  1.62s/it, total=2.676, recon=0.820, kl=0.1197]
TRAIN:  15%|██████                                  | 3/20 [00:04<00:25,  1.51s/it, total=2.676, recon=0.820, kl=0.1197]
TRAIN:  15%|██████                                  | 3/20 [00:05<00:25,  1.51s/it, total=3.054, recon=0.894, kl=0.1166]
TRAIN:  20%|████████                                | 4/20 [00:05<00:23,  1.48s/it, total=3.054, recon=0.894, kl=0.1166]
TRAIN:  20%|████████                                | 4/20 [00:07<00:23,  1.48s/it, total=2.776, recon=0.891, kl=0.1153]
TRAIN:  25%|██████████                              | 5/20 [00:07<00:21,  1.43s/it, total=2.776, recon=0.891, kl=0.1153]
TRAIN:  25%|██████████                              | 5/20 [00:08<00:21,  1.43s/it, total=3.102, recon=0.929, kl=0.1115]
TRAIN:  30%|████████████                            | 6/20 [00:08<00:20,  1.46s/it, total=3.102, recon=0.929, kl=0.1115]
TRAIN:  30%|████████████                            | 6/20 [00:09<00:20,  1.46s/it, total=3.011, recon=0.933, kl=0.1117]
TRAIN:  35%|██████████████                          | 7/20 [00:09<00:18,  1.44s/it, total=3.011, recon=0.933, kl=0.1117]
TRAIN:  35%|██████████████                          | 7/20 [00:11<00:18,  1.44s/it, total=2.841, recon=0.965, kl=0.1107]
TRAIN:  40%|████████████████                        | 8/20 [00:11<00:17,  1.49s/it, total=2.841, recon=0.965, kl=0.1107]
TRAIN:  40%|████████████████                        | 8/20 [00:12<00:17,  1.49s/it, total=3.066, recon=0.915, kl=0.1098]
TRAIN:  45%|██████████████████                      | 9/20 [00:12<00:15,  1.41s/it, total=3.066, recon=0.915, kl=0.1098]
TRAIN:  45%|██████████████████                      | 9/20 [00:14<00:15,  1.41s/it, total=2.509, recon=0.787, kl=0.1173]
TRAIN:  50%|███████████████████▌                   | 10/20 [00:14<00:13,  1.34s/it, total=2.509, recon=0.787, kl=0.1173]
TRAIN:  50%|███████████████████▌                   | 10/20 [00:15<00:13,  1.34s/it, total=3.160, recon=0.990, kl=0.1189]
TRAIN:  55%|█████████████████████▍                 | 11/20 [00:15<00:13,  1.46s/it, total=3.160, recon=0.990, kl=0.1189]
TRAIN:  55%|█████████████████████▍                 | 11/20 [00:17<00:13,  1.46s/it, total=3.130, recon=0.992, kl=0.1177]
TRAIN:  60%|███████████████████████▍               | 12/20 [00:17<00:11,  1.42s/it, total=3.130, recon=0.992, kl=0.1177]
TRAIN:  60%|███████████████████████▍               | 12/20 [00:18<00:11,  1.42s/it, total=2.522, recon=0.788, kl=0.1131]
TRAIN:  65%|█████████████████████████▎             | 13/20 [00:18<00:10,  1.44s/it, total=2.522, recon=0.788, kl=0.1131]
TRAIN:  65%|█████████████████████████▎             | 13/20 [00:19<00:10,  1.44s/it, total=2.791, recon=0.911, kl=0.1107]
TRAIN:  70%|███████████████████████████▎           | 14/20 [00:19<00:08,  1.38s/it, total=2.791, recon=0.911, kl=0.1107]
TRAIN:  70%|███████████████████████████▎           | 14/20 [00:21<00:08,  1.38s/it, total=2.990, recon=0.979, kl=0.1119]
TRAIN:  75%|█████████████████████████████▎         | 15/20 [00:21<00:07,  1.41s/it, total=2.990, recon=0.979, kl=0.1119]
TRAIN:  75%|█████████████████████████████▎         | 15/20 [00:22<00:07,  1.41s/it, total=2.804, recon=0.888, kl=0.1205]
TRAIN:  80%|███████████████████████████████▏       | 16/20 [00:22<00:05,  1.37s/it, total=2.804, recon=0.888, kl=0.1205]
TRAIN:  80%|███████████████████████████████▏       | 16/20 [00:24<00:05,  1.37s/it, total=2.501, recon=0.827, kl=0.1146]
TRAIN:  85%|█████████████████████████████████▏     | 17/20 [00:24<00:04,  1.47s/it, total=2.501, recon=0.827, kl=0.1146]
TRAIN:  85%|█████████████████████████████████▏     | 17/20 [00:26<00:04,  1.47s/it, total=2.758, recon=0.866, kl=0.1104]
TRAIN:  90%|███████████████████████████████████    | 18/20 [00:26<00:03,  1.58s/it, total=2.758, recon=0.866, kl=0.1104]
TRAIN:  90%|███████████████████████████████████    | 18/20 [00:27<00:03,  1.58s/it, total=2.938, recon=0.905, kl=0.1139]
TRAIN:  95%|█████████████████████████████████████  | 19/20 [00:27<00:01,  1.52s/it, total=2.938, recon=0.905, kl=0.1139]
TRAIN:  95%|█████████████████████████████████████  | 19/20 [00:28<00:01,  1.52s/it, total=2.835, recon=0.970, kl=0.1022]
TRAIN: 100%|███████████████████████████████████████| 20/20 [00:28<00:00,  1.29s/it, total=2.835, recon=0.970, kl=0.1022]
                                                                                                                        

VAL  :   0%|                                                                                      | 0/6 [00:00<?, ?it/s]
VAL  :   0%|                                                 | 0/6 [00:00<?, ?it/s, total=4.870, recon=1.957, kl=0.1094]
VAL  :  17%|██████▊                                  | 1/6 [00:00<00:01,  2.76it/s, total=4.870, recon=1.957, kl=0.1094]
VAL  :  17%|██████▊                                  | 1/6 [00:00<00:01,  2.76it/s, total=4.509, recon=1.723, kl=0.1048]
VAL  :  33%|█████████████▋                           | 2/6 [00:00<00:01,  2.45it/s, total=4.509, recon=1.723, kl=0.1048]
VAL  :  33%|█████████████▋                           | 2/6 [00:01<00:01,  2.45it/s, total=4.197, recon=1.743, kl=0.1041]
VAL  :  50%|████████████████████▌                    | 3/6 [00:01<00:01,  2.40it/s, total=4.197, recon=1.743, kl=0.1041]
VAL  :  50%|████████████████████▌                    | 3/6 [00:01<00:01,  2.40it/s, total=4.073, recon=1.676, kl=0.1062]
VAL  :  67%|███████████████████████████▎             | 4/6 [00:01<00:00,  2.14it/s, total=4.073, recon=1.676, kl=0.1062]
VAL  :  67%|███████████████████████████▎             | 4/6 [00:02<00:00,  2.14it/s, total=4.504, recon=1.709, kl=0.1037]
VAL  :  83%|██████████████████████████████████▏      | 5/6 [00:02<00:00,  2.28it/s, total=4.504, recon=1.709, kl=0.1037]
VAL  :  83%|██████████████████████████████████▏      | 5/6 [00:02<00:00,  2.28it/s, total=3.314, recon=1.519, kl=0.1083]
VAL  : 100%|█████████████████████████████████████████| 6/6 [00:02<00:00,  2.64it/s, total=3.314, recon=1.519, kl=0.1083]
                                                                                                                        

TRAIN:   0%|                                                                                     | 0/20 [00:00<?, ?it/s]
TRAIN:   0%|                                                | 0/20 [00:01<?, ?it/s, total=2.689, recon=0.800, kl=0.1116]
TRAIN:   5%|██                                      | 1/20 [00:01<00:27,  1.44s/it, total=2.689, recon=0.800, kl=0.1116]
TRAIN:   5%|██                                      | 1/20 [00:02<00:27,  1.44s/it, total=2.622, recon=0.733, kl=0.1091]
TRAIN:  10%|████                                    | 2/20 [00:02<00:25,  1.41s/it, total=2.622, recon=0.733, kl=0.1091]
TRAIN:  10%|████                                    | 2/20 [00:04<00:25,  1.41s/it, total=2.638, recon=0.918, kl=0.1132]
TRAIN:  15%|██████                                  | 3/20 [00:04<00:23,  1.39s/it, total=2.638, recon=0.918, kl=0.1132]
TRAIN:  15%|██████                                  | 3/20 [00:05<00:23,  1.39s/it, total=3.024, recon=0.921, kl=0.1145]
TRAIN:  20%|████████                                | 4/20 [00:05<00:22,  1.43s/it, total=3.024, recon=0.921, kl=0.1145]
TRAIN:  20%|████████                                | 4/20 [00:07<00:22,  1.43s/it, total=2.890, recon=0.899, kl=0.1133]
TRAIN:  25%|██████████                              | 5/20 [00:07<00:21,  1.44s/it, total=2.890, recon=0.899, kl=0.1133]
TRAIN:  25%|██████████                              | 5/20 [00:08<00:21,  1.44s/it, total=2.750, recon=0.894, kl=0.1080]
TRAIN:  30%|████████████                            | 6/20 [00:08<00:20,  1.48s/it, total=2.750, recon=0.894, kl=0.1080]
TRAIN:  30%|████████████                            | 6/20 [00:09<00:20,  1.48s/it, total=2.896, recon=0.882, kl=0.1104]
TRAIN:  35%|██████████████                          | 7/20 [00:09<00:18,  1.42s/it, total=2.896, recon=0.882, kl=0.1104]
TRAIN:  35%|██████████████                          | 7/20 [00:11<00:18,  1.42s/it, total=2.534, recon=0.845, kl=0.1103]
TRAIN:  40%|████████████████                        | 8/20 [00:11<00:17,  1.44s/it, total=2.534, recon=0.845, kl=0.1103]
TRAIN:  40%|████████████████                        | 8/20 [00:13<00:17,  1.44s/it, total=2.571, recon=0.801, kl=0.1064]
TRAIN:  45%|██████████████████                      | 9/20 [00:13<00:16,  1.52s/it, total=2.571, recon=0.801, kl=0.1064]
TRAIN:  45%|██████████████████                      | 9/20 [00:14<00:16,  1.52s/it, total=2.922, recon=0.877, kl=0.1074]
TRAIN:  50%|███████████████████▌                   | 10/20 [00:14<00:14,  1.49s/it, total=2.922, recon=0.877, kl=0.1074]
TRAIN:  50%|███████████████████▌                   | 10/20 [00:16<00:14,  1.49s/it, total=3.127, recon=0.993, kl=0.1080]
TRAIN:  55%|█████████████████████▍                 | 11/20 [00:16<00:13,  1.53s/it, total=3.127, recon=0.993, kl=0.1080]
TRAIN:  55%|█████████████████████▍                 | 11/20 [00:17<00:13,  1.53s/it, total=2.705, recon=0.904, kl=0.1062]
TRAIN:  60%|███████████████████████▍               | 12/20 [00:17<00:12,  1.52s/it, total=2.705, recon=0.904, kl=0.1062]
TRAIN:  60%|███████████████████████▍               | 12/20 [00:19<00:12,  1.52s/it, total=2.613, recon=0.786, kl=0.1069]
TRAIN:  65%|█████████████████████████▎             | 13/20 [00:19<00:10,  1.46s/it, total=2.613, recon=0.786, kl=0.1069]
TRAIN:  65%|█████████████████████████▎             | 13/20 [00:20<00:10,  1.46s/it, total=2.585, recon=0.792, kl=0.1018]
TRAIN:  70%|███████████████████████████▎           | 14/20 [00:20<00:08,  1.45s/it, total=2.585, recon=0.792, kl=0.1018]
TRAIN:  70%|███████████████████████████▎           | 14/20 [00:21<00:08,  1.45s/it, total=3.006, recon=0.973, kl=0.0975]
TRAIN:  75%|█████████████████████████████▎         | 15/20 [00:21<00:07,  1.44s/it, total=3.006, recon=0.973, kl=0.0975]
TRAIN:  75%|█████████████████████████████▎         | 15/20 [00:23<00:07,  1.44s/it, total=2.774, recon=0.793, kl=0.1066]
TRAIN:  80%|███████████████████████████████▏       | 16/20 [00:23<00:05,  1.36s/it, total=2.774, recon=0.793, kl=0.1066]
TRAIN:  80%|███████████████████████████████▏       | 16/20 [00:24<00:05,  1.36s/it, total=3.067, recon=0.970, kl=0.1060]
TRAIN:  85%|█████████████████████████████████▏     | 17/20 [00:24<00:04,  1.38s/it, total=3.067, recon=0.970, kl=0.1060]
TRAIN:  85%|█████████████████████████████████▏     | 17/20 [00:25<00:04,  1.38s/it, total=3.031, recon=0.898, kl=0.1084]
TRAIN:  90%|███████████████████████████████████    | 18/20 [00:25<00:02,  1.34s/it, total=3.031, recon=0.898, kl=0.1084]
TRAIN:  90%|███████████████████████████████████    | 18/20 [00:26<00:02,  1.34s/it, total=2.810, recon=0.877, kl=0.1073]
TRAIN:  95%|█████████████████████████████████████  | 19/20 [00:26<00:01,  1.31s/it, total=2.810, recon=0.877, kl=0.1073]
TRAIN:  95%|█████████████████████████████████████  | 19/20 [00:27<00:01,  1.31s/it, total=2.855, recon=0.906, kl=0.1030]
TRAIN: 100%|███████████████████████████████████████| 20/20 [00:27<00:00,  1.15s/it, total=2.855, recon=0.906, kl=0.1030]
                                                                                                                        

VAL  :   0%|                                                                                      | 0/6 [00:00<?, ?it/s]
VAL  :   0%|                                                 | 0/6 [00:00<?, ?it/s, total=4.830, recon=1.981, kl=0.1032]
VAL  :  17%|██████▊                                  | 1/6 [00:00<00:02,  2.27it/s, total=4.830, recon=1.981, kl=0.1032]
VAL  :  17%|██████▊                                  | 1/6 [00:00<00:02,  2.27it/s, total=4.321, recon=1.723, kl=0.0982]
VAL  :  33%|█████████████▋                           | 2/6 [00:00<00:01,  2.14it/s, total=4.321, recon=1.723, kl=0.0982]
VAL  :  33%|█████████████▋                           | 2/6 [00:01<00:01,  2.14it/s, total=4.097, recon=1.757, kl=0.0950]
VAL  :  50%|████████████████████▌                    | 3/6 [00:01<00:01,  2.24it/s, total=4.097, recon=1.757, kl=0.0950]
VAL  :  50%|████████████████████▌                    | 3/6 [00:01<00:01,  2.24it/s, total=4.235, recon=1.674, kl=0.0969]
VAL  :  67%|███████████████████████████▎             | 4/6 [00:01<00:00,  2.29it/s, total=4.235, recon=1.674, kl=0.0969]
VAL  :  67%|███████████████████████████▎             | 4/6 [00:02<00:00,  2.29it/s, total=4.186, recon=1.689, kl=0.0973]
VAL  :  83%|██████████████████████████████████▏      | 5/6 [00:02<00:00,  2.15it/s, total=4.186, recon=1.689, kl=0.0973]
VAL  :  83%|██████████████████████████████████▏      | 5/6 [00:02<00:00,  2.15it/s, total=3.680, recon=1.545, kl=0.0994]
VAL  : 100%|█████████████████████████████████████████| 6/6 [00:02<00:00,  2.54it/s, total=3.680, recon=1.545, kl=0.0994]
                                                                                                                        

TRAIN:   0%|                                                                                     | 0/20 [00:00<?, ?it/s]
TRAIN:   0%|                                                | 0/20 [00:01<?, ?it/s, total=2.722, recon=0.780, kl=0.1001]
TRAIN:   5%|██                                      | 1/20 [00:01<00:29,  1.56s/it, total=2.722, recon=0.780, kl=0.1001]
TRAIN:   5%|██                                      | 1/20 [00:03<00:29,  1.56s/it, total=3.114, recon=1.006, kl=0.1025]
TRAIN:  10%|████                                    | 2/20 [00:03<00:27,  1.55s/it, total=3.114, recon=1.006, kl=0.1025]
TRAIN:  10%|████                                    | 2/20 [00:04<00:27,  1.55s/it, total=2.266, recon=0.721, kl=0.1014]
TRAIN:  15%|██████                                  | 3/20 [00:04<00:26,  1.56s/it, total=2.266, recon=0.721, kl=0.1014]
TRAIN:  15%|██████                                  | 3/20 [00:05<00:26,  1.56s/it, total=2.831, recon=0.843, kl=0.1071]
TRAIN:  20%|████████                                | 4/20 [00:05<00:23,  1.48s/it, total=2.831, recon=0.843, kl=0.1071]
TRAIN:  20%|████████                                | 4/20 [00:07<00:23,  1.48s/it, total=2.975, recon=0.955, kl=0.1034]
TRAIN:  25%|██████████                              | 5/20 [00:07<00:20,  1.39s/it, total=2.975, recon=0.955, kl=0.1034]
TRAIN:  25%|██████████                              | 5/20 [00:08<00:20,  1.39s/it, total=2.587, recon=0.762, kl=0.0992]
TRAIN:  30%|████████████                            | 6/20 [00:08<00:19,  1.40s/it, total=2.587, recon=0.762, kl=0.0992]
TRAIN:  30%|████████████                            | 6/20 [00:10<00:19,  1.40s/it, total=2.716, recon=0.843, kl=0.1023]
TRAIN:  35%|██████████████                          | 7/20 [00:10<00:18,  1.42s/it, total=2.716, recon=0.843, kl=0.1023]
TRAIN:  35%|██████████████                          | 7/20 [00:11<00:18,  1.42s/it, total=2.891, recon=0.909, kl=0.1039]
TRAIN:  40%|████████████████                        | 8/20 [00:11<00:17,  1.48s/it, total=2.891, recon=0.909, kl=0.1039]
TRAIN:  40%|████████████████                        | 8/20 [00:12<00:17,  1.48s/it, total=2.680, recon=0.814, kl=0.1035]
TRAIN:  45%|██████████████████                      | 9/20 [00:12<00:15,  1.42s/it, total=2.680, recon=0.814, kl=0.1035]
TRAIN:  45%|██████████████████                      | 9/20 [00:14<00:15,  1.42s/it, total=2.832, recon=0.869, kl=0.1121]
TRAIN:  50%|███████████████████▌                   | 10/20 [00:14<00:15,  1.53s/it, total=2.832, recon=0.869, kl=0.1121]
TRAIN:  50%|███████████████████▌                   | 10/20 [00:15<00:15,  1.53s/it, total=2.840, recon=0.840, kl=0.1049]
TRAIN:  55%|█████████████████████▍                 | 11/20 [00:15<00:13,  1.45s/it, total=2.840, recon=0.840, kl=0.1049]
TRAIN:  55%|█████████████████████▍                 | 11/20 [00:17<00:13,  1.45s/it, total=2.524, recon=0.782, kl=0.1065]
TRAIN:  60%|███████████████████████▍               | 12/20 [00:17<00:11,  1.46s/it, total=2.524, recon=0.782, kl=0.1065]
TRAIN:  60%|███████████████████████▍               | 12/20 [00:18<00:11,  1.46s/it, total=2.575, recon=0.795, kl=0.1052]
TRAIN:  65%|█████████████████████████▎             | 13/20 [00:18<00:09,  1.41s/it, total=2.575, recon=0.795, kl=0.1052]
TRAIN:  65%|█████████████████████████▎             | 13/20 [00:20<00:09,  1.41s/it, total=2.725, recon=0.912, kl=0.1093]
TRAIN:  70%|███████████████████████████▎           | 14/20 [00:20<00:08,  1.49s/it, total=2.725, recon=0.912, kl=0.1093]
TRAIN:  70%|███████████████████████████▎           | 14/20 [00:21<00:08,  1.49s/it, total=2.625, recon=0.916, kl=0.1023]
TRAIN:  75%|█████████████████████████████▎         | 15/20 [00:21<00:07,  1.45s/it, total=2.625, recon=0.916, kl=0.1023]
TRAIN:  75%|█████████████████████████████▎         | 15/20 [00:23<00:07,  1.45s/it, total=2.712, recon=0.824, kl=0.1026]
TRAIN:  80%|███████████████████████████████▏       | 16/20 [00:23<00:05,  1.45s/it, total=2.712, recon=0.824, kl=0.1026]
TRAIN:  80%|███████████████████████████████▏       | 16/20 [00:24<00:05,  1.45s/it, total=2.598, recon=0.813, kl=0.1035]
TRAIN:  85%|█████████████████████████████████▏     | 17/20 [00:24<00:04,  1.39s/it, total=2.598, recon=0.813, kl=0.1035]
TRAIN:  85%|█████████████████████████████████▏     | 17/20 [00:25<00:04,  1.39s/it, total=2.825, recon=0.885, kl=0.1042]
TRAIN:  90%|███████████████████████████████████    | 18/20 [00:25<00:02,  1.37s/it, total=2.825, recon=0.885, kl=0.1042]
TRAIN:  90%|███████████████████████████████████    | 18/20 [00:27<00:02,  1.37s/it, total=2.611, recon=0.793, kl=0.1018]
TRAIN:  95%|█████████████████████████████████████  | 19/20 [00:27<00:01,  1.36s/it, total=2.611, recon=0.793, kl=0.1018]
TRAIN:  95%|█████████████████████████████████████  | 19/20 [00:27<00:01,  1.36s/it, total=2.662, recon=0.883, kl=0.1009]
TRAIN: 100%|███████████████████████████████████████| 20/20 [00:27<00:00,  1.19s/it, total=2.662, recon=0.883, kl=0.1009]
                                                                                                                        

VAL  :   0%|                                                                                      | 0/6 [00:00<?, ?it/s]
VAL  :   0%|                                                 | 0/6 [00:00<?, ?it/s, total=4.754, recon=1.959, kl=0.1081]
VAL  :  17%|██████▊                                  | 1/6 [00:00<00:02,  1.68it/s, total=4.754, recon=1.959, kl=0.1081]
VAL  :  17%|██████▊                                  | 1/6 [00:01<00:02,  1.68it/s, total=4.331, recon=1.718, kl=0.1015]
VAL  :  33%|█████████████▋                           | 2/6 [00:01<00:02,  1.77it/s, total=4.331, recon=1.718, kl=0.1015]
VAL  :  33%|█████████████▋                           | 2/6 [00:01<00:02,  1.77it/s, total=4.201, recon=1.767, kl=0.0948]
VAL  :  50%|████████████████████▌                    | 3/6 [00:01<00:01,  1.97it/s, total=4.201, recon=1.767, kl=0.0948]
VAL  :  50%|████████████████████▌                    | 3/6 [00:01<00:01,  1.97it/s, total=3.913, recon=1.686, kl=0.0997]
VAL  :  67%|███████████████████████████▎             | 4/6 [00:01<00:00,  2.16it/s, total=3.913, recon=1.686, kl=0.0997]
VAL  :  67%|███████████████████████████▎             | 4/6 [00:02<00:00,  2.16it/s, total=4.268, recon=1.736, kl=0.1038]
VAL  :  83%|██████████████████████████████████▏      | 5/6 [00:02<00:00,  2.18it/s, total=4.268, recon=1.736, kl=0.1038]
VAL  :  83%|██████████████████████████████████▏      | 5/6 [00:02<00:00,  2.18it/s, total=3.286, recon=1.490, kl=0.1019]
VAL  : 100%|█████████████████████████████████████████| 6/6 [00:02<00:00,  2.74it/s, total=3.286, recon=1.490, kl=0.1019]
                                                                                                                        

TRAIN:   0%|                                                                                     | 0/20 [00:00<?, ?it/s]
TRAIN:   0%|                                                | 0/20 [00:01<?, ?it/s, total=2.993, recon=0.903, kl=0.1066]
TRAIN:   5%|██                                      | 1/20 [00:01<00:31,  1.64s/it, total=2.993, recon=0.903, kl=0.1066]
TRAIN:   5%|██                                      | 1/20 [00:02<00:31,  1.64s/it, total=2.640, recon=0.747, kl=0.1097]
TRAIN:  10%|████                                    | 2/20 [00:02<00:27,  1.55s/it, total=2.640, recon=0.747, kl=0.1097]
TRAIN:  10%|████                                    | 2/20 [00:04<00:27,  1.55s/it, total=2.285, recon=0.752, kl=0.1065]
TRAIN:  15%|██████                                  | 3/20 [00:04<00:24,  1.45s/it, total=2.285, recon=0.752, kl=0.1065]
TRAIN:  15%|██████                                  | 3/20 [00:05<00:24,  1.45s/it, total=2.411, recon=0.768, kl=0.1044]
TRAIN:  20%|████████                                | 4/20 [00:05<00:22,  1.40s/it, total=2.411, recon=0.768, kl=0.1044]
TRAIN:  20%|████████                                | 4/20 [00:06<00:22,  1.40s/it, total=2.558, recon=0.719, kl=0.1061]
TRAIN:  25%|██████████                              | 5/20 [00:06<00:21,  1.44s/it, total=2.558, recon=0.719, kl=0.1061]
TRAIN:  25%|██████████                              | 5/20 [00:08<00:21,  1.44s/it, total=2.776, recon=0.861, kl=0.1056]
TRAIN:  30%|████████████                            | 6/20 [00:08<00:19,  1.38s/it, total=2.776, recon=0.861, kl=0.1056]
TRAIN:  30%|████████████                            | 6/20 [00:09<00:19,  1.38s/it, total=2.618, recon=0.824, kl=0.1032]
TRAIN:  35%|██████████████                          | 7/20 [00:09<00:18,  1.41s/it, total=2.618, recon=0.824, kl=0.1032]
TRAIN:  35%|██████████████                          | 7/20 [00:11<00:18,  1.41s/it, total=2.565, recon=0.871, kl=0.1012]
TRAIN:  40%|████████████████                        | 8/20 [00:11<00:16,  1.37s/it, total=2.565, recon=0.871, kl=0.1012]
TRAIN:  40%|████████████████                        | 8/20 [00:12<00:16,  1.37s/it, total=2.639, recon=0.734, kl=0.0991]
TRAIN:  45%|██████████████████                      | 9/20 [00:12<00:15,  1.37s/it, total=2.639, recon=0.734, kl=0.0991]
TRAIN:  45%|██████████████████                      | 9/20 [00:13<00:15,  1.37s/it, total=2.885, recon=0.878, kl=0.1006]
TRAIN:  50%|███████████████████▌                   | 10/20 [00:13<00:13,  1.33s/it, total=2.885, recon=0.878, kl=0.1006]
TRAIN:  50%|███████████████████▌                   | 10/20 [00:14<00:13,  1.33s/it, total=2.905, recon=0.904, kl=0.1037]
TRAIN:  55%|█████████████████████▍                 | 11/20 [00:14<00:12,  1.34s/it, total=2.905, recon=0.904, kl=0.1037]
TRAIN:  55%|█████████████████████▍                 | 11/20 [00:16<00:12,  1.34s/it, total=2.482, recon=0.820, kl=0.0990]
TRAIN:  60%|███████████████████████▍               | 12/20 [00:16<00:10,  1.33s/it, total=2.482, recon=0.820, kl=0.0990]
TRAIN:  60%|███████████████████████▍               | 12/20 [00:18<00:10,  1.33s/it, total=2.778, recon=0.819, kl=0.0992]
TRAIN:  65%|█████████████████████████▎             | 13/20 [00:18<00:10,  1.48s/it, total=2.778, recon=0.819, kl=0.0992]
TRAIN:  65%|█████████████████████████▎             | 13/20 [00:19<00:10,  1.48s/it, total=2.856, recon=0.886, kl=0.0991]
TRAIN:  70%|███████████████████████████▎           | 14/20 [00:19<00:09,  1.51s/it, total=2.856, recon=0.886, kl=0.0991]
TRAIN:  70%|███████████████████████████▎           | 14/20 [00:21<00:09,  1.51s/it, total=2.568, recon=0.843, kl=0.0979]
TRAIN:  75%|█████████████████████████████▎         | 15/20 [00:21<00:07,  1.46s/it, total=2.568, recon=0.843, kl=0.0979]
TRAIN:  75%|█████████████████████████████▎         | 15/20 [00:22<00:07,  1.46s/it, total=2.650, recon=0.801, kl=0.1011]
TRAIN:  80%|███████████████████████████████▏       | 16/20 [00:22<00:05,  1.40s/it, total=2.650, recon=0.801, kl=0.1011]
TRAIN:  80%|███████████████████████████████▏       | 16/20 [00:23<00:05,  1.40s/it, total=2.335, recon=0.759, kl=0.0970]
TRAIN:  85%|█████████████████████████████████▏     | 17/20 [00:23<00:04,  1.34s/it, total=2.335, recon=0.759, kl=0.0970]
TRAIN:  85%|█████████████████████████████████▏     | 17/20 [00:24<00:04,  1.34s/it, total=2.841, recon=0.872, kl=0.0938]
TRAIN:  90%|███████████████████████████████████    | 18/20 [00:24<00:02,  1.32s/it, total=2.841, recon=0.872, kl=0.0938]
TRAIN:  90%|███████████████████████████████████    | 18/20 [00:25<00:02,  1.32s/it, total=2.688, recon=0.860, kl=0.0915]
TRAIN:  95%|█████████████████████████████████████  | 19/20 [00:25<00:01,  1.27s/it, total=2.688, recon=0.860, kl=0.0915]
TRAIN:  95%|█████████████████████████████████████  | 19/20 [00:26<00:01,  1.27s/it, total=2.730, recon=0.901, kl=0.1048]
TRAIN: 100%|███████████████████████████████████████| 20/20 [00:26<00:00,  1.13s/it, total=2.730, recon=0.901, kl=0.1048]
                                                                                                                        

VAL  :   0%|                                                                                      | 0/6 [00:00<?, ?it/s]
VAL  :   0%|                                                 | 0/6 [00:00<?, ?it/s, total=4.704, recon=1.997, kl=0.0983]
VAL  :  17%|██████▊                                  | 1/6 [00:00<00:02,  2.38it/s, total=4.704, recon=1.997, kl=0.0983]
VAL  :  17%|██████▊                                  | 1/6 [00:01<00:02,  2.38it/s, total=4.096, recon=1.735, kl=0.0887]
VAL  :  33%|█████████████▋                           | 2/6 [00:01<00:01,  2.03it/s, total=4.096, recon=1.735, kl=0.0887]
VAL  :  33%|█████████████▋                           | 2/6 [00:01<00:01,  2.03it/s, total=4.128, recon=1.780, kl=0.0942]
VAL  :  50%|████████████████████▌                    | 3/6 [00:01<00:01,  2.15it/s, total=4.128, recon=1.780, kl=0.0942]
VAL  :  50%|████████████████████▌                    | 3/6 [00:02<00:01,  2.15it/s, total=4.113, recon=1.721, kl=0.0916]
VAL  :  67%|███████████████████████████▎             | 4/6 [00:02<00:01,  1.94it/s, total=4.113, recon=1.721, kl=0.0916]
VAL  :  67%|███████████████████████████▎             | 4/6 [00:02<00:01,  1.94it/s, total=4.186, recon=1.714, kl=0.0915]
VAL  :  83%|██████████████████████████████████▏      | 5/6 [00:02<00:00,  2.14it/s, total=4.186, recon=1.714, kl=0.0915]
VAL  :  83%|██████████████████████████████████▏      | 5/6 [00:02<00:00,  2.14it/s, total=3.992, recon=1.536, kl=0.0906]
VAL  : 100%|█████████████████████████████████████████| 6/6 [00:02<00:00,  2.71it/s, total=3.992, recon=1.536, kl=0.0906]
                                                                                                                        

TRAIN:   0%|                                                                                     | 0/20 [00:00<?, ?it/s]
TRAIN:   0%|                                                | 0/20 [00:01<?, ?it/s, total=2.733, recon=0.785, kl=0.0967]
TRAIN:   5%|██                                      | 1/20 [00:01<00:27,  1.46s/it, total=2.733, recon=0.785, kl=0.0967]
TRAIN:   5%|██                                      | 1/20 [00:02<00:27,  1.46s/it, total=2.425, recon=0.789, kl=0.1003]
TRAIN:  10%|████                                    | 2/20 [00:02<00:26,  1.47s/it, total=2.425, recon=0.789, kl=0.1003]
TRAIN:  10%|████                                    | 2/20 [00:04<00:26,  1.47s/it, total=2.395, recon=0.770, kl=0.1029]
TRAIN:  15%|██████                                  | 3/20 [00:04<00:25,  1.48s/it, total=2.395, recon=0.770, kl=0.1029]
TRAIN:  15%|██████                                  | 3/20 [00:05<00:25,  1.48s/it, total=2.397, recon=0.725, kl=0.0990]
TRAIN:  20%|████████                                | 4/20 [00:05<00:22,  1.41s/it, total=2.397, recon=0.725, kl=0.0990]
TRAIN:  20%|████████                                | 4/20 [00:07<00:22,  1.41s/it, total=2.831, recon=0.953, kl=0.1031]
TRAIN:  25%|██████████                              | 5/20 [00:07<00:22,  1.51s/it, total=2.831, recon=0.953, kl=0.1031]
TRAIN:  25%|██████████                              | 5/20 [00:08<00:22,  1.51s/it, total=2.467, recon=0.693, kl=0.0981]
TRAIN:  30%|████████████                            | 6/20 [00:08<00:20,  1.43s/it, total=2.467, recon=0.693, kl=0.0981]
TRAIN:  30%|████████████                            | 6/20 [00:10<00:20,  1.43s/it, total=2.835, recon=0.914, kl=0.0976]
TRAIN:  35%|██████████████                          | 7/20 [00:10<00:19,  1.48s/it, total=2.835, recon=0.914, kl=0.0976]
TRAIN:  35%|██████████████                          | 7/20 [00:11<00:19,  1.48s/it, total=2.868, recon=0.860, kl=0.0980]
TRAIN:  40%|████████████████                        | 8/20 [00:11<00:17,  1.43s/it, total=2.868, recon=0.860, kl=0.0980]
TRAIN:  40%|████████████████                        | 8/20 [00:12<00:17,  1.43s/it, total=2.349, recon=0.659, kl=0.0954]
TRAIN:  45%|██████████████████                      | 9/20 [00:12<00:15,  1.41s/it, total=2.349, recon=0.659, kl=0.0954]
TRAIN:  45%|██████████████████                      | 9/20 [00:14<00:15,  1.41s/it, total=2.577, recon=0.806, kl=0.1030]
TRAIN:  50%|███████████████████▌                   | 10/20 [00:14<00:13,  1.39s/it, total=2.577, recon=0.806, kl=0.1030]
TRAIN:  50%|███████████████████▌                   | 10/20 [00:15<00:13,  1.39s/it, total=2.779, recon=0.833, kl=0.1042]
TRAIN:  55%|█████████████████████▍                 | 11/20 [00:15<00:11,  1.32s/it, total=2.779, recon=0.833, kl=0.1042]
TRAIN:  55%|█████████████████████▍                 | 11/20 [00:16<00:11,  1.32s/it, total=2.181, recon=0.695, kl=0.1002]
TRAIN:  60%|███████████████████████▍               | 12/20 [00:16<00:10,  1.31s/it, total=2.181, recon=0.695, kl=0.1002]
TRAIN:  60%|███████████████████████▍               | 12/20 [00:18<00:10,  1.31s/it, total=2.730, recon=0.838, kl=0.0964]
TRAIN:  65%|█████████████████████████▎             | 13/20 [00:18<00:09,  1.29s/it, total=2.730, recon=0.838, kl=0.0964]
TRAIN:  65%|█████████████████████████▎             | 13/20 [00:19<00:09,  1.29s/it, total=2.677, recon=0.879, kl=0.1031]
TRAIN:  70%|███████████████████████████▎           | 14/20 [00:19<00:07,  1.29s/it, total=2.677, recon=0.879, kl=0.1031]
TRAIN:  70%|███████████████████████████▎           | 14/20 [00:20<00:07,  1.29s/it, total=2.914, recon=0.871, kl=0.1003]
TRAIN:  75%|█████████████████████████████▎         | 15/20 [00:20<00:06,  1.29s/it, total=2.914, recon=0.871, kl=0.1003]
TRAIN:  75%|█████████████████████████████▎         | 15/20 [00:21<00:06,  1.29s/it, total=2.602, recon=0.799, kl=0.0954]
TRAIN:  80%|███████████████████████████████▏       | 16/20 [00:21<00:05,  1.28s/it, total=2.602, recon=0.799, kl=0.0954]
TRAIN:  80%|███████████████████████████████▏       | 16/20 [00:23<00:05,  1.28s/it, total=2.710, recon=0.831, kl=0.0969]
TRAIN:  85%|█████████████████████████████████▏     | 17/20 [00:23<00:03,  1.26s/it, total=2.710, recon=0.831, kl=0.0969]
TRAIN:  85%|█████████████████████████████████▏     | 17/20 [00:24<00:03,  1.26s/it, total=2.618, recon=0.873, kl=0.0987]
TRAIN:  90%|███████████████████████████████████    | 18/20 [00:24<00:02,  1.32s/it, total=2.618, recon=0.873, kl=0.0987]
TRAIN:  90%|███████████████████████████████████    | 18/20 [00:25<00:02,  1.32s/it, total=2.434, recon=0.767, kl=0.0913]
TRAIN:  95%|█████████████████████████████████████  | 19/20 [00:25<00:01,  1.25s/it, total=2.434, recon=0.767, kl=0.0913]
TRAIN:  95%|█████████████████████████████████████  | 19/20 [00:26<00:01,  1.25s/it, total=3.081, recon=0.792, kl=0.0938]
TRAIN: 100%|███████████████████████████████████████| 20/20 [00:26<00:00,  1.11s/it, total=3.081, recon=0.792, kl=0.0938]
                                                                                                                        

VAL  :   0%|                                                                                      | 0/6 [00:00<?, ?it/s]
VAL  :   0%|                                                 | 0/6 [00:00<?, ?it/s, total=4.695, recon=1.961, kl=0.0940]
VAL  :  17%|██████▊                                  | 1/6 [00:00<00:01,  2.97it/s, total=4.695, recon=1.961, kl=0.0940]
VAL  :  17%|██████▊                                  | 1/6 [00:00<00:01,  2.97it/s, total=4.257, recon=1.733, kl=0.0867]
VAL  :  33%|█████████████▋                           | 2/6 [00:00<00:01,  2.83it/s, total=4.257, recon=1.733, kl=0.0867]
VAL  :  33%|█████████████▋                           | 2/6 [00:01<00:01,  2.83it/s, total=4.042, recon=1.776, kl=0.0860]
VAL  :  50%|████████████████████▌                    | 3/6 [00:01<00:01,  2.90it/s, total=4.042, recon=1.776, kl=0.0860]
VAL  :  50%|████████████████████▌                    | 3/6 [00:01<00:01,  2.90it/s, total=4.209, recon=1.702, kl=0.0856]
VAL  :  67%|███████████████████████████▎             | 4/6 [00:01<00:00,  2.90it/s, total=4.209, recon=1.702, kl=0.0856]
VAL  :  67%|███████████████████████████▎             | 4/6 [00:01<00:00,  2.90it/s, total=4.250, recon=1.698, kl=0.0908]
VAL  :  83%|██████████████████████████████████▏      | 5/6 [00:01<00:00,  2.97it/s, total=4.250, recon=1.698, kl=0.0908]
VAL  :  83%|██████████████████████████████████▏      | 5/6 [00:01<00:00,  2.97it/s, total=3.886, recon=1.501, kl=0.0865]
VAL  : 100%|█████████████████████████████████████████| 6/6 [00:01<00:00,  3.52it/s, total=3.886, recon=1.501, kl=0.0865]
                                                                                                                        

TRAIN:   0%|                                                                                     | 0/20 [00:00<?, ?it/s]
TRAIN:   0%|                                                | 0/20 [00:01<?, ?it/s, total=2.647, recon=0.805, kl=0.0957]
TRAIN:   5%|██                                      | 1/20 [00:01<00:24,  1.27s/it, total=2.647, recon=0.805, kl=0.0957]
TRAIN:   5%|██                                      | 1/20 [00:02<00:24,  1.27s/it, total=2.429, recon=0.718, kl=0.0917]
TRAIN:  10%|████                                    | 2/20 [00:02<00:23,  1.31s/it, total=2.429, recon=0.718, kl=0.0917]
TRAIN:  10%|████                                    | 2/20 [00:04<00:23,  1.31s/it, total=2.524, recon=0.795, kl=0.0935]
TRAIN:  15%|██████                                  | 3/20 [00:04<00:23,  1.36s/it, total=2.524, recon=0.795, kl=0.0935]
TRAIN:  15%|██████                                  | 3/20 [00:05<00:23,  1.36s/it, total=2.452, recon=0.763, kl=0.0933]
TRAIN:  20%|████████                                | 4/20 [00:05<00:22,  1.39s/it, total=2.452, recon=0.763, kl=0.0933]
TRAIN:  20%|████████                                | 4/20 [00:07<00:22,  1.39s/it, total=2.390, recon=0.723, kl=0.0891]
TRAIN:  25%|██████████                              | 5/20 [00:07<00:20,  1.40s/it, total=2.390, recon=0.723, kl=0.0891]
TRAIN:  25%|██████████                              | 5/20 [00:08<00:20,  1.40s/it, total=2.742, recon=0.815, kl=0.0937]
TRAIN:  30%|████████████                            | 6/20 [00:08<00:19,  1.41s/it, total=2.742, recon=0.815, kl=0.0937]
TRAIN:  30%|████████████                            | 6/20 [00:09<00:19,  1.41s/it, total=2.807, recon=0.823, kl=0.0986]
TRAIN:  35%|██████████████                          | 7/20 [00:09<00:18,  1.44s/it, total=2.807, recon=0.823, kl=0.0986]
TRAIN:  35%|██████████████                          | 7/20 [00:11<00:18,  1.44s/it, total=2.373, recon=0.719, kl=0.0919]
TRAIN:  40%|████████████████                        | 8/20 [00:11<00:16,  1.37s/it, total=2.373, recon=0.719, kl=0.0919]
TRAIN:  40%|████████████████                        | 8/20 [00:12<00:16,  1.37s/it, total=2.287, recon=0.757, kl=0.0913]
TRAIN:  45%|██████████████████                      | 9/20 [00:12<00:14,  1.31s/it, total=2.287, recon=0.757, kl=0.0913]
TRAIN:  45%|██████████████████                      | 9/20 [00:13<00:14,  1.31s/it, total=2.541, recon=0.770, kl=0.0909]
TRAIN:  50%|███████████████████▌                   | 10/20 [00:13<00:13,  1.31s/it, total=2.541, recon=0.770, kl=0.0909]
TRAIN:  50%|███████████████████▌                   | 10/20 [00:14<00:13,  1.31s/it, total=2.402, recon=0.736, kl=0.0975]
TRAIN:  55%|█████████████████████▍                 | 11/20 [00:14<00:11,  1.25s/it, total=2.402, recon=0.736, kl=0.0975]
TRAIN:  55%|█████████████████████▍                 | 11/20 [00:15<00:11,  1.25s/it, total=2.505, recon=0.723, kl=0.0944]
TRAIN:  60%|███████████████████████▍               | 12/20 [00:15<00:09,  1.21s/it, total=2.505, recon=0.723, kl=0.0944]
TRAIN:  60%|███████████████████████▍               | 12/20 [00:17<00:09,  1.21s/it, total=2.575, recon=0.811, kl=0.0950]
TRAIN:  65%|█████████████████████████▎             | 13/20 [00:17<00:08,  1.19s/it, total=2.575, recon=0.811, kl=0.0950]
TRAIN:  65%|█████████████████████████▎             | 13/20 [00:18<00:08,  1.19s/it, total=2.419, recon=0.757, kl=0.0935]
TRAIN:  70%|███████████████████████████▎           | 14/20 [00:18<00:07,  1.21s/it, total=2.419, recon=0.757, kl=0.0935]
TRAIN:  70%|███████████████████████████▎           | 14/20 [00:19<00:07,  1.21s/it, total=2.501, recon=0.810, kl=0.0942]
TRAIN:  75%|█████████████████████████████▎         | 15/20 [00:19<00:05,  1.19s/it, total=2.501, recon=0.810, kl=0.0942]
TRAIN:  75%|█████████████████████████████▎         | 15/20 [00:20<00:05,  1.19s/it, total=2.557, recon=0.772, kl=0.0903]
TRAIN:  80%|███████████████████████████████▏       | 16/20 [00:20<00:04,  1.19s/it, total=2.557, recon=0.772, kl=0.0903]
TRAIN:  80%|███████████████████████████████▏       | 16/20 [00:21<00:04,  1.19s/it, total=2.467, recon=0.798, kl=0.0923]
TRAIN:  85%|█████████████████████████████████▏     | 17/20 [00:21<00:03,  1.19s/it, total=2.467, recon=0.798, kl=0.0923]
TRAIN:  85%|█████████████████████████████████▏     | 17/20 [00:23<00:03,  1.19s/it, total=2.844, recon=0.855, kl=0.0948]
TRAIN:  90%|███████████████████████████████████    | 18/20 [00:23<00:02,  1.21s/it, total=2.844, recon=0.855, kl=0.0948]
TRAIN:  90%|███████████████████████████████████    | 18/20 [00:24<00:02,  1.21s/it, total=2.662, recon=0.798, kl=0.0862]
TRAIN:  95%|█████████████████████████████████████  | 19/20 [00:24<00:01,  1.23s/it, total=2.662, recon=0.798, kl=0.0862]
TRAIN:  95%|█████████████████████████████████████  | 19/20 [00:25<00:01,  1.23s/it, total=2.795, recon=0.923, kl=0.0901]
TRAIN: 100%|███████████████████████████████████████| 20/20 [00:25<00:00,  1.14s/it, total=2.795, recon=0.923, kl=0.0901]
                                                                                                                        

VAL  :   0%|                                                                                      | 0/6 [00:00<?, ?it/s]
VAL  :   0%|                                                 | 0/6 [00:00<?, ?it/s, total=4.670, recon=1.995, kl=0.0909]
VAL  :  17%|██████▊                                  | 1/6 [00:00<00:02,  2.48it/s, total=4.670, recon=1.995, kl=0.0909]
VAL  :  17%|██████▊                                  | 1/6 [00:00<00:02,  2.48it/s, total=4.155, recon=1.728, kl=0.0848]
VAL  :  33%|█████████████▋                           | 2/6 [00:00<00:01,  2.51it/s, total=4.155, recon=1.728, kl=0.0848]
VAL  :  33%|█████████████▋                           | 2/6 [00:01<00:01,  2.51it/s, total=4.181, recon=1.767, kl=0.0825]
VAL  :  50%|████████████████████▌                    | 3/6 [00:01<00:01,  2.49it/s, total=4.181, recon=1.767, kl=0.0825]
VAL  :  50%|████████████████████▌                    | 3/6 [00:01<00:01,  2.49it/s, total=4.072, recon=1.712, kl=0.0881]
VAL  :  67%|███████████████████████████▎             | 4/6 [00:01<00:00,  2.48it/s, total=4.072, recon=1.712, kl=0.0881]
VAL  :  67%|███████████████████████████▎             | 4/6 [00:01<00:00,  2.48it/s, total=4.070, recon=1.730, kl=0.0915]
VAL  :  83%|██████████████████████████████████▏      | 5/6 [00:01<00:00,  2.61it/s, total=4.070, recon=1.730, kl=0.0915]
VAL  :  83%|██████████████████████████████████▏      | 5/6 [00:02<00:00,  2.61it/s, total=3.132, recon=1.479, kl=0.0888]
VAL  : 100%|█████████████████████████████████████████| 6/6 [00:02<00:00,  3.18it/s, total=3.132, recon=1.479, kl=0.0888]
                                                                                                                        

TRAIN:   0%|                                                                                     | 0/20 [00:00<?, ?it/s]
TRAIN:   0%|                                                | 0/20 [00:01<?, ?it/s, total=2.466, recon=0.752, kl=0.0923]
TRAIN:   5%|██                                      | 1/20 [00:01<00:22,  1.19s/it, total=2.466, recon=0.752, kl=0.0923]
TRAIN:   5%|██                                      | 1/20 [00:02<00:22,  1.19s/it, total=2.400, recon=0.670, kl=0.0929]
TRAIN:  10%|████                                    | 2/20 [00:02<00:21,  1.20s/it, total=2.400, recon=0.670, kl=0.0929]
TRAIN:  10%|████                                    | 2/20 [00:03<00:21,  1.20s/it, total=2.606, recon=0.766, kl=0.0940]
TRAIN:  15%|██████                                  | 3/20 [00:03<00:21,  1.24s/it, total=2.606, recon=0.766, kl=0.0940]
TRAIN:  15%|██████                                  | 3/20 [00:05<00:21,  1.24s/it, total=2.741, recon=0.748, kl=0.0920]
TRAIN:  20%|████████                                | 4/20 [00:05<00:20,  1.29s/it, total=2.741, recon=0.748, kl=0.0920]
TRAIN:  20%|████████                                | 4/20 [00:06<00:20,  1.29s/it, total=2.355, recon=0.785, kl=0.0932]
TRAIN:  25%|██████████                              | 5/20 [00:06<00:19,  1.28s/it, total=2.355, recon=0.785, kl=0.0932]
TRAIN:  25%|██████████                              | 5/20 [00:07<00:19,  1.28s/it, total=2.364, recon=0.800, kl=0.0941]
TRAIN:  30%|████████████                            | 6/20 [00:07<00:18,  1.29s/it, total=2.364, recon=0.800, kl=0.0941]
TRAIN:  30%|████████████                            | 6/20 [00:08<00:18,  1.29s/it, total=2.143, recon=0.713, kl=0.0900]
TRAIN:  35%|██████████████                          | 7/20 [00:08<00:15,  1.23s/it, total=2.143, recon=0.713, kl=0.0900]
TRAIN:  35%|██████████████                          | 7/20 [00:10<00:15,  1.23s/it, total=2.440, recon=0.725, kl=0.0891]
TRAIN:  40%|████████████████                        | 8/20 [00:10<00:15,  1.29s/it, total=2.440, recon=0.725, kl=0.0891]
TRAIN:  40%|████████████████                        | 8/20 [00:11<00:15,  1.29s/it, total=2.459, recon=0.697, kl=0.0909]
TRAIN:  45%|██████████████████                      | 9/20 [00:11<00:14,  1.28s/it, total=2.459, recon=0.697, kl=0.0909]
TRAIN:  45%|██████████████████                      | 9/20 [00:13<00:14,  1.28s/it, total=2.461, recon=0.808, kl=0.0905]
TRAIN:  50%|███████████████████▌                   | 10/20 [00:13<00:13,  1.35s/it, total=2.461, recon=0.808, kl=0.0905]
TRAIN:  50%|███████████████████▌                   | 10/20 [00:14<00:13,  1.35s/it, total=2.574, recon=0.805, kl=0.0931]
TRAIN:  55%|█████████████████████▍                 | 11/20 [00:14<00:11,  1.31s/it, total=2.574, recon=0.805, kl=0.0931]
TRAIN:  55%|█████████████████████▍                 | 11/20 [00:15<00:11,  1.31s/it, total=2.389, recon=0.654, kl=0.0892]
TRAIN:  60%|███████████████████████▍               | 12/20 [00:15<00:10,  1.27s/it, total=2.389, recon=0.654, kl=0.0892]
TRAIN:  60%|███████████████████████▍               | 12/20 [00:16<00:10,  1.27s/it, total=2.693, recon=0.838, kl=0.0905]
TRAIN:  65%|█████████████████████████▎             | 13/20 [00:16<00:08,  1.26s/it, total=2.693, recon=0.838, kl=0.0905]
TRAIN:  65%|█████████████████████████▎             | 13/20 [00:18<00:08,  1.26s/it, total=2.321, recon=0.752, kl=0.0911]
TRAIN:  70%|███████████████████████████▎           | 14/20 [00:18<00:07,  1.33s/it, total=2.321, recon=0.752, kl=0.0911]
TRAIN:  70%|███████████████████████████▎           | 14/20 [00:19<00:07,  1.33s/it, total=2.481, recon=0.757, kl=0.0869]
TRAIN:  75%|█████████████████████████████▎         | 15/20 [00:19<00:06,  1.32s/it, total=2.481, recon=0.757, kl=0.0869]
TRAIN:  75%|█████████████████████████████▎         | 15/20 [00:20<00:06,  1.32s/it, total=2.585, recon=0.788, kl=0.0884]
TRAIN:  80%|███████████████████████████████▏       | 16/20 [00:20<00:05,  1.30s/it, total=2.585, recon=0.788, kl=0.0884]
TRAIN:  80%|███████████████████████████████▏       | 16/20 [00:21<00:05,  1.30s/it, total=2.123, recon=0.729, kl=0.0917]
TRAIN:  85%|█████████████████████████████████▏     | 17/20 [00:21<00:03,  1.28s/it, total=2.123, recon=0.729, kl=0.0917]
TRAIN:  85%|█████████████████████████████████▏     | 17/20 [00:23<00:03,  1.28s/it, total=2.703, recon=0.799, kl=0.0853]
TRAIN:  90%|███████████████████████████████████    | 18/20 [00:23<00:02,  1.28s/it, total=2.703, recon=0.799, kl=0.0853]
TRAIN:  90%|███████████████████████████████████    | 18/20 [00:24<00:02,  1.28s/it, total=2.464, recon=0.764, kl=0.0899]
TRAIN:  95%|█████████████████████████████████████  | 19/20 [00:24<00:01,  1.25s/it, total=2.464, recon=0.764, kl=0.0899]
TRAIN:  95%|█████████████████████████████████████  | 19/20 [00:25<00:01,  1.25s/it, total=2.552, recon=0.761, kl=0.0873]
TRAIN: 100%|███████████████████████████████████████| 20/20 [00:25<00:00,  1.09s/it, total=2.552, recon=0.761, kl=0.0873]
                                                                                                                        

VAL  :   0%|                                                                                      | 0/6 [00:00<?, ?it/s]
VAL  :   0%|                                                 | 0/6 [00:00<?, ?it/s, total=4.838, recon=1.976, kl=0.0871]
VAL  :  17%|██████▊                                  | 1/6 [00:00<00:02,  2.21it/s, total=4.838, recon=1.976, kl=0.0871]
VAL  :  17%|██████▊                                  | 1/6 [00:00<00:02,  2.21it/s, total=4.144, recon=1.719, kl=0.0842]
VAL  :  33%|█████████████▋                           | 2/6 [00:00<00:01,  2.32it/s, total=4.144, recon=1.719, kl=0.0842]
VAL  :  33%|█████████████▋                           | 2/6 [00:01<00:01,  2.32it/s, total=3.976, recon=1.804, kl=0.0799]
VAL  :  50%|████████████████████▌                    | 3/6 [00:01<00:01,  2.49it/s, total=3.976, recon=1.804, kl=0.0799]
VAL  :  50%|████████████████████▌                    | 3/6 [00:01<00:01,  2.49it/s, total=4.189, recon=1.697, kl=0.0831]
VAL  :  67%|███████████████████████████▎             | 4/6 [00:01<00:00,  2.54it/s, total=4.189, recon=1.697, kl=0.0831]
VAL  :  67%|███████████████████████████▎             | 4/6 [00:01<00:00,  2.54it/s, total=4.142, recon=1.702, kl=0.0839]
VAL  :  83%|██████████████████████████████████▏      | 5/6 [00:01<00:00,  2.67it/s, total=4.142, recon=1.702, kl=0.0839]
VAL  :  83%|██████████████████████████████████▏      | 5/6 [00:02<00:00,  2.67it/s, total=3.552, recon=1.494, kl=0.0771]
VAL  : 100%|█████████████████████████████████████████| 6/6 [00:02<00:00,  3.30it/s, total=3.552, recon=1.494, kl=0.0771]
                                                                                                                        

TRAIN:   0%|                                                                                     | 0/20 [00:00<?, ?it/s]
TRAIN:   0%|                                                | 0/20 [00:01<?, ?it/s, total=2.365, recon=0.740, kl=0.0894]
TRAIN:   5%|██                                      | 1/20 [00:01<00:25,  1.33s/it, total=2.365, recon=0.740, kl=0.0894]
TRAIN:   5%|██                                      | 1/20 [00:02<00:25,  1.33s/it, total=2.465, recon=0.689, kl=0.0888]
TRAIN:  10%|████                                    | 2/20 [00:02<00:24,  1.34s/it, total=2.465, recon=0.689, kl=0.0888]
TRAIN:  10%|████                                    | 2/20 [00:04<00:24,  1.34s/it, total=2.484, recon=0.783, kl=0.0878]
TRAIN:  15%|██████                                  | 3/20 [00:04<00:22,  1.35s/it, total=2.484, recon=0.783, kl=0.0878]
TRAIN:  15%|██████                                  | 3/20 [00:05<00:22,  1.35s/it, total=2.474, recon=0.824, kl=0.0845]
TRAIN:  20%|████████                                | 4/20 [00:05<00:21,  1.35s/it, total=2.474, recon=0.824, kl=0.0845]
TRAIN:  20%|████████                                | 4/20 [00:06<00:21,  1.35s/it, total=2.087, recon=0.675, kl=0.0916]
TRAIN:  25%|██████████                              | 5/20 [00:06<00:19,  1.29s/it, total=2.087, recon=0.675, kl=0.0916]
TRAIN:  25%|██████████                              | 5/20 [00:07<00:19,  1.29s/it, total=2.263, recon=0.691, kl=0.0855]
TRAIN:  30%|████████████                            | 6/20 [00:07<00:18,  1.29s/it, total=2.263, recon=0.691, kl=0.0855]
TRAIN:  30%|████████████                            | 6/20 [00:09<00:18,  1.29s/it, total=2.412, recon=0.749, kl=0.0917]
TRAIN:  35%|██████████████                          | 7/20 [00:09<00:17,  1.34s/it, total=2.412, recon=0.749, kl=0.0917]
TRAIN:  35%|██████████████                          | 7/20 [00:10<00:17,  1.34s/it, total=2.398, recon=0.729, kl=0.0906]
TRAIN:  40%|████████████████                        | 8/20 [00:10<00:16,  1.36s/it, total=2.398, recon=0.729, kl=0.0906]
TRAIN:  40%|████████████████                        | 8/20 [00:12<00:16,  1.36s/it, total=2.205, recon=0.713, kl=0.0839]
TRAIN:  45%|██████████████████                      | 9/20 [00:12<00:16,  1.47s/it, total=2.205, recon=0.713, kl=0.0839]
TRAIN:  45%|██████████████████                      | 9/20 [00:13<00:16,  1.47s/it, total=2.537, recon=0.742, kl=0.0864]
TRAIN:  50%|███████████████████▌                   | 10/20 [00:13<00:13,  1.39s/it, total=2.537, recon=0.742, kl=0.0864]
TRAIN:  50%|███████████████████▌                   | 10/20 [00:15<00:13,  1.39s/it, total=2.649, recon=0.805, kl=0.0841]
TRAIN:  55%|█████████████████████▍                 | 11/20 [00:15<00:12,  1.44s/it, total=2.649, recon=0.805, kl=0.0841]
TRAIN:  55%|█████████████████████▍                 | 11/20 [00:16<00:12,  1.44s/it, total=2.221, recon=0.666, kl=0.0833]
TRAIN:  60%|███████████████████████▍               | 12/20 [00:16<00:12,  1.51s/it, total=2.221, recon=0.666, kl=0.0833]
TRAIN:  60%|███████████████████████▍               | 12/20 [00:18<00:12,  1.51s/it, total=2.514, recon=0.753, kl=0.0868]
TRAIN:  65%|█████████████████████████▎             | 13/20 [00:18<00:10,  1.54s/it, total=2.514, recon=0.753, kl=0.0868]
TRAIN:  65%|█████████████████████████▎             | 13/20 [00:19<00:10,  1.54s/it, total=2.649, recon=0.804, kl=0.0843]
TRAIN:  70%|███████████████████████████▎           | 14/20 [00:19<00:08,  1.47s/it, total=2.649, recon=0.804, kl=0.0843]
TRAIN:  70%|███████████████████████████▎           | 14/20 [00:21<00:08,  1.47s/it, total=2.368, recon=0.757, kl=0.0857]
TRAIN:  75%|█████████████████████████████▎         | 15/20 [00:21<00:07,  1.47s/it, total=2.368, recon=0.757, kl=0.0857]
TRAIN:  75%|█████████████████████████████▎         | 15/20 [00:22<00:07,  1.47s/it, total=2.374, recon=0.692, kl=0.0845]
TRAIN:  80%|███████████████████████████████▏       | 16/20 [00:22<00:05,  1.50s/it, total=2.374, recon=0.692, kl=0.0845]
TRAIN:  80%|███████████████████████████████▏       | 16/20 [00:24<00:05,  1.50s/it, total=2.191, recon=0.749, kl=0.0835]
TRAIN:  85%|█████████████████████████████████▏     | 17/20 [00:24<00:04,  1.48s/it, total=2.191, recon=0.749, kl=0.0835]
TRAIN:  85%|█████████████████████████████████▏     | 17/20 [00:26<00:04,  1.48s/it, total=2.657, recon=0.735, kl=0.0848]
TRAIN:  90%|███████████████████████████████████    | 18/20 [00:26<00:03,  1.64s/it, total=2.657, recon=0.735, kl=0.0848]
TRAIN:  90%|███████████████████████████████████    | 18/20 [00:27<00:03,  1.64s/it, total=2.350, recon=0.730, kl=0.0831]
TRAIN:  95%|█████████████████████████████████████  | 19/20 [00:27<00:01,  1.61s/it, total=2.350, recon=0.730, kl=0.0831]
TRAIN:  95%|█████████████████████████████████████  | 19/20 [00:28<00:01,  1.61s/it, total=2.512, recon=0.732, kl=0.0818]
TRAIN: 100%|███████████████████████████████████████| 20/20 [00:28<00:00,  1.47s/it, total=2.512, recon=0.732, kl=0.0818]
                                                                                                                        

VAL  :   0%|                                                                                      | 0/6 [00:00<?, ?it/s]
VAL  :   0%|                                                 | 0/6 [00:00<?, ?it/s, total=4.788, recon=1.991, kl=0.0842]
VAL  :  17%|██████▊                                  | 1/6 [00:00<00:02,  1.70it/s, total=4.788, recon=1.991, kl=0.0842]
VAL  :  17%|██████▊                                  | 1/6 [00:01<00:02,  1.70it/s, total=4.038, recon=1.738, kl=0.0812]
VAL  :  33%|█████████████▋                           | 2/6 [00:01<00:02,  1.72it/s, total=4.038, recon=1.738, kl=0.0812]
VAL  :  33%|█████████████▋                           | 2/6 [00:01<00:02,  1.72it/s, total=4.191, recon=1.790, kl=0.0805]
VAL  :  50%|████████████████████▌                    | 3/6 [00:01<00:01,  1.80it/s, total=4.191, recon=1.790, kl=0.0805]
VAL  :  50%|████████████████████▌                    | 3/6 [00:02<00:01,  1.80it/s, total=4.162, recon=1.713, kl=0.0815]
VAL  :  67%|███████████████████████████▎             | 4/6 [00:02<00:01,  1.93it/s, total=4.162, recon=1.713, kl=0.0815]
VAL  :  67%|███████████████████████████▎             | 4/6 [00:02<00:01,  1.93it/s, total=4.080, recon=1.747, kl=0.0800]
VAL  :  83%|██████████████████████████████████▏      | 5/6 [00:02<00:00,  1.91it/s, total=4.080, recon=1.747, kl=0.0800]
VAL  :  83%|██████████████████████████████████▏      | 5/6 [00:02<00:00,  1.91it/s, total=3.822, recon=1.527, kl=0.0800]
VAL  : 100%|█████████████████████████████████████████| 6/6 [00:02<00:00,  2.27it/s, total=3.822, recon=1.527, kl=0.0800]
                                                                                                                        

TRAIN:   0%|                                                                                     | 0/20 [00:00<?, ?it/s]
TRAIN:   0%|                                                | 0/20 [00:01<?, ?it/s, total=2.403, recon=0.683, kl=0.0839]
TRAIN:   5%|██                                      | 1/20 [00:01<00:24,  1.29s/it, total=2.403, recon=0.683, kl=0.0839]
TRAIN:   5%|██                                      | 1/20 [00:02<00:24,  1.29s/it, total=2.693, recon=0.829, kl=0.0863]
TRAIN:  10%|████                                    | 2/20 [00:02<00:24,  1.39s/it, total=2.693, recon=0.829, kl=0.0863]
TRAIN:  10%|████                                    | 2/20 [00:04<00:24,  1.39s/it, total=2.491, recon=0.771, kl=0.0863]
TRAIN:  15%|██████                                  | 3/20 [00:04<00:24,  1.43s/it, total=2.491, recon=0.771, kl=0.0863]
TRAIN:  15%|██████                                  | 3/20 [00:06<00:24,  1.43s/it, total=2.259, recon=0.729, kl=0.0849]
TRAIN:  20%|████████                                | 4/20 [00:06<00:23,  1.49s/it, total=2.259, recon=0.729, kl=0.0849]
TRAIN:  20%|████████                                | 4/20 [00:07<00:23,  1.49s/it, total=2.134, recon=0.626, kl=0.0849]
TRAIN:  25%|██████████                              | 5/20 [00:07<00:20,  1.38s/it, total=2.134, recon=0.626, kl=0.0849]
TRAIN:  25%|██████████                              | 5/20 [00:08<00:20,  1.38s/it, total=1.967, recon=0.653, kl=0.0818]
TRAIN:  30%|████████████                            | 6/20 [00:08<00:20,  1.44s/it, total=1.967, recon=0.653, kl=0.0818]
TRAIN:  30%|████████████                            | 6/20 [00:10<00:20,  1.44s/it, total=2.542, recon=0.766, kl=0.0893]
TRAIN:  35%|██████████████                          | 7/20 [00:10<00:18,  1.43s/it, total=2.542, recon=0.766, kl=0.0893]
TRAIN:  35%|██████████████                          | 7/20 [00:11<00:18,  1.43s/it, total=2.283, recon=0.697, kl=0.0855]
TRAIN:  40%|████████████████                        | 8/20 [00:11<00:17,  1.45s/it, total=2.283, recon=0.697, kl=0.0855]
TRAIN:  40%|████████████████                        | 8/20 [00:12<00:17,  1.45s/it, total=2.523, recon=0.737, kl=0.0852]
TRAIN:  45%|██████████████████                      | 9/20 [00:12<00:15,  1.38s/it, total=2.523, recon=0.737, kl=0.0852]
TRAIN:  45%|██████████████████                      | 9/20 [00:14<00:15,  1.38s/it, total=2.390, recon=0.735, kl=0.0825]
TRAIN:  50%|███████████████████▌                   | 10/20 [00:14<00:14,  1.42s/it, total=2.390, recon=0.735, kl=0.0825]
TRAIN:  50%|███████████████████▌                   | 10/20 [00:15<00:14,  1.42s/it, total=2.315, recon=0.637, kl=0.0852]
TRAIN:  55%|█████████████████████▍                 | 11/20 [00:15<00:12,  1.39s/it, total=2.315, recon=0.637, kl=0.0852]
TRAIN:  55%|█████████████████████▍                 | 11/20 [00:17<00:12,  1.39s/it, total=2.371, recon=0.725, kl=0.0861]
TRAIN:  60%|███████████████████████▍               | 12/20 [00:17<00:11,  1.42s/it, total=2.371, recon=0.725, kl=0.0861]
TRAIN:  60%|███████████████████████▍               | 12/20 [00:18<00:11,  1.42s/it, total=2.276, recon=0.700, kl=0.0815]
TRAIN:  65%|█████████████████████████▎             | 13/20 [00:18<00:10,  1.47s/it, total=2.276, recon=0.700, kl=0.0815]
TRAIN:  65%|█████████████████████████▎             | 13/20 [00:20<00:10,  1.47s/it, total=2.591, recon=0.813, kl=0.0829]
TRAIN:  70%|███████████████████████████▎           | 14/20 [00:20<00:08,  1.44s/it, total=2.591, recon=0.813, kl=0.0829]
TRAIN:  70%|███████████████████████████▎           | 14/20 [00:21<00:08,  1.44s/it, total=2.424, recon=0.808, kl=0.0861]
TRAIN:  75%|█████████████████████████████▎         | 15/20 [00:21<00:07,  1.40s/it, total=2.424, recon=0.808, kl=0.0861]
TRAIN:  75%|█████████████████████████████▎         | 15/20 [00:22<00:07,  1.40s/it, total=2.379, recon=0.738, kl=0.0797]
TRAIN:  80%|███████████████████████████████▏       | 16/20 [00:22<00:05,  1.42s/it, total=2.379, recon=0.738, kl=0.0797]
TRAIN:  80%|███████████████████████████████▏       | 16/20 [00:24<00:05,  1.42s/it, total=2.512, recon=0.675, kl=0.0809]
TRAIN:  85%|█████████████████████████████████▏     | 17/20 [00:24<00:04,  1.42s/it, total=2.512, recon=0.675, kl=0.0809]
TRAIN:  85%|█████████████████████████████████▏     | 17/20 [00:26<00:04,  1.42s/it, total=2.247, recon=0.698, kl=0.0836]
TRAIN:  90%|███████████████████████████████████    | 18/20 [00:26<00:03,  1.53s/it, total=2.247, recon=0.698, kl=0.0836]
TRAIN:  90%|███████████████████████████████████    | 18/20 [00:27<00:03,  1.53s/it, total=2.307, recon=0.712, kl=0.0812]
TRAIN:  95%|█████████████████████████████████████  | 19/20 [00:27<00:01,  1.55s/it, total=2.307, recon=0.712, kl=0.0812]
TRAIN:  95%|█████████████████████████████████████  | 19/20 [00:28<00:01,  1.55s/it, total=2.302, recon=0.643, kl=0.0822]
TRAIN: 100%|███████████████████████████████████████| 20/20 [00:28<00:00,  1.35s/it, total=2.302, recon=0.643, kl=0.0822]
                                                                                                                        

VAL  :   0%|                                                                                      | 0/6 [00:00<?, ?it/s]
VAL  :   0%|                                                 | 0/6 [00:00<?, ?it/s, total=4.611, recon=2.012, kl=0.0794]
VAL  :  17%|██████▊                                  | 1/6 [00:00<00:02,  2.20it/s, total=4.611, recon=2.012, kl=0.0794]
VAL  :  17%|██████▊                                  | 1/6 [00:00<00:02,  2.20it/s, total=4.257, recon=1.758, kl=0.0725]
VAL  :  33%|█████████████▋                           | 2/6 [00:00<00:01,  2.25it/s, total=4.257, recon=1.758, kl=0.0725]
VAL  :  33%|█████████████▋                           | 2/6 [00:01<00:01,  2.25it/s, total=4.051, recon=1.792, kl=0.0775]
VAL  :  50%|████████████████████▌                    | 3/6 [00:01<00:01,  2.16it/s, total=4.051, recon=1.792, kl=0.0775]
VAL  :  50%|████████████████████▌                    | 3/6 [00:01<00:01,  2.16it/s, total=3.956, recon=1.723, kl=0.0735]
VAL  :  67%|███████████████████████████▎             | 4/6 [00:01<00:00,  2.09it/s, total=3.956, recon=1.723, kl=0.0735]
VAL  :  67%|███████████████████████████▎             | 4/6 [00:02<00:00,  2.09it/s, total=4.075, recon=1.735, kl=0.0752]
VAL  :  83%|██████████████████████████████████▏      | 5/6 [00:02<00:00,  2.08it/s, total=4.075, recon=1.735, kl=0.0752]
VAL  :  83%|██████████████████████████████████▏      | 5/6 [00:02<00:00,  2.08it/s, total=3.384, recon=1.526, kl=0.0757]
VAL  : 100%|█████████████████████████████████████████| 6/6 [00:02<00:00,  2.54it/s, total=3.384, recon=1.526, kl=0.0757]
                                                                                                                        

TRAIN:   0%|                                                                                     | 0/20 [00:00<?, ?it/s]
TRAIN:   0%|                                                | 0/20 [00:01<?, ?it/s, total=2.386, recon=0.733, kl=0.0838]
TRAIN:   5%|██                                      | 1/20 [00:01<00:23,  1.24s/it, total=2.386, recon=0.733, kl=0.0838]
TRAIN:   5%|██                                      | 1/20 [00:02<00:23,  1.24s/it, total=2.408, recon=0.776, kl=0.0784]
TRAIN:  10%|████                                    | 2/20 [00:02<00:22,  1.26s/it, total=2.408, recon=0.776, kl=0.0784]
TRAIN:  10%|████                                    | 2/20 [00:03<00:22,  1.26s/it, total=2.168, recon=0.665, kl=0.0759]
TRAIN:  15%|██████                                  | 3/20 [00:03<00:21,  1.28s/it, total=2.168, recon=0.665, kl=0.0759]
TRAIN:  15%|██████                                  | 3/20 [00:05<00:21,  1.28s/it, total=2.449, recon=0.779, kl=0.0811]
TRAIN:  20%|████████                                | 4/20 [00:05<00:19,  1.25s/it, total=2.449, recon=0.779, kl=0.0811]
TRAIN:  20%|████████                                | 4/20 [00:06<00:19,  1.25s/it, total=2.382, recon=0.676, kl=0.0799]
TRAIN:  25%|██████████                              | 5/20 [00:06<00:18,  1.24s/it, total=2.382, recon=0.676, kl=0.0799]
TRAIN:  25%|██████████                              | 5/20 [00:07<00:18,  1.24s/it, total=1.987, recon=0.632, kl=0.0772]
TRAIN:  30%|████████████                            | 6/20 [00:07<00:18,  1.31s/it, total=1.987, recon=0.632, kl=0.0772]
TRAIN:  30%|████████████                            | 6/20 [00:09<00:18,  1.31s/it, total=2.464, recon=0.766, kl=0.0805]
TRAIN:  35%|██████████████                          | 7/20 [00:09<00:17,  1.32s/it, total=2.464, recon=0.766, kl=0.0805]
TRAIN:  35%|██████████████                          | 7/20 [00:10<00:17,  1.32s/it, total=2.166, recon=0.613, kl=0.0807]
TRAIN:  40%|████████████████                        | 8/20 [00:10<00:15,  1.26s/it, total=2.166, recon=0.613, kl=0.0807]
TRAIN:  40%|████████████████                        | 8/20 [00:11<00:15,  1.26s/it, total=2.264, recon=0.676, kl=0.0830]
TRAIN:  45%|██████████████████                      | 9/20 [00:11<00:14,  1.28s/it, total=2.264, recon=0.676, kl=0.0830]
TRAIN:  45%|██████████████████                      | 9/20 [00:12<00:14,  1.28s/it, total=2.333, recon=0.689, kl=0.0781]
TRAIN:  50%|███████████████████▌                   | 10/20 [00:12<00:13,  1.33s/it, total=2.333, recon=0.689, kl=0.0781]
TRAIN:  50%|███████████████████▌                   | 10/20 [00:14<00:13,  1.33s/it, total=2.665, recon=0.776, kl=0.0820]
TRAIN:  55%|█████████████████████▍                 | 11/20 [00:14<00:12,  1.42s/it, total=2.665, recon=0.776, kl=0.0820]
TRAIN:  55%|█████████████████████▍                 | 11/20 [00:16<00:12,  1.42s/it, total=2.196, recon=0.699, kl=0.0827]
TRAIN:  60%|███████████████████████▍               | 12/20 [00:16<00:11,  1.46s/it, total=2.196, recon=0.699, kl=0.0827]
TRAIN:  60%|███████████████████████▍               | 12/20 [00:17<00:11,  1.46s/it, total=2.222, recon=0.669, kl=0.0884]
TRAIN:  65%|█████████████████████████▎             | 13/20 [00:17<00:10,  1.45s/it, total=2.222, recon=0.669, kl=0.0884]
TRAIN:  65%|█████████████████████████▎             | 13/20 [00:18<00:10,  1.45s/it, total=2.080, recon=0.639, kl=0.0810]
TRAIN:  70%|███████████████████████████▎           | 14/20 [00:18<00:08,  1.42s/it, total=2.080, recon=0.639, kl=0.0810]
TRAIN:  70%|███████████████████████████▎           | 14/20 [00:20<00:08,  1.42s/it, total=2.466, recon=0.781, kl=0.0846]
TRAIN:  75%|█████████████████████████████▎         | 15/20 [00:20<00:06,  1.34s/it, total=2.466, recon=0.781, kl=0.0846]
TRAIN:  75%|█████████████████████████████▎         | 15/20 [00:21<00:06,  1.34s/it, total=2.298, recon=0.668, kl=0.0783]
TRAIN:  80%|███████████████████████████████▏       | 16/20 [00:21<00:05,  1.32s/it, total=2.298, recon=0.668, kl=0.0783]
TRAIN:  80%|███████████████████████████████▏       | 16/20 [00:22<00:05,  1.32s/it, total=2.376, recon=0.687, kl=0.0818]
TRAIN:  85%|█████████████████████████████████▏     | 17/20 [00:22<00:03,  1.29s/it, total=2.376, recon=0.687, kl=0.0818]
TRAIN:  85%|█████████████████████████████████▏     | 17/20 [00:23<00:03,  1.29s/it, total=2.000, recon=0.612, kl=0.0808]
TRAIN:  90%|███████████████████████████████████    | 18/20 [00:23<00:02,  1.28s/it, total=2.000, recon=0.612, kl=0.0808]
TRAIN:  90%|███████████████████████████████████    | 18/20 [00:25<00:02,  1.28s/it, total=2.353, recon=0.744, kl=0.0788]
TRAIN:  95%|█████████████████████████████████████  | 19/20 [00:25<00:01,  1.27s/it, total=2.353, recon=0.744, kl=0.0788]
TRAIN:  95%|█████████████████████████████████████  | 19/20 [00:25<00:01,  1.27s/it, total=2.415, recon=0.820, kl=0.0840]
TRAIN: 100%|███████████████████████████████████████| 20/20 [00:25<00:00,  1.13s/it, total=2.415, recon=0.820, kl=0.0840]
                                                                                                                        

VAL  :   0%|                                                                                      | 0/6 [00:00<?, ?it/s]
VAL  :   0%|                                                 | 0/6 [00:00<?, ?it/s, total=4.843, recon=2.015, kl=0.0757]
VAL  :  17%|██████▊                                  | 1/6 [00:00<00:02,  1.76it/s, total=4.843, recon=2.015, kl=0.0757]
VAL  :  17%|██████▊                                  | 1/6 [00:01<00:02,  1.76it/s, total=4.335, recon=1.769, kl=0.0724]
VAL  :  33%|█████████████▋                           | 2/6 [00:01<00:02,  1.82it/s, total=4.335, recon=1.769, kl=0.0724]
VAL  :  33%|█████████████▋                           | 2/6 [00:01<00:02,  1.82it/s, total=4.143, recon=1.798, kl=0.0708]
VAL  :  50%|████████████████████▌                    | 3/6 [00:01<00:01,  2.02it/s, total=4.143, recon=1.798, kl=0.0708]
VAL  :  50%|████████████████████▌                    | 3/6 [00:01<00:01,  2.02it/s, total=3.972, recon=1.736, kl=0.0690]
VAL  :  67%|███████████████████████████▎             | 4/6 [00:01<00:00,  2.22it/s, total=3.972, recon=1.736, kl=0.0690]
VAL  :  67%|███████████████████████████▎             | 4/6 [00:02<00:00,  2.22it/s, total=3.948, recon=1.741, kl=0.0749]
VAL  :  83%|██████████████████████████████████▏      | 5/6 [00:02<00:00,  2.36it/s, total=3.948, recon=1.741, kl=0.0749]
VAL  :  83%|██████████████████████████████████▏      | 5/6 [00:02<00:00,  2.36it/s, total=3.691, recon=1.551, kl=0.0709]
VAL  : 100%|█████████████████████████████████████████| 6/6 [00:02<00:00,  2.97it/s, total=3.691, recon=1.551, kl=0.0709]
                                                                                                                        

TRAIN:   0%|                                                                                     | 0/20 [00:00<?, ?it/s]
TRAIN:   0%|                                                | 0/20 [00:01<?, ?it/s, total=2.272, recon=0.659, kl=0.0808]
TRAIN:   5%|██                                      | 1/20 [00:01<00:25,  1.35s/it, total=2.272, recon=0.659, kl=0.0808]
TRAIN:   5%|██                                      | 1/20 [00:02<00:25,  1.35s/it, total=2.192, recon=0.720, kl=0.0785]
TRAIN:  10%|████                                    | 2/20 [00:02<00:25,  1.42s/it, total=2.192, recon=0.720, kl=0.0785]
TRAIN:  10%|████                                    | 2/20 [00:04<00:25,  1.42s/it, total=2.116, recon=0.609, kl=0.0810]
TRAIN:  15%|██████                                  | 3/20 [00:04<00:23,  1.39s/it, total=2.116, recon=0.609, kl=0.0810]
TRAIN:  15%|██████                                  | 3/20 [00:05<00:23,  1.39s/it, total=2.071, recon=0.602, kl=0.0785]
TRAIN:  20%|████████                                | 4/20 [00:05<00:22,  1.43s/it, total=2.071, recon=0.602, kl=0.0785]
TRAIN:  20%|████████                                | 4/20 [00:07<00:22,  1.43s/it, total=2.134, recon=0.687, kl=0.0769]
TRAIN:  25%|██████████                              | 5/20 [00:07<00:21,  1.41s/it, total=2.134, recon=0.687, kl=0.0769]
TRAIN:  25%|██████████                              | 5/20 [00:08<00:21,  1.41s/it, total=2.254, recon=0.707, kl=0.0829]
TRAIN:  30%|████████████                            | 6/20 [00:08<00:19,  1.42s/it, total=2.254, recon=0.707, kl=0.0829]
TRAIN:  30%|████████████                            | 6/20 [00:09<00:19,  1.42s/it, total=2.276, recon=0.672, kl=0.0771]
TRAIN:  35%|██████████████                          | 7/20 [00:09<00:18,  1.41s/it, total=2.276, recon=0.672, kl=0.0771]
TRAIN:  35%|██████████████                          | 7/20 [00:11<00:18,  1.41s/it, total=1.945, recon=0.654, kl=0.0757]
TRAIN:  40%|████████████████                        | 8/20 [00:11<00:17,  1.46s/it, total=1.945, recon=0.654, kl=0.0757]
TRAIN:  40%|████████████████                        | 8/20 [00:13<00:17,  1.46s/it, total=2.875, recon=0.759, kl=0.0737]
TRAIN:  45%|██████████████████                      | 9/20 [00:13<00:16,  1.46s/it, total=2.875, recon=0.759, kl=0.0737]
TRAIN:  45%|██████████████████                      | 9/20 [00:14<00:16,  1.46s/it, total=2.308, recon=0.638, kl=0.0772]
TRAIN:  50%|███████████████████▌                   | 10/20 [00:14<00:14,  1.40s/it, total=2.308, recon=0.638, kl=0.0772]
TRAIN:  50%|███████████████████▌                   | 10/20 [00:15<00:14,  1.40s/it, total=2.159, recon=0.647, kl=0.0727]
TRAIN:  55%|█████████████████████▍                 | 11/20 [00:15<00:12,  1.36s/it, total=2.159, recon=0.647, kl=0.0727]
TRAIN:  55%|█████████████████████▍                 | 11/20 [00:17<00:12,  1.36s/it, total=2.301, recon=0.732, kl=0.0765]
TRAIN:  60%|███████████████████████▍               | 12/20 [00:17<00:11,  1.50s/it, total=2.301, recon=0.732, kl=0.0765]
TRAIN:  60%|███████████████████████▍               | 12/20 [00:18<00:11,  1.50s/it, total=2.181, recon=0.710, kl=0.0756]
TRAIN:  65%|█████████████████████████▎             | 13/20 [00:18<00:10,  1.44s/it, total=2.181, recon=0.710, kl=0.0756]
TRAIN:  65%|█████████████████████████▎             | 13/20 [00:20<00:10,  1.44s/it, total=2.305, recon=0.660, kl=0.0775]
TRAIN:  70%|███████████████████████████▎           | 14/20 [00:20<00:08,  1.43s/it, total=2.305, recon=0.660, kl=0.0775]
TRAIN:  70%|███████████████████████████▎           | 14/20 [00:21<00:08,  1.43s/it, total=2.209, recon=0.635, kl=0.0767]
TRAIN:  75%|█████████████████████████████▎         | 15/20 [00:21<00:06,  1.37s/it, total=2.209, recon=0.635, kl=0.0767]
TRAIN:  75%|█████████████████████████████▎         | 15/20 [00:22<00:06,  1.37s/it, total=2.233, recon=0.725, kl=0.0753]
TRAIN:  80%|███████████████████████████████▏       | 16/20 [00:22<00:05,  1.34s/it, total=2.233, recon=0.725, kl=0.0753]
TRAIN:  80%|███████████████████████████████▏       | 16/20 [00:23<00:05,  1.34s/it, total=2.466, recon=0.742, kl=0.0787]
TRAIN:  85%|█████████████████████████████████▏     | 17/20 [00:23<00:03,  1.31s/it, total=2.466, recon=0.742, kl=0.0787]
TRAIN:  85%|█████████████████████████████████▏     | 17/20 [00:25<00:03,  1.31s/it, total=2.504, recon=0.750, kl=0.0788]
TRAIN:  90%|███████████████████████████████████    | 18/20 [00:25<00:02,  1.35s/it, total=2.504, recon=0.750, kl=0.0788]
TRAIN:  90%|███████████████████████████████████    | 18/20 [00:26<00:02,  1.35s/it, total=2.371, recon=0.707, kl=0.0788]
TRAIN:  95%|█████████████████████████████████████  | 19/20 [00:26<00:01,  1.36s/it, total=2.371, recon=0.707, kl=0.0788]
TRAIN:  95%|█████████████████████████████████████  | 19/20 [00:27<00:01,  1.36s/it, total=1.968, recon=0.569, kl=0.0737]
TRAIN: 100%|███████████████████████████████████████| 20/20 [00:27<00:00,  1.19s/it, total=1.968, recon=0.569, kl=0.0737]
                                                                                                                        

VAL  :   0%|                                                                                      | 0/6 [00:00<?, ?it/s]
VAL  :   0%|                                                 | 0/6 [00:00<?, ?it/s, total=4.816, recon=2.007, kl=0.0759]
VAL  :  17%|██████▊                                  | 1/6 [00:00<00:01,  2.60it/s, total=4.816, recon=2.007, kl=0.0759]
VAL  :  17%|██████▊                                  | 1/6 [00:00<00:01,  2.60it/s, total=4.164, recon=1.783, kl=0.0699]
VAL  :  33%|█████████████▋                           | 2/6 [00:00<00:01,  2.51it/s, total=4.164, recon=1.783, kl=0.0699]
VAL  :  33%|█████████████▋                           | 2/6 [00:01<00:01,  2.51it/s, total=4.115, recon=1.840, kl=0.0690]
VAL  :  50%|████████████████████▌                    | 3/6 [00:01<00:01,  2.29it/s, total=4.115, recon=1.840, kl=0.0690]
VAL  :  50%|████████████████████▌                    | 3/6 [00:01<00:01,  2.29it/s, total=3.816, recon=1.758, kl=0.0713]
VAL  :  67%|███████████████████████████▎             | 4/6 [00:01<00:00,  2.21it/s, total=3.816, recon=1.758, kl=0.0713]
VAL  :  67%|███████████████████████████▎             | 4/6 [00:02<00:00,  2.21it/s, total=4.026, recon=1.760, kl=0.0753]
VAL  :  83%|██████████████████████████████████▏      | 5/6 [00:02<00:00,  2.29it/s, total=4.026, recon=1.760, kl=0.0753]
VAL  :  83%|██████████████████████████████████▏      | 5/6 [00:02<00:00,  2.29it/s, total=3.555, recon=1.560, kl=0.0759]
VAL  : 100%|█████████████████████████████████████████| 6/6 [00:02<00:00,  2.81it/s, total=3.555, recon=1.560, kl=0.0759]
                                                                                                                        

TRAIN:   0%|                                                                                     | 0/20 [00:00<?, ?it/s]
TRAIN:   0%|                                                | 0/20 [00:01<?, ?it/s, total=2.187, recon=0.604, kl=0.0743]
TRAIN:   5%|██                                      | 1/20 [00:01<00:24,  1.30s/it, total=2.187, recon=0.604, kl=0.0743]
TRAIN:   5%|██                                      | 1/20 [00:02<00:24,  1.30s/it, total=2.334, recon=0.664, kl=0.0770]
TRAIN:  10%|████                                    | 2/20 [00:02<00:23,  1.33s/it, total=2.334, recon=0.664, kl=0.0770]
TRAIN:  10%|████                                    | 2/20 [00:04<00:23,  1.33s/it, total=2.036, recon=0.647, kl=0.0767]
TRAIN:  15%|██████                                  | 3/20 [00:04<00:22,  1.35s/it, total=2.036, recon=0.647, kl=0.0767]
TRAIN:  15%|██████                                  | 3/20 [00:05<00:22,  1.35s/it, total=2.112, recon=0.610, kl=0.0767]
TRAIN:  20%|████████                                | 4/20 [00:05<00:22,  1.42s/it, total=2.112, recon=0.610, kl=0.0767]
TRAIN:  20%|████████                                | 4/20 [00:07<00:22,  1.42s/it, total=2.149, recon=0.642, kl=0.0771]
TRAIN:  25%|██████████                              | 5/20 [00:07<00:22,  1.48s/it, total=2.149, recon=0.642, kl=0.0771]
TRAIN:  25%|██████████                              | 5/20 [00:08<00:22,  1.48s/it, total=2.453, recon=0.708, kl=0.0779]
TRAIN:  30%|████████████                            | 6/20 [00:08<00:20,  1.43s/it, total=2.453, recon=0.708, kl=0.0779]
TRAIN:  30%|████████████                            | 6/20 [00:09<00:20,  1.43s/it, total=2.252, recon=0.628, kl=0.0768]
TRAIN:  35%|██████████████                          | 7/20 [00:09<00:17,  1.35s/it, total=2.252, recon=0.628, kl=0.0768]
TRAIN:  35%|██████████████                          | 7/20 [00:11<00:17,  1.35s/it, total=2.508, recon=0.714, kl=0.0736]
TRAIN:  40%|████████████████                        | 8/20 [00:11<00:16,  1.34s/it, total=2.508, recon=0.714, kl=0.0736]
TRAIN:  40%|████████████████                        | 8/20 [00:12<00:16,  1.34s/it, total=2.233, recon=0.661, kl=0.0737]
TRAIN:  45%|██████████████████                      | 9/20 [00:12<00:14,  1.36s/it, total=2.233, recon=0.661, kl=0.0737]
TRAIN:  45%|██████████████████                      | 9/20 [00:14<00:14,  1.36s/it, total=2.244, recon=0.708, kl=0.0732]
TRAIN:  50%|███████████████████▌                   | 10/20 [00:14<00:14,  1.42s/it, total=2.244, recon=0.708, kl=0.0732]
TRAIN:  50%|███████████████████▌                   | 10/20 [00:15<00:14,  1.42s/it, total=2.507, recon=0.749, kl=0.0768]
TRAIN:  55%|█████████████████████▍                 | 11/20 [00:15<00:12,  1.39s/it, total=2.507, recon=0.749, kl=0.0768]
TRAIN:  55%|█████████████████████▍                 | 11/20 [00:16<00:12,  1.39s/it, total=2.204, recon=0.689, kl=0.0742]
TRAIN:  60%|███████████████████████▍               | 12/20 [00:16<00:10,  1.35s/it, total=2.204, recon=0.689, kl=0.0742]
TRAIN:  60%|███████████████████████▍               | 12/20 [00:17<00:10,  1.35s/it, total=1.742, recon=0.578, kl=0.0732]
TRAIN:  65%|█████████████████████████▎             | 13/20 [00:17<00:09,  1.35s/it, total=1.742, recon=0.578, kl=0.0732]
TRAIN:  65%|█████████████████████████▎             | 13/20 [00:19<00:09,  1.35s/it, total=2.540, recon=0.751, kl=0.0773]
TRAIN:  70%|███████████████████████████▎           | 14/20 [00:19<00:07,  1.33s/it, total=2.540, recon=0.751, kl=0.0773]
TRAIN:  70%|███████████████████████████▎           | 14/20 [00:20<00:07,  1.33s/it, total=2.368, recon=0.702, kl=0.0775]
TRAIN:  75%|█████████████████████████████▎         | 15/20 [00:20<00:06,  1.38s/it, total=2.368, recon=0.702, kl=0.0775]
TRAIN:  75%|█████████████████████████████▎         | 15/20 [00:22<00:06,  1.38s/it, total=2.352, recon=0.744, kl=0.0784]
TRAIN:  80%|███████████████████████████████▏       | 16/20 [00:22<00:05,  1.42s/it, total=2.352, recon=0.744, kl=0.0784]
TRAIN:  80%|███████████████████████████████▏       | 16/20 [00:23<00:05,  1.42s/it, total=2.204, recon=0.671, kl=0.0767]
TRAIN:  85%|█████████████████████████████████▏     | 17/20 [00:23<00:04,  1.42s/it, total=2.204, recon=0.671, kl=0.0767]
TRAIN:  85%|█████████████████████████████████▏     | 17/20 [00:25<00:04,  1.42s/it, total=1.864, recon=0.609, kl=0.0785]
TRAIN:  90%|███████████████████████████████████    | 18/20 [00:25<00:02,  1.43s/it, total=1.864, recon=0.609, kl=0.0785]
TRAIN:  90%|███████████████████████████████████    | 18/20 [00:26<00:02,  1.43s/it, total=2.457, recon=0.775, kl=0.0806]
TRAIN:  95%|█████████████████████████████████████  | 19/20 [00:26<00:01,  1.45s/it, total=2.457, recon=0.775, kl=0.0806]
TRAIN:  95%|█████████████████████████████████████  | 19/20 [00:27<00:01,  1.45s/it, total=1.902, recon=0.573, kl=0.0756]
TRAIN: 100%|███████████████████████████████████████| 20/20 [00:27<00:00,  1.28s/it, total=1.902, recon=0.573, kl=0.0756]
                                                                                                                        

VAL  :   0%|                                                                                      | 0/6 [00:00<?, ?it/s]
VAL  :   0%|                                                 | 0/6 [00:00<?, ?it/s, total=4.741, recon=2.028, kl=0.0766]
VAL  :  17%|██████▊                                  | 1/6 [00:00<00:02,  2.24it/s, total=4.741, recon=2.028, kl=0.0766]
VAL  :  17%|██████▊                                  | 1/6 [00:00<00:02,  2.24it/s, total=4.317, recon=1.781, kl=0.0686]
VAL  :  33%|█████████████▋                           | 2/6 [00:00<00:01,  2.25it/s, total=4.317, recon=1.781, kl=0.0686]
VAL  :  33%|█████████████▋                           | 2/6 [00:01<00:01,  2.25it/s, total=4.153, recon=1.838, kl=0.0676]
VAL  :  50%|████████████████████▌                    | 3/6 [00:01<00:01,  2.20it/s, total=4.153, recon=1.838, kl=0.0676]
VAL  :  50%|████████████████████▌                    | 3/6 [00:01<00:01,  2.20it/s, total=4.278, recon=1.776, kl=0.0691]
VAL  :  67%|███████████████████████████▎             | 4/6 [00:01<00:00,  2.25it/s, total=4.278, recon=1.776, kl=0.0691]
VAL  :  67%|███████████████████████████▎             | 4/6 [00:02<00:00,  2.25it/s, total=4.080, recon=1.774, kl=0.0726]
VAL  :  83%|██████████████████████████████████▏      | 5/6 [00:02<00:00,  2.41it/s, total=4.080, recon=1.774, kl=0.0726]
VAL  :  83%|██████████████████████████████████▏      | 5/6 [00:02<00:00,  2.41it/s, total=3.955, recon=1.542, kl=0.0688]
VAL  : 100%|█████████████████████████████████████████| 6/6 [00:02<00:00,  2.78it/s, total=3.955, recon=1.542, kl=0.0688]
                                                                                                                        

TRAIN:   0%|                                                                                     | 0/20 [00:00<?, ?it/s]
TRAIN:   0%|                                                | 0/20 [00:01<?, ?it/s, total=2.378, recon=0.661, kl=0.0752]
TRAIN:   5%|██                                      | 1/20 [00:01<00:27,  1.45s/it, total=2.378, recon=0.661, kl=0.0752]
TRAIN:   5%|██                                      | 1/20 [00:02<00:27,  1.45s/it, total=1.912, recon=0.624, kl=0.0764]
TRAIN:  10%|████                                    | 2/20 [00:02<00:25,  1.40s/it, total=1.912, recon=0.624, kl=0.0764]
TRAIN:  10%|████                                    | 2/20 [00:03<00:25,  1.40s/it, total=1.856, recon=0.566, kl=0.0736]
TRAIN:  15%|██████                                  | 3/20 [00:03<00:22,  1.33s/it, total=1.856, recon=0.566, kl=0.0736]
TRAIN:  15%|██████                                  | 3/20 [00:05<00:22,  1.33s/it, total=2.362, recon=0.710, kl=0.0759]
TRAIN:  20%|████████                                | 4/20 [00:05<00:20,  1.27s/it, total=2.362, recon=0.710, kl=0.0759]
TRAIN:  20%|████████                                | 4/20 [00:06<00:20,  1.27s/it, total=2.447, recon=0.759, kl=0.0757]
TRAIN:  25%|██████████                              | 5/20 [00:06<00:18,  1.23s/it, total=2.447, recon=0.759, kl=0.0757]
TRAIN:  25%|██████████                              | 5/20 [00:07<00:18,  1.23s/it, total=1.984, recon=0.565, kl=0.0739]
TRAIN:  30%|████████████                            | 6/20 [00:07<00:16,  1.20s/it, total=1.984, recon=0.565, kl=0.0739]
TRAIN:  30%|████████████                            | 6/20 [00:08<00:16,  1.20s/it, total=2.253, recon=0.697, kl=0.0748]
TRAIN:  35%|██████████████                          | 7/20 [00:08<00:15,  1.18s/it, total=2.253, recon=0.697, kl=0.0748]
TRAIN:  35%|██████████████                          | 7/20 [00:09<00:15,  1.18s/it, total=1.839, recon=0.624, kl=0.0709]
TRAIN:  40%|████████████████                        | 8/20 [00:09<00:14,  1.17s/it, total=1.839, recon=0.624, kl=0.0709]
TRAIN:  40%|████████████████                        | 8/20 [00:10<00:14,  1.17s/it, total=2.386, recon=0.710, kl=0.0741]
TRAIN:  45%|██████████████████                      | 9/20 [00:10<00:13,  1.24s/it, total=2.386, recon=0.710, kl=0.0741]
TRAIN:  45%|██████████████████                      | 9/20 [00:12<00:13,  1.24s/it, total=1.923, recon=0.583, kl=0.0689]
TRAIN:  50%|███████████████████▌                   | 10/20 [00:12<00:13,  1.30s/it, total=1.923, recon=0.583, kl=0.0689]
TRAIN:  50%|███████████████████▌                   | 10/20 [00:13<00:13,  1.30s/it, total=2.175, recon=0.602, kl=0.0732]
TRAIN:  55%|█████████████████████▍                 | 11/20 [00:13<00:12,  1.35s/it, total=2.175, recon=0.602, kl=0.0732]
TRAIN:  55%|█████████████████████▍                 | 11/20 [00:15<00:12,  1.35s/it, total=1.993, recon=0.684, kl=0.0724]
TRAIN:  60%|███████████████████████▍               | 12/20 [00:15<00:10,  1.35s/it, total=1.993, recon=0.684, kl=0.0724]
TRAIN:  60%|███████████████████████▍               | 12/20 [00:16<00:10,  1.35s/it, total=1.934, recon=0.604, kl=0.0718]
TRAIN:  65%|█████████████████████████▎             | 13/20 [00:16<00:09,  1.35s/it, total=1.934, recon=0.604, kl=0.0718]
TRAIN:  65%|█████████████████████████▎             | 13/20 [00:17<00:09,  1.35s/it, total=2.339, recon=0.715, kl=0.0746]
TRAIN:  70%|███████████████████████████▎           | 14/20 [00:17<00:08,  1.35s/it, total=2.339, recon=0.715, kl=0.0746]
TRAIN:  70%|███████████████████████████▎           | 14/20 [00:19<00:08,  1.35s/it, total=2.121, recon=0.631, kl=0.0699]
TRAIN:  75%|█████████████████████████████▎         | 15/20 [00:19<00:06,  1.33s/it, total=2.121, recon=0.631, kl=0.0699]
TRAIN:  75%|█████████████████████████████▎         | 15/20 [00:20<00:06,  1.33s/it, total=2.192, recon=0.632, kl=0.0739]
TRAIN:  80%|███████████████████████████████▏       | 16/20 [00:20<00:05,  1.34s/it, total=2.192, recon=0.632, kl=0.0739]
TRAIN:  80%|███████████████████████████████▏       | 16/20 [00:21<00:05,  1.34s/it, total=2.381, recon=0.692, kl=0.0713]
TRAIN:  85%|█████████████████████████████████▏     | 17/20 [00:21<00:04,  1.34s/it, total=2.381, recon=0.692, kl=0.0713]
TRAIN:  85%|█████████████████████████████████▏     | 17/20 [00:23<00:04,  1.34s/it, total=2.211, recon=0.645, kl=0.0712]
TRAIN:  90%|███████████████████████████████████    | 18/20 [00:23<00:02,  1.32s/it, total=2.211, recon=0.645, kl=0.0712]
TRAIN:  90%|███████████████████████████████████    | 18/20 [00:24<00:02,  1.32s/it, total=2.317, recon=0.636, kl=0.0749]
TRAIN:  95%|█████████████████████████████████████  | 19/20 [00:24<00:01,  1.29s/it, total=2.317, recon=0.636, kl=0.0749]
TRAIN:  95%|█████████████████████████████████████  | 19/20 [00:25<00:01,  1.29s/it, total=2.333, recon=0.718, kl=0.0745]
TRAIN: 100%|███████████████████████████████████████| 20/20 [00:25<00:00,  1.14s/it, total=2.333, recon=0.718, kl=0.0745]
                                                                                                                        

VAL  :   0%|                                                                                      | 0/6 [00:00<?, ?it/s]
VAL  :   0%|                                                 | 0/6 [00:00<?, ?it/s, total=4.736, recon=2.030, kl=0.0725]
VAL  :  17%|██████▊                                  | 1/6 [00:00<00:01,  2.86it/s, total=4.736, recon=2.030, kl=0.0725]
VAL  :  17%|██████▊                                  | 1/6 [00:00<00:01,  2.86it/s, total=4.088, recon=1.786, kl=0.0679]
VAL  :  33%|█████████████▋                           | 2/6 [00:00<00:01,  2.80it/s, total=4.088, recon=1.786, kl=0.0679]
VAL  :  33%|█████████████▋                           | 2/6 [00:01<00:01,  2.80it/s, total=4.290, recon=1.823, kl=0.0655]
VAL  :  50%|████████████████████▌                    | 3/6 [00:01<00:01,  2.87it/s, total=4.290, recon=1.823, kl=0.0655]
VAL  :  50%|████████████████████▌                    | 3/6 [00:01<00:01,  2.87it/s, total=4.104, recon=1.765, kl=0.0660]
VAL  :  67%|███████████████████████████▎             | 4/6 [00:01<00:00,  2.83it/s, total=4.104, recon=1.765, kl=0.0660]
VAL  :  67%|███████████████████████████▎             | 4/6 [00:01<00:00,  2.83it/s, total=3.928, recon=1.759, kl=0.0709]
VAL  :  83%|██████████████████████████████████▏      | 5/6 [00:01<00:00,  2.89it/s, total=3.928, recon=1.759, kl=0.0709]
VAL  :  83%|██████████████████████████████████▏      | 5/6 [00:01<00:00,  2.89it/s, total=4.148, recon=1.550, kl=0.0701]
VAL  : 100%|█████████████████████████████████████████| 6/6 [00:01<00:00,  3.50it/s, total=4.148, recon=1.550, kl=0.0701]
                                                                                                                        

TRAIN:   0%|                                                                                     | 0/20 [00:00<?, ?it/s]
TRAIN:   0%|                                                | 0/20 [00:01<?, ?it/s, total=2.301, recon=0.669, kl=0.0758]
TRAIN:   5%|██                                      | 1/20 [00:01<00:23,  1.24s/it, total=2.301, recon=0.669, kl=0.0758]
TRAIN:   5%|██                                      | 1/20 [00:02<00:23,  1.24s/it, total=2.357, recon=0.706, kl=0.0719]
TRAIN:  10%|████                                    | 2/20 [00:02<00:22,  1.24s/it, total=2.357, recon=0.706, kl=0.0719]
TRAIN:  10%|████                                    | 2/20 [00:03<00:22,  1.24s/it, total=2.140, recon=0.669, kl=0.0737]
TRAIN:  15%|██████                                  | 3/20 [00:03<00:21,  1.29s/it, total=2.140, recon=0.669, kl=0.0737]
TRAIN:  15%|██████                                  | 3/20 [00:05<00:21,  1.29s/it, total=1.968, recon=0.564, kl=0.0713]
TRAIN:  20%|████████                                | 4/20 [00:05<00:20,  1.31s/it, total=1.968, recon=0.564, kl=0.0713]
TRAIN:  20%|████████                                | 4/20 [00:06<00:20,  1.31s/it, total=2.129, recon=0.644, kl=0.0694]
TRAIN:  25%|██████████                              | 5/20 [00:06<00:19,  1.33s/it, total=2.129, recon=0.644, kl=0.0694]
TRAIN:  25%|██████████                              | 5/20 [00:07<00:19,  1.33s/it, total=2.289, recon=0.715, kl=0.0693]
TRAIN:  30%|████████████                            | 6/20 [00:07<00:18,  1.30s/it, total=2.289, recon=0.715, kl=0.0693]
TRAIN:  30%|████████████                            | 6/20 [00:09<00:18,  1.30s/it, total=2.260, recon=0.696, kl=0.0710]
TRAIN:  35%|██████████████                          | 7/20 [00:09<00:16,  1.31s/it, total=2.260, recon=0.696, kl=0.0710]
TRAIN:  35%|██████████████                          | 7/20 [00:10<00:16,  1.31s/it, total=2.178, recon=0.634, kl=0.0707]
TRAIN:  40%|████████████████                        | 8/20 [00:10<00:15,  1.27s/it, total=2.178, recon=0.634, kl=0.0707]
TRAIN:  40%|████████████████                        | 8/20 [00:12<00:15,  1.27s/it, total=2.473, recon=0.659, kl=0.0729]
TRAIN:  45%|██████████████████                      | 9/20 [00:12<00:15,  1.40s/it, total=2.473, recon=0.659, kl=0.0729]
TRAIN:  45%|██████████████████                      | 9/20 [00:13<00:15,  1.40s/it, total=2.195, recon=0.634, kl=0.0682]
TRAIN:  50%|███████████████████▌                   | 10/20 [00:13<00:14,  1.42s/it, total=2.195, recon=0.634, kl=0.0682]
TRAIN:  50%|███████████████████▌                   | 10/20 [00:14<00:14,  1.42s/it, total=2.188, recon=0.671, kl=0.0655]
TRAIN:  55%|█████████████████████▍                 | 11/20 [00:14<00:12,  1.38s/it, total=2.188, recon=0.671, kl=0.0655]
TRAIN:  55%|█████████████████████▍                 | 11/20 [00:16<00:12,  1.38s/it, total=1.937, recon=0.562, kl=0.0688]
TRAIN:  60%|███████████████████████▍               | 12/20 [00:16<00:11,  1.46s/it, total=1.937, recon=0.562, kl=0.0688]
TRAIN:  60%|███████████████████████▍               | 12/20 [00:17<00:11,  1.46s/it, total=2.189, recon=0.606, kl=0.0701]
TRAIN:  65%|█████████████████████████▎             | 13/20 [00:17<00:10,  1.46s/it, total=2.189, recon=0.606, kl=0.0701]
TRAIN:  65%|█████████████████████████▎             | 13/20 [00:19<00:10,  1.46s/it, total=2.234, recon=0.663, kl=0.0740]
TRAIN:  70%|███████████████████████████▎           | 14/20 [00:19<00:09,  1.52s/it, total=2.234, recon=0.663, kl=0.0740]
TRAIN:  70%|███████████████████████████▎           | 14/20 [00:20<00:09,  1.52s/it, total=1.761, recon=0.564, kl=0.0697]
TRAIN:  75%|█████████████████████████████▎         | 15/20 [00:20<00:07,  1.49s/it, total=1.761, recon=0.564, kl=0.0697]
TRAIN:  75%|█████████████████████████████▎         | 15/20 [00:22<00:07,  1.49s/it, total=1.976, recon=0.692, kl=0.0703]
TRAIN:  80%|███████████████████████████████▏       | 16/20 [00:22<00:05,  1.38s/it, total=1.976, recon=0.692, kl=0.0703]
TRAIN:  80%|███████████████████████████████▏       | 16/20 [00:23<00:05,  1.38s/it, total=2.070, recon=0.592, kl=0.0703]
TRAIN:  85%|█████████████████████████████████▏     | 17/20 [00:23<00:04,  1.39s/it, total=2.070, recon=0.592, kl=0.0703]
TRAIN:  85%|█████████████████████████████████▏     | 17/20 [00:25<00:04,  1.39s/it, total=1.862, recon=0.529, kl=0.0695]
TRAIN:  90%|███████████████████████████████████    | 18/20 [00:25<00:02,  1.42s/it, total=1.862, recon=0.529, kl=0.0695]
TRAIN:  90%|███████████████████████████████████    | 18/20 [00:26<00:02,  1.42s/it, total=2.128, recon=0.662, kl=0.0691]
TRAIN:  95%|█████████████████████████████████████  | 19/20 [00:26<00:01,  1.47s/it, total=2.128, recon=0.662, kl=0.0691]
TRAIN:  95%|█████████████████████████████████████  | 19/20 [00:27<00:01,  1.47s/it, total=2.178, recon=0.687, kl=0.0682]
TRAIN: 100%|███████████████████████████████████████| 20/20 [00:27<00:00,  1.32s/it, total=2.178, recon=0.687, kl=0.0682]
                                                                                                                        

VAL  :   0%|                                                                                      | 0/6 [00:00<?, ?it/s]
VAL  :   0%|                                                 | 0/6 [00:00<?, ?it/s, total=4.619, recon=2.055, kl=0.0678]
VAL  :  17%|██████▊                                  | 1/6 [00:00<00:02,  1.77it/s, total=4.619, recon=2.055, kl=0.0678]
VAL  :  17%|██████▊                                  | 1/6 [00:01<00:02,  1.77it/s, total=4.458, recon=1.803, kl=0.0619]
VAL  :  33%|█████████████▋                           | 2/6 [00:01<00:02,  1.89it/s, total=4.458, recon=1.803, kl=0.0619]
VAL  :  33%|█████████████▋                           | 2/6 [00:01<00:02,  1.89it/s, total=4.162, recon=1.834, kl=0.0602]
VAL  :  50%|████████████████████▌                    | 3/6 [00:01<00:01,  1.92it/s, total=4.162, recon=1.834, kl=0.0602]
VAL  :  50%|████████████████████▌                    | 3/6 [00:01<00:01,  1.92it/s, total=4.021, recon=1.793, kl=0.0629]
VAL  :  67%|███████████████████████████▎             | 4/6 [00:01<00:00,  2.12it/s, total=4.021, recon=1.793, kl=0.0629]
VAL  :  67%|███████████████████████████▎             | 4/6 [00:02<00:00,  2.12it/s, total=4.070, recon=1.767, kl=0.0652]
VAL  :  83%|██████████████████████████████████▏      | 5/6 [00:02<00:00,  2.33it/s, total=4.070, recon=1.767, kl=0.0652]
VAL  :  83%|██████████████████████████████████▏      | 5/6 [00:02<00:00,  2.33it/s, total=3.139, recon=1.553, kl=0.0629]
VAL  : 100%|█████████████████████████████████████████| 6/6 [00:02<00:00,  2.99it/s, total=3.139, recon=1.553, kl=0.0629]
                                                                                                                        

TRAIN:   0%|                                                                                     | 0/20 [00:00<?, ?it/s]
TRAIN:   0%|                                                | 0/20 [00:01<?, ?it/s, total=2.133, recon=0.596, kl=0.0677]
TRAIN:   5%|██                                      | 1/20 [00:01<00:24,  1.28s/it, total=2.133, recon=0.596, kl=0.0677]
TRAIN:   5%|██                                      | 1/20 [00:02<00:24,  1.28s/it, total=2.166, recon=0.639, kl=0.0658]
TRAIN:  10%|████                                    | 2/20 [00:02<00:23,  1.32s/it, total=2.166, recon=0.639, kl=0.0658]
TRAIN:  10%|████                                    | 2/20 [00:04<00:23,  1.32s/it, total=2.366, recon=0.661, kl=0.0699]
TRAIN:  15%|██████                                  | 3/20 [00:04<00:23,  1.37s/it, total=2.366, recon=0.661, kl=0.0699]
TRAIN:  15%|██████                                  | 3/20 [00:05<00:23,  1.37s/it, total=2.406, recon=0.707, kl=0.0695]
TRAIN:  20%|████████                                | 4/20 [00:05<00:23,  1.47s/it, total=2.406, recon=0.707, kl=0.0695]
TRAIN:  20%|████████                                | 4/20 [00:07<00:23,  1.47s/it, total=2.003, recon=0.592, kl=0.0671]
TRAIN:  25%|██████████                              | 5/20 [00:07<00:21,  1.43s/it, total=2.003, recon=0.592, kl=0.0671]
TRAIN:  25%|██████████                              | 5/20 [00:08<00:21,  1.43s/it, total=2.173, recon=0.595, kl=0.0681]
TRAIN:  30%|████████████                            | 6/20 [00:08<00:19,  1.37s/it, total=2.173, recon=0.595, kl=0.0681]
TRAIN:  30%|████████████                            | 6/20 [00:09<00:19,  1.37s/it, total=2.236, recon=0.687, kl=0.0655]
TRAIN:  35%|██████████████                          | 7/20 [00:09<00:17,  1.32s/it, total=2.236, recon=0.687, kl=0.0655]
TRAIN:  35%|██████████████                          | 7/20 [00:11<00:17,  1.32s/it, total=1.906, recon=0.554, kl=0.0630]
TRAIN:  40%|████████████████                        | 8/20 [00:11<00:16,  1.38s/it, total=1.906, recon=0.554, kl=0.0630]
TRAIN:  40%|████████████████                        | 8/20 [00:12<00:16,  1.38s/it, total=2.129, recon=0.662, kl=0.0703]
TRAIN:  45%|██████████████████                      | 9/20 [00:12<00:16,  1.50s/it, total=2.129, recon=0.662, kl=0.0703]
TRAIN:  45%|██████████████████                      | 9/20 [00:14<00:16,  1.50s/it, total=1.928, recon=0.572, kl=0.0678]
TRAIN:  50%|███████████████████▌                   | 10/20 [00:14<00:15,  1.57s/it, total=1.928, recon=0.572, kl=0.0678]
TRAIN:  50%|███████████████████▌                   | 10/20 [00:16<00:15,  1.57s/it, total=2.134, recon=0.644, kl=0.0684]
TRAIN:  55%|█████████████████████▍                 | 11/20 [00:16<00:14,  1.60s/it, total=2.134, recon=0.644, kl=0.0684]
TRAIN:  55%|█████████████████████▍                 | 11/20 [00:17<00:14,  1.60s/it, total=1.865, recon=0.574, kl=0.0676]
TRAIN:  60%|███████████████████████▍               | 12/20 [00:17<00:12,  1.60s/it, total=1.865, recon=0.574, kl=0.0676]
TRAIN:  60%|███████████████████████▍               | 12/20 [00:19<00:12,  1.60s/it, total=2.140, recon=0.647, kl=0.0667]
TRAIN:  65%|█████████████████████████▎             | 13/20 [00:19<00:11,  1.58s/it, total=2.140, recon=0.647, kl=0.0667]
TRAIN:  65%|█████████████████████████▎             | 13/20 [00:20<00:11,  1.58s/it, total=2.275, recon=0.691, kl=0.0704]
TRAIN:  70%|███████████████████████████▎           | 14/20 [00:20<00:09,  1.52s/it, total=2.275, recon=0.691, kl=0.0704]
TRAIN:  70%|███████████████████████████▎           | 14/20 [00:22<00:09,  1.52s/it, total=1.702, recon=0.515, kl=0.0651]
TRAIN:  75%|█████████████████████████████▎         | 15/20 [00:22<00:07,  1.46s/it, total=1.702, recon=0.515, kl=0.0651]
TRAIN:  75%|█████████████████████████████▎         | 15/20 [00:23<00:07,  1.46s/it, total=2.284, recon=0.711, kl=0.0688]
TRAIN:  80%|███████████████████████████████▏       | 16/20 [00:23<00:05,  1.47s/it, total=2.284, recon=0.711, kl=0.0688]
TRAIN:  80%|███████████████████████████████▏       | 16/20 [00:24<00:05,  1.47s/it, total=1.988, recon=0.581, kl=0.0674]
TRAIN:  85%|█████████████████████████████████▏     | 17/20 [00:24<00:04,  1.41s/it, total=1.988, recon=0.581, kl=0.0674]
TRAIN:  85%|█████████████████████████████████▏     | 17/20 [00:26<00:04,  1.41s/it, total=2.181, recon=0.664, kl=0.0684]
TRAIN:  90%|███████████████████████████████████    | 18/20 [00:26<00:02,  1.40s/it, total=2.181, recon=0.664, kl=0.0684]
TRAIN:  90%|███████████████████████████████████    | 18/20 [00:27<00:02,  1.40s/it, total=2.272, recon=0.662, kl=0.0679]
TRAIN:  95%|█████████████████████████████████████  | 19/20 [00:27<00:01,  1.37s/it, total=2.272, recon=0.662, kl=0.0679]
TRAIN:  95%|█████████████████████████████████████  | 19/20 [00:28<00:01,  1.37s/it, total=2.300, recon=0.551, kl=0.0630]
TRAIN: 100%|███████████████████████████████████████| 20/20 [00:28<00:00,  1.17s/it, total=2.300, recon=0.551, kl=0.0630]
                                                                                                                        

VAL  :   0%|                                                                                      | 0/6 [00:00<?, ?it/s]
VAL  :   0%|                                                 | 0/6 [00:00<?, ?it/s, total=4.832, recon=2.098, kl=0.0666]
VAL  :  17%|██████▊                                  | 1/6 [00:00<00:02,  1.84it/s, total=4.832, recon=2.098, kl=0.0666]
VAL  :  17%|██████▊                                  | 1/6 [00:01<00:02,  1.84it/s, total=4.154, recon=1.827, kl=0.0611]
VAL  :  33%|█████████████▋                           | 2/6 [00:01<00:02,  1.92it/s, total=4.154, recon=1.827, kl=0.0611]
VAL  :  33%|█████████████▋                           | 2/6 [00:01<00:02,  1.92it/s, total=4.112, recon=1.870, kl=0.0599]
VAL  :  50%|████████████████████▌                    | 3/6 [00:01<00:01,  1.96it/s, total=4.112, recon=1.870, kl=0.0599]
VAL  :  50%|████████████████████▌                    | 3/6 [00:01<00:01,  1.96it/s, total=4.067, recon=1.806, kl=0.0621]
VAL  :  67%|███████████████████████████▎             | 4/6 [00:02<00:01,  1.97it/s, total=4.067, recon=1.806, kl=0.0621]
VAL  :  67%|███████████████████████████▎             | 4/6 [00:02<00:01,  1.97it/s, total=4.129, recon=1.815, kl=0.0635]
VAL  :  83%|██████████████████████████████████▏      | 5/6 [00:02<00:00,  2.16it/s, total=4.129, recon=1.815, kl=0.0635]
VAL  :  83%|██████████████████████████████████▏      | 5/6 [00:02<00:00,  2.16it/s, total=3.456, recon=1.529, kl=0.0627]
VAL  : 100%|█████████████████████████████████████████| 6/6 [00:02<00:00,  2.64it/s, total=3.456, recon=1.529, kl=0.0627]
                                                                                                                        

TRAIN:   0%|                                                                                     | 0/20 [00:00<?, ?it/s]
TRAIN:   0%|                                                | 0/20 [00:01<?, ?it/s, total=1.911, recon=0.568, kl=0.0667]
TRAIN:   5%|██                                      | 1/20 [00:01<00:23,  1.24s/it, total=1.911, recon=0.568, kl=0.0667]
TRAIN:   5%|██                                      | 1/20 [00:02<00:23,  1.24s/it, total=2.022, recon=0.568, kl=0.0618]
TRAIN:  10%|████                                    | 2/20 [00:02<00:24,  1.34s/it, total=2.022, recon=0.568, kl=0.0618]
TRAIN:  10%|████                                    | 2/20 [00:04<00:24,  1.34s/it, total=2.074, recon=0.547, kl=0.0643]
TRAIN:  15%|██████                                  | 3/20 [00:04<00:23,  1.38s/it, total=2.074, recon=0.547, kl=0.0643]
TRAIN:  15%|██████                                  | 3/20 [00:05<00:23,  1.38s/it, total=2.224, recon=0.677, kl=0.0634]
TRAIN:  20%|████████                                | 4/20 [00:05<00:22,  1.38s/it, total=2.224, recon=0.677, kl=0.0634]
TRAIN:  20%|████████                                | 4/20 [00:07<00:22,  1.38s/it, total=1.947, recon=0.542, kl=0.0616]
TRAIN:  25%|██████████                              | 5/20 [00:07<00:20,  1.39s/it, total=1.947, recon=0.542, kl=0.0616]
TRAIN:  25%|██████████                              | 5/20 [00:08<00:20,  1.39s/it, total=1.809, recon=0.593, kl=0.0672]
TRAIN:  30%|████████████                            | 6/20 [00:08<00:20,  1.43s/it, total=1.809, recon=0.593, kl=0.0672]
TRAIN:  30%|████████████                            | 6/20 [00:09<00:20,  1.43s/it, total=2.060, recon=0.576, kl=0.0696]
TRAIN:  35%|██████████████                          | 7/20 [00:09<00:18,  1.39s/it, total=2.060, recon=0.576, kl=0.0696]
TRAIN:  35%|██████████████                          | 7/20 [00:11<00:18,  1.39s/it, total=2.282, recon=0.614, kl=0.0677]
TRAIN:  40%|████████████████                        | 8/20 [00:11<00:16,  1.37s/it, total=2.282, recon=0.614, kl=0.0677]
TRAIN:  40%|████████████████                        | 8/20 [00:12<00:16,  1.37s/it, total=2.045, recon=0.659, kl=0.0714]
TRAIN:  45%|██████████████████                      | 9/20 [00:12<00:15,  1.42s/it, total=2.045, recon=0.659, kl=0.0714]
TRAIN:  45%|██████████████████                      | 9/20 [00:14<00:15,  1.42s/it, total=1.902, recon=0.623, kl=0.0645]
TRAIN:  50%|███████████████████▌                   | 10/20 [00:14<00:14,  1.43s/it, total=1.902, recon=0.623, kl=0.0645]
TRAIN:  50%|███████████████████▌                   | 10/20 [00:15<00:14,  1.43s/it, total=1.976, recon=0.572, kl=0.0672]
TRAIN:  55%|█████████████████████▍                 | 11/20 [00:15<00:12,  1.42s/it, total=1.976, recon=0.572, kl=0.0672]
TRAIN:  55%|█████████████████████▍                 | 11/20 [00:16<00:12,  1.42s/it, total=2.218, recon=0.675, kl=0.0684]
TRAIN:  60%|███████████████████████▍               | 12/20 [00:16<00:11,  1.41s/it, total=2.218, recon=0.675, kl=0.0684]
TRAIN:  60%|███████████████████████▍               | 12/20 [00:18<00:11,  1.41s/it, total=1.999, recon=0.643, kl=0.0691]
TRAIN:  65%|█████████████████████████▎             | 13/20 [00:18<00:10,  1.50s/it, total=1.999, recon=0.643, kl=0.0691]
TRAIN:  65%|█████████████████████████▎             | 13/20 [00:19<00:10,  1.50s/it, total=2.345, recon=0.671, kl=0.0663]
TRAIN:  70%|███████████████████████████▎           | 14/20 [00:19<00:08,  1.42s/it, total=2.345, recon=0.671, kl=0.0663]
TRAIN:  70%|███████████████████████████▎           | 14/20 [00:21<00:08,  1.42s/it, total=2.112, recon=0.587, kl=0.0704]
TRAIN:  75%|█████████████████████████████▎         | 15/20 [00:21<00:07,  1.49s/it, total=2.112, recon=0.587, kl=0.0704]
TRAIN:  75%|█████████████████████████████▎         | 15/20 [00:23<00:07,  1.49s/it, total=2.105, recon=0.613, kl=0.0688]
TRAIN:  80%|███████████████████████████████▏       | 16/20 [00:23<00:05,  1.50s/it, total=2.105, recon=0.613, kl=0.0688]
TRAIN:  80%|███████████████████████████████▏       | 16/20 [00:24<00:05,  1.50s/it, total=2.240, recon=0.641, kl=0.0700]
TRAIN:  85%|█████████████████████████████████▏     | 17/20 [00:24<00:04,  1.51s/it, total=2.240, recon=0.641, kl=0.0700]
TRAIN:  85%|█████████████████████████████████▏     | 17/20 [00:26<00:04,  1.51s/it, total=2.271, recon=0.696, kl=0.0675]
TRAIN:  90%|███████████████████████████████████    | 18/20 [00:26<00:02,  1.48s/it, total=2.271, recon=0.696, kl=0.0675]
TRAIN:  90%|███████████████████████████████████    | 18/20 [00:27<00:02,  1.48s/it, total=2.157, recon=0.614, kl=0.0654]
TRAIN:  95%|█████████████████████████████████████  | 19/20 [00:27<00:01,  1.41s/it, total=2.157, recon=0.614, kl=0.0654]
TRAIN:  95%|█████████████████████████████████████  | 19/20 [00:28<00:01,  1.41s/it, total=2.519, recon=0.688, kl=0.0655]
TRAIN: 100%|███████████████████████████████████████| 20/20 [00:28<00:00,  1.23s/it, total=2.519, recon=0.688, kl=0.0655]
                                                                                                                        

VAL  :   0%|                                                                                      | 0/6 [00:00<?, ?it/s]
VAL  :   0%|                                                 | 0/6 [00:00<?, ?it/s, total=4.898, recon=2.096, kl=0.0657]
VAL  :  17%|██████▊                                  | 1/6 [00:00<00:02,  2.22it/s, total=4.898, recon=2.096, kl=0.0657]
VAL  :  17%|██████▊                                  | 1/6 [00:01<00:02,  2.22it/s, total=4.092, recon=1.845, kl=0.0607]
VAL  :  33%|█████████████▋                           | 2/6 [00:01<00:01,  2.06it/s, total=4.092, recon=1.845, kl=0.0607]
VAL  :  33%|█████████████▋                           | 2/6 [00:01<00:01,  2.06it/s, total=4.067, recon=1.842, kl=0.0586]
VAL  :  50%|████████████████████▌                    | 3/6 [00:01<00:01,  2.04it/s, total=4.067, recon=1.842, kl=0.0586]
VAL  :  50%|████████████████████▌                    | 3/6 [00:01<00:01,  2.04it/s, total=4.214, recon=1.800, kl=0.0594]
VAL  :  67%|███████████████████████████▎             | 4/6 [00:01<00:00,  2.10it/s, total=4.214, recon=1.800, kl=0.0594]
VAL  :  67%|███████████████████████████▎             | 4/6 [00:02<00:00,  2.10it/s, total=4.103, recon=1.819, kl=0.0637]
VAL  :  83%|██████████████████████████████████▏      | 5/6 [00:02<00:00,  2.13it/s, total=4.103, recon=1.819, kl=0.0637]
VAL  :  83%|██████████████████████████████████▏      | 5/6 [00:02<00:00,  2.13it/s, total=3.318, recon=1.529, kl=0.0609]
VAL  : 100%|█████████████████████████████████████████| 6/6 [00:02<00:00,  2.62it/s, total=3.318, recon=1.529, kl=0.0609]
                                                                                                                        

TRAIN:   0%|                                                                                     | 0/20 [00:00<?, ?it/s]
TRAIN:   0%|                                                | 0/20 [00:01<?, ?it/s, total=2.129, recon=0.607, kl=0.0671]
TRAIN:   5%|██                                      | 1/20 [00:01<00:25,  1.36s/it, total=2.129, recon=0.607, kl=0.0671]
TRAIN:   5%|██                                      | 1/20 [00:02<00:25,  1.36s/it, total=1.937, recon=0.607, kl=0.0669]
TRAIN:  10%|████                                    | 2/20 [00:02<00:25,  1.41s/it, total=1.937, recon=0.607, kl=0.0669]
TRAIN:  10%|████                                    | 2/20 [00:04<00:25,  1.41s/it, total=1.704, recon=0.566, kl=0.0614]
TRAIN:  15%|██████                                  | 3/20 [00:04<00:24,  1.42s/it, total=1.704, recon=0.566, kl=0.0614]
TRAIN:  15%|██████                                  | 3/20 [00:05<00:24,  1.42s/it, total=2.119, recon=0.616, kl=0.0639]
TRAIN:  20%|████████                                | 4/20 [00:05<00:22,  1.39s/it, total=2.119, recon=0.616, kl=0.0639]
TRAIN:  20%|████████                                | 4/20 [00:07<00:22,  1.39s/it, total=2.032, recon=0.631, kl=0.0645]
TRAIN:  25%|██████████                              | 5/20 [00:07<00:21,  1.41s/it, total=2.032, recon=0.631, kl=0.0645]
TRAIN:  25%|██████████                              | 5/20 [00:08<00:21,  1.41s/it, total=1.745, recon=0.561, kl=0.0647]
TRAIN:  30%|████████████                            | 6/20 [00:08<00:19,  1.39s/it, total=1.745, recon=0.561, kl=0.0647]
TRAIN:  30%|████████████                            | 6/20 [00:09<00:19,  1.39s/it, total=1.928, recon=0.594, kl=0.0627]
TRAIN:  35%|██████████████                          | 7/20 [00:09<00:18,  1.39s/it, total=1.928, recon=0.594, kl=0.0627]
TRAIN:  35%|██████████████                          | 7/20 [00:11<00:18,  1.39s/it, total=1.953, recon=0.556, kl=0.0645]
TRAIN:  40%|████████████████                        | 8/20 [00:11<00:16,  1.41s/it, total=1.953, recon=0.556, kl=0.0645]
TRAIN:  40%|████████████████                        | 8/20 [00:12<00:16,  1.41s/it, total=2.169, recon=0.606, kl=0.0620]
TRAIN:  45%|██████████████████                      | 9/20 [00:12<00:15,  1.41s/it, total=2.169, recon=0.606, kl=0.0620]
TRAIN:  45%|██████████████████                      | 9/20 [00:14<00:15,  1.41s/it, total=2.236, recon=0.650, kl=0.0604]
TRAIN:  50%|███████████████████▌                   | 10/20 [00:14<00:14,  1.44s/it, total=2.236, recon=0.650, kl=0.0604]
TRAIN:  50%|███████████████████▌                   | 10/20 [00:15<00:14,  1.44s/it, total=1.882, recon=0.560, kl=0.0615]
TRAIN:  55%|█████████████████████▍                 | 11/20 [00:15<00:12,  1.41s/it, total=1.882, recon=0.560, kl=0.0615]
TRAIN:  55%|█████████████████████▍                 | 11/20 [00:16<00:12,  1.41s/it, total=1.843, recon=0.575, kl=0.0620]
TRAIN:  60%|███████████████████████▍               | 12/20 [00:16<00:11,  1.39s/it, total=1.843, recon=0.575, kl=0.0620]
TRAIN:  60%|███████████████████████▍               | 12/20 [00:18<00:11,  1.39s/it, total=2.227, recon=0.604, kl=0.0626]
TRAIN:  65%|█████████████████████████▎             | 13/20 [00:18<00:09,  1.37s/it, total=2.227, recon=0.604, kl=0.0626]
TRAIN:  65%|█████████████████████████▎             | 13/20 [00:19<00:09,  1.37s/it, total=2.164, recon=0.588, kl=0.0608]
TRAIN:  70%|███████████████████████████▎           | 14/20 [00:19<00:08,  1.35s/it, total=2.164, recon=0.588, kl=0.0608]
TRAIN:  70%|███████████████████████████▎           | 14/20 [00:20<00:08,  1.35s/it, total=2.318, recon=0.692, kl=0.0653]
TRAIN:  75%|█████████████████████████████▎         | 15/20 [00:20<00:06,  1.30s/it, total=2.318, recon=0.692, kl=0.0653]
TRAIN:  75%|█████████████████████████████▎         | 15/20 [00:22<00:06,  1.30s/it, total=2.161, recon=0.588, kl=0.0637]
TRAIN:  80%|███████████████████████████████▏       | 16/20 [00:22<00:05,  1.31s/it, total=2.161, recon=0.588, kl=0.0637]
TRAIN:  80%|███████████████████████████████▏       | 16/20 [00:23<00:05,  1.31s/it, total=2.386, recon=0.694, kl=0.0619]
TRAIN:  85%|█████████████████████████████████▏     | 17/20 [00:23<00:04,  1.39s/it, total=2.386, recon=0.694, kl=0.0619]
TRAIN:  85%|█████████████████████████████████▏     | 17/20 [00:25<00:04,  1.39s/it, total=1.938, recon=0.592, kl=0.0628]
TRAIN:  90%|███████████████████████████████████    | 18/20 [00:25<00:02,  1.47s/it, total=1.938, recon=0.592, kl=0.0628]
TRAIN:  90%|███████████████████████████████████    | 18/20 [00:26<00:02,  1.47s/it, total=2.022, recon=0.587, kl=0.0625]
TRAIN:  95%|█████████████████████████████████████  | 19/20 [00:26<00:01,  1.48s/it, total=2.022, recon=0.587, kl=0.0625]
TRAIN:  95%|█████████████████████████████████████  | 19/20 [00:27<00:01,  1.48s/it, total=2.177, recon=0.754, kl=0.0669]
TRAIN: 100%|███████████████████████████████████████| 20/20 [00:27<00:00,  1.31s/it, total=2.177, recon=0.754, kl=0.0669]
                                                                                                                        

VAL  :   0%|                                                                                      | 0/6 [00:00<?, ?it/s]
VAL  :   0%|                                                 | 0/6 [00:00<?, ?it/s, total=4.726, recon=2.082, kl=0.0637]
VAL  :  17%|██████▊                                  | 1/6 [00:00<00:01,  2.67it/s, total=4.726, recon=2.082, kl=0.0637]
VAL  :  17%|██████▊                                  | 1/6 [00:00<00:01,  2.67it/s, total=4.237, recon=1.828, kl=0.0592]
VAL  :  33%|█████████████▋                           | 2/6 [00:00<00:01,  2.72it/s, total=4.237, recon=1.828, kl=0.0592]
VAL  :  33%|█████████████▋                           | 2/6 [00:01<00:01,  2.72it/s, total=4.163, recon=1.893, kl=0.0581]
VAL  :  50%|████████████████████▌                    | 3/6 [00:01<00:01,  2.55it/s, total=4.163, recon=1.893, kl=0.0581]
VAL  :  50%|████████████████████▌                    | 3/6 [00:01<00:01,  2.55it/s, total=4.102, recon=1.828, kl=0.0584]
VAL  :  67%|███████████████████████████▎             | 4/6 [00:01<00:00,  2.36it/s, total=4.102, recon=1.828, kl=0.0584]
VAL  :  67%|███████████████████████████▎             | 4/6 [00:02<00:00,  2.36it/s, total=3.974, recon=1.840, kl=0.0631]
VAL  :  83%|██████████████████████████████████▏      | 5/6 [00:02<00:00,  2.25it/s, total=3.974, recon=1.840, kl=0.0631]
VAL  :  83%|██████████████████████████████████▏      | 5/6 [00:02<00:00,  2.25it/s, total=3.522, recon=1.545, kl=0.0628]
VAL  : 100%|█████████████████████████████████████████| 6/6 [00:02<00:00,  2.79it/s, total=3.522, recon=1.545, kl=0.0628]
                                                                                                                        

TRAIN:   0%|                                                                                     | 0/20 [00:00<?, ?it/s]
TRAIN:   0%|                                                | 0/20 [00:01<?, ?it/s, total=1.497, recon=0.484, kl=0.0628]
TRAIN:   5%|██                                      | 1/20 [00:01<00:29,  1.55s/it, total=1.497, recon=0.484, kl=0.0628]
TRAIN:   5%|██                                      | 1/20 [00:02<00:29,  1.55s/it, total=1.825, recon=0.563, kl=0.0615]
TRAIN:  10%|████                                    | 2/20 [00:02<00:26,  1.50s/it, total=1.825, recon=0.563, kl=0.0615]
TRAIN:  10%|████                                    | 2/20 [00:04<00:26,  1.50s/it, total=2.163, recon=0.692, kl=0.0652]
TRAIN:  15%|██████                                  | 3/20 [00:04<00:24,  1.45s/it, total=2.163, recon=0.692, kl=0.0652]
TRAIN:  15%|██████                                  | 3/20 [00:05<00:24,  1.45s/it, total=2.421, recon=0.702, kl=0.0655]
TRAIN:  20%|████████                                | 4/20 [00:05<00:23,  1.45s/it, total=2.421, recon=0.702, kl=0.0655]
TRAIN:  20%|████████                                | 4/20 [00:07<00:23,  1.45s/it, total=1.783, recon=0.554, kl=0.0623]
TRAIN:  25%|██████████                              | 5/20 [00:07<00:22,  1.49s/it, total=1.783, recon=0.554, kl=0.0623]
TRAIN:  25%|██████████                              | 5/20 [00:08<00:22,  1.49s/it, total=1.979, recon=0.612, kl=0.0625]
TRAIN:  30%|████████████                            | 6/20 [00:08<00:20,  1.44s/it, total=1.979, recon=0.612, kl=0.0625]
TRAIN:  30%|████████████                            | 6/20 [00:10<00:20,  1.44s/it, total=1.775, recon=0.558, kl=0.0620]
TRAIN:  35%|██████████████                          | 7/20 [00:10<00:18,  1.44s/it, total=1.775, recon=0.558, kl=0.0620]
TRAIN:  35%|██████████████                          | 7/20 [00:11<00:18,  1.44s/it, total=1.926, recon=0.568, kl=0.0628]
TRAIN:  40%|████████████████                        | 8/20 [00:11<00:18,  1.53s/it, total=1.926, recon=0.568, kl=0.0628]
TRAIN:  40%|████████████████                        | 8/20 [00:13<00:18,  1.53s/it, total=1.897, recon=0.646, kl=0.0641]
TRAIN:  45%|██████████████████                      | 9/20 [00:13<00:16,  1.49s/it, total=1.897, recon=0.646, kl=0.0641]
TRAIN:  45%|██████████████████                      | 9/20 [00:14<00:16,  1.49s/it, total=1.864, recon=0.604, kl=0.0634]
TRAIN:  50%|███████████████████▌                   | 10/20 [00:14<00:13,  1.40s/it, total=1.864, recon=0.604, kl=0.0634]
TRAIN:  50%|███████████████████▌                   | 10/20 [00:15<00:13,  1.40s/it, total=1.771, recon=0.532, kl=0.0628]
TRAIN:  55%|█████████████████████▍                 | 11/20 [00:15<00:12,  1.34s/it, total=1.771, recon=0.532, kl=0.0628]
TRAIN:  55%|█████████████████████▍                 | 11/20 [00:16<00:12,  1.34s/it, total=2.055, recon=0.572, kl=0.0623]
TRAIN:  60%|███████████████████████▍               | 12/20 [00:16<00:10,  1.30s/it, total=2.055, recon=0.572, kl=0.0623]
TRAIN:  60%|███████████████████████▍               | 12/20 [00:18<00:10,  1.30s/it, total=2.100, recon=0.538, kl=0.0603]
TRAIN:  65%|█████████████████████████▎             | 13/20 [00:18<00:08,  1.28s/it, total=2.100, recon=0.538, kl=0.0603]
TRAIN:  65%|█████████████████████████▎             | 13/20 [00:19<00:08,  1.28s/it, total=1.894, recon=0.522, kl=0.0618]
TRAIN:  70%|███████████████████████████▎           | 14/20 [00:19<00:07,  1.31s/it, total=1.894, recon=0.522, kl=0.0618]
TRAIN:  70%|███████████████████████████▎           | 14/20 [00:20<00:07,  1.31s/it, total=1.998, recon=0.570, kl=0.0599]
TRAIN:  75%|█████████████████████████████▎         | 15/20 [00:20<00:06,  1.35s/it, total=1.998, recon=0.570, kl=0.0599]
TRAIN:  75%|█████████████████████████████▎         | 15/20 [00:22<00:06,  1.35s/it, total=2.082, recon=0.654, kl=0.0625]
TRAIN:  80%|███████████████████████████████▏       | 16/20 [00:22<00:05,  1.30s/it, total=2.082, recon=0.654, kl=0.0625]
TRAIN:  80%|███████████████████████████████▏       | 16/20 [00:23<00:05,  1.30s/it, total=1.966, recon=0.555, kl=0.0621]
TRAIN:  85%|█████████████████████████████████▏     | 17/20 [00:23<00:03,  1.32s/it, total=1.966, recon=0.555, kl=0.0621]
TRAIN:  85%|█████████████████████████████████▏     | 17/20 [00:24<00:03,  1.32s/it, total=1.954, recon=0.593, kl=0.0603]
TRAIN:  90%|███████████████████████████████████    | 18/20 [00:24<00:02,  1.30s/it, total=1.954, recon=0.593, kl=0.0603]
TRAIN:  90%|███████████████████████████████████    | 18/20 [00:26<00:02,  1.30s/it, total=2.335, recon=0.676, kl=0.0610]
TRAIN:  95%|█████████████████████████████████████  | 19/20 [00:26<00:01,  1.34s/it, total=2.335, recon=0.676, kl=0.0610]
TRAIN:  95%|█████████████████████████████████████  | 19/20 [00:26<00:01,  1.34s/it, total=2.075, recon=0.703, kl=0.0616]
TRAIN: 100%|███████████████████████████████████████| 20/20 [00:26<00:00,  1.20s/it, total=2.075, recon=0.703, kl=0.0616]
                                                                                                                        

VAL  :   0%|                                                                                      | 0/6 [00:00<?, ?it/s]
VAL  :   0%|                                                 | 0/6 [00:00<?, ?it/s, total=4.706, recon=2.104, kl=0.0611]
VAL  :  17%|██████▊                                  | 1/6 [00:00<00:01,  2.74it/s, total=4.706, recon=2.104, kl=0.0611]
VAL  :  17%|██████▊                                  | 1/6 [00:00<00:01,  2.74it/s, total=4.061, recon=1.842, kl=0.0548]
VAL  :  33%|█████████████▋                           | 2/6 [00:00<00:01,  2.81it/s, total=4.061, recon=1.842, kl=0.0548]
VAL  :  33%|█████████████▋                           | 2/6 [00:00<00:01,  2.81it/s, total=4.063, recon=1.911, kl=0.0574]
VAL  :  50%|████████████████████▌                    | 3/6 [00:00<00:01,  2.98it/s, total=4.063, recon=1.911, kl=0.0574]
VAL  :  50%|████████████████████▌                    | 3/6 [00:01<00:01,  2.98it/s, total=4.199, recon=1.824, kl=0.0551]
VAL  :  67%|███████████████████████████▎             | 4/6 [00:01<00:00,  3.00it/s, total=4.199, recon=1.824, kl=0.0551]
VAL  :  67%|███████████████████████████▎             | 4/6 [00:01<00:00,  3.00it/s, total=4.045, recon=1.822, kl=0.0591]
VAL  :  83%|██████████████████████████████████▏      | 5/6 [00:01<00:00,  2.67it/s, total=4.045, recon=1.822, kl=0.0591]
VAL  :  83%|██████████████████████████████████▏      | 5/6 [00:01<00:00,  2.67it/s, total=3.895, recon=1.590, kl=0.0563]
VAL  : 100%|█████████████████████████████████████████| 6/6 [00:01<00:00,  3.15it/s, total=3.895, recon=1.590, kl=0.0563]
                                                                                                                        

TRAIN:   0%|                                                                                     | 0/20 [00:00<?, ?it/s]
TRAIN:   0%|                                                | 0/20 [00:01<?, ?it/s, total=1.840, recon=0.510, kl=0.0614]
TRAIN:   5%|██                                      | 1/20 [00:01<00:31,  1.66s/it, total=1.840, recon=0.510, kl=0.0614]
TRAIN:   5%|██                                      | 1/20 [00:03<00:31,  1.66s/it, total=2.445, recon=0.739, kl=0.0633]
TRAIN:  10%|████                                    | 2/20 [00:03<00:29,  1.63s/it, total=2.445, recon=0.739, kl=0.0633]
TRAIN:  10%|████                                    | 2/20 [00:04<00:29,  1.63s/it, total=1.832, recon=0.503, kl=0.0601]
TRAIN:  15%|██████                                  | 3/20 [00:04<00:25,  1.53s/it, total=1.832, recon=0.503, kl=0.0601]
TRAIN:  15%|██████                                  | 3/20 [00:05<00:25,  1.53s/it, total=1.857, recon=0.536, kl=0.0606]
TRAIN:  20%|████████                                | 4/20 [00:05<00:23,  1.48s/it, total=1.857, recon=0.536, kl=0.0606]
TRAIN:  20%|████████                                | 4/20 [00:07<00:23,  1.48s/it, total=2.047, recon=0.664, kl=0.0606]
TRAIN:  25%|██████████                              | 5/20 [00:07<00:20,  1.40s/it, total=2.047, recon=0.664, kl=0.0606]
TRAIN:  25%|██████████                              | 5/20 [00:08<00:20,  1.40s/it, total=2.020, recon=0.591, kl=0.0630]
TRAIN:  30%|████████████                            | 6/20 [00:08<00:19,  1.37s/it, total=2.020, recon=0.591, kl=0.0630]
TRAIN:  30%|████████████                            | 6/20 [00:09<00:19,  1.37s/it, total=2.130, recon=0.640, kl=0.0605]
TRAIN:  35%|██████████████                          | 7/20 [00:09<00:17,  1.31s/it, total=2.130, recon=0.640, kl=0.0605]
TRAIN:  35%|██████████████                          | 7/20 [00:10<00:17,  1.31s/it, total=2.098, recon=0.620, kl=0.0629]
TRAIN:  40%|████████████████                        | 8/20 [00:10<00:15,  1.32s/it, total=2.098, recon=0.620, kl=0.0629]
TRAIN:  40%|████████████████                        | 8/20 [00:12<00:15,  1.32s/it, total=1.980, recon=0.590, kl=0.0622]
TRAIN:  45%|██████████████████                      | 9/20 [00:12<00:14,  1.33s/it, total=1.980, recon=0.590, kl=0.0622]
TRAIN:  45%|██████████████████                      | 9/20 [00:13<00:14,  1.33s/it, total=1.953, recon=0.573, kl=0.0586]
TRAIN:  50%|███████████████████▌                   | 10/20 [00:13<00:13,  1.40s/it, total=1.953, recon=0.573, kl=0.0586]
TRAIN:  50%|███████████████████▌                   | 10/20 [00:15<00:13,  1.40s/it, total=1.881, recon=0.561, kl=0.0601]
TRAIN:  55%|█████████████████████▍                 | 11/20 [00:15<00:12,  1.39s/it, total=1.881, recon=0.561, kl=0.0601]
TRAIN:  55%|█████████████████████▍                 | 11/20 [00:16<00:12,  1.39s/it, total=1.944, recon=0.544, kl=0.0593]
TRAIN:  60%|███████████████████████▍               | 12/20 [00:16<00:11,  1.45s/it, total=1.944, recon=0.544, kl=0.0593]
TRAIN:  60%|███████████████████████▍               | 12/20 [00:18<00:11,  1.45s/it, total=2.075, recon=0.600, kl=0.0598]
TRAIN:  65%|█████████████████████████▎             | 13/20 [00:18<00:09,  1.40s/it, total=2.075, recon=0.600, kl=0.0598]
TRAIN:  65%|█████████████████████████▎             | 13/20 [00:19<00:09,  1.40s/it, total=1.875, recon=0.535, kl=0.0553]
TRAIN:  70%|███████████████████████████▎           | 14/20 [00:19<00:08,  1.43s/it, total=1.875, recon=0.535, kl=0.0553]
TRAIN:  70%|███████████████████████████▎           | 14/20 [00:21<00:08,  1.43s/it, total=1.818, recon=0.538, kl=0.0574]
TRAIN:  75%|█████████████████████████████▎         | 15/20 [00:21<00:07,  1.47s/it, total=1.818, recon=0.538, kl=0.0574]
TRAIN:  75%|█████████████████████████████▎         | 15/20 [00:22<00:07,  1.47s/it, total=1.865, recon=0.626, kl=0.0607]
TRAIN:  80%|███████████████████████████████▏       | 16/20 [00:22<00:06,  1.53s/it, total=1.865, recon=0.626, kl=0.0607]
TRAIN:  80%|███████████████████████████████▏       | 16/20 [00:24<00:06,  1.53s/it, total=1.939, recon=0.586, kl=0.0577]
TRAIN:  85%|█████████████████████████████████▏     | 17/20 [00:24<00:04,  1.51s/it, total=1.939, recon=0.586, kl=0.0577]
TRAIN:  85%|█████████████████████████████████▏     | 17/20 [00:25<00:04,  1.51s/it, total=1.905, recon=0.567, kl=0.0596]
TRAIN:  90%|███████████████████████████████████    | 18/20 [00:25<00:03,  1.56s/it, total=1.905, recon=0.567, kl=0.0596]
TRAIN:  90%|███████████████████████████████████    | 18/20 [00:27<00:03,  1.56s/it, total=1.608, recon=0.480, kl=0.0581]
TRAIN:  95%|█████████████████████████████████████  | 19/20 [00:27<00:01,  1.51s/it, total=1.608, recon=0.480, kl=0.0581]
TRAIN:  95%|█████████████████████████████████████  | 19/20 [00:28<00:01,  1.51s/it, total=2.063, recon=0.632, kl=0.0568]
TRAIN: 100%|███████████████████████████████████████| 20/20 [00:28<00:00,  1.36s/it, total=2.063, recon=0.632, kl=0.0568]
                                                                                                                        

VAL  :   0%|                                                                                      | 0/6 [00:00<?, ?it/s]
VAL  :   0%|                                                 | 0/6 [00:00<?, ?it/s, total=4.823, recon=2.089, kl=0.0582]
VAL  :  17%|██████▊                                  | 1/6 [00:00<00:02,  1.82it/s, total=4.823, recon=2.089, kl=0.0582]
VAL  :  17%|██████▊                                  | 1/6 [00:01<00:02,  1.82it/s, total=4.138, recon=1.835, kl=0.0556]
VAL  :  33%|█████████████▋                           | 2/6 [00:01<00:02,  1.80it/s, total=4.138, recon=1.835, kl=0.0556]
VAL  :  33%|█████████████▋                           | 2/6 [00:01<00:02,  1.80it/s, total=4.180, recon=1.862, kl=0.0550]
VAL  :  50%|████████████████████▌                    | 3/6 [00:01<00:01,  1.97it/s, total=4.180, recon=1.862, kl=0.0550]
VAL  :  50%|████████████████████▌                    | 3/6 [00:01<00:01,  1.97it/s, total=4.196, recon=1.806, kl=0.0543]
VAL  :  67%|███████████████████████████▎             | 4/6 [00:01<00:00,  2.12it/s, total=4.196, recon=1.806, kl=0.0543]
VAL  :  67%|███████████████████████████▎             | 4/6 [00:02<00:00,  2.12it/s, total=4.109, recon=1.810, kl=0.0572]
VAL  :  83%|██████████████████████████████████▏      | 5/6 [00:02<00:00,  2.17it/s, total=4.109, recon=1.810, kl=0.0572]
VAL  :  83%|██████████████████████████████████▏      | 5/6 [00:02<00:00,  2.17it/s, total=3.150, recon=1.579, kl=0.0548]
VAL  : 100%|█████████████████████████████████████████| 6/6 [00:02<00:00,  2.71it/s, total=3.150, recon=1.579, kl=0.0548]
                                                                                                                        

TRAIN:   0%|                                                                                     | 0/20 [00:00<?, ?it/s]
TRAIN:   0%|                                                | 0/20 [00:01<?, ?it/s, total=1.780, recon=0.486, kl=0.0581]
TRAIN:   5%|██                                      | 1/20 [00:01<00:23,  1.25s/it, total=1.780, recon=0.486, kl=0.0581]
TRAIN:   5%|██                                      | 1/20 [00:02<00:23,  1.25s/it, total=1.816, recon=0.524, kl=0.0572]
TRAIN:  10%|████                                    | 2/20 [00:02<00:22,  1.27s/it, total=1.816, recon=0.524, kl=0.0572]
TRAIN:  10%|████                                    | 2/20 [00:04<00:22,  1.27s/it, total=2.242, recon=0.643, kl=0.0637]
TRAIN:  15%|██████                                  | 3/20 [00:04<00:22,  1.33s/it, total=2.242, recon=0.643, kl=0.0637]
TRAIN:  15%|██████                                  | 3/20 [00:05<00:22,  1.33s/it, total=1.629, recon=0.473, kl=0.0594]
TRAIN:  20%|████████                                | 4/20 [00:05<00:21,  1.34s/it, total=1.629, recon=0.473, kl=0.0594]
TRAIN:  20%|████████                                | 4/20 [00:06<00:21,  1.34s/it, total=2.017, recon=0.619, kl=0.0590]
TRAIN:  25%|██████████                              | 5/20 [00:06<00:19,  1.33s/it, total=2.017, recon=0.619, kl=0.0590]
TRAIN:  25%|██████████                              | 5/20 [00:08<00:19,  1.33s/it, total=1.781, recon=0.519, kl=0.0598]
TRAIN:  30%|████████████                            | 6/20 [00:08<00:18,  1.32s/it, total=1.781, recon=0.519, kl=0.0598]
TRAIN:  30%|████████████                            | 6/20 [00:09<00:18,  1.32s/it, total=1.593, recon=0.521, kl=0.0571]
TRAIN:  35%|██████████████                          | 7/20 [00:09<00:18,  1.39s/it, total=1.593, recon=0.521, kl=0.0571]
TRAIN:  35%|██████████████                          | 7/20 [00:11<00:18,  1.39s/it, total=1.996, recon=0.562, kl=0.0573]
TRAIN:  40%|████████████████                        | 8/20 [00:11<00:17,  1.44s/it, total=1.996, recon=0.562, kl=0.0573]
TRAIN:  40%|████████████████                        | 8/20 [00:12<00:17,  1.44s/it, total=2.030, recon=0.560, kl=0.0602]
TRAIN:  45%|██████████████████                      | 9/20 [00:12<00:15,  1.40s/it, total=2.030, recon=0.560, kl=0.0602]
TRAIN:  45%|██████████████████                      | 9/20 [00:13<00:15,  1.40s/it, total=2.070, recon=0.681, kl=0.0594]
TRAIN:  50%|███████████████████▌                   | 10/20 [00:13<00:13,  1.38s/it, total=2.070, recon=0.681, kl=0.0594]
TRAIN:  50%|███████████████████▌                   | 10/20 [00:15<00:13,  1.38s/it, total=2.160, recon=0.576, kl=0.0593]
TRAIN:  55%|█████████████████████▍                 | 11/20 [00:15<00:12,  1.34s/it, total=2.160, recon=0.576, kl=0.0593]
TRAIN:  55%|█████████████████████▍                 | 11/20 [00:16<00:12,  1.34s/it, total=2.232, recon=0.659, kl=0.0560]
TRAIN:  60%|███████████████████████▍               | 12/20 [00:16<00:10,  1.29s/it, total=2.232, recon=0.659, kl=0.0560]
TRAIN:  60%|███████████████████████▍               | 12/20 [00:17<00:10,  1.29s/it, total=1.703, recon=0.528, kl=0.0569]
TRAIN:  65%|█████████████████████████▎             | 13/20 [00:17<00:09,  1.33s/it, total=1.703, recon=0.528, kl=0.0569]
TRAIN:  65%|█████████████████████████▎             | 13/20 [00:19<00:09,  1.33s/it, total=1.764, recon=0.518, kl=0.0580]
TRAIN:  70%|███████████████████████████▎           | 14/20 [00:19<00:08,  1.43s/it, total=1.764, recon=0.518, kl=0.0580]
TRAIN:  70%|███████████████████████████▎           | 14/20 [00:20<00:08,  1.43s/it, total=2.095, recon=0.616, kl=0.0580]
TRAIN:  75%|█████████████████████████████▎         | 15/20 [00:20<00:07,  1.41s/it, total=2.095, recon=0.616, kl=0.0580]
TRAIN:  75%|█████████████████████████████▎         | 15/20 [00:21<00:07,  1.41s/it, total=2.006, recon=0.553, kl=0.0563]
TRAIN:  80%|███████████████████████████████▏       | 16/20 [00:21<00:05,  1.31s/it, total=2.006, recon=0.553, kl=0.0563]
TRAIN:  80%|███████████████████████████████▏       | 16/20 [00:22<00:05,  1.31s/it, total=1.861, recon=0.591, kl=0.0579]
TRAIN:  85%|█████████████████████████████████▏     | 17/20 [00:22<00:03,  1.25s/it, total=1.861, recon=0.591, kl=0.0579]
TRAIN:  85%|█████████████████████████████████▏     | 17/20 [00:23<00:03,  1.25s/it, total=1.837, recon=0.548, kl=0.0578]
TRAIN:  90%|███████████████████████████████████    | 18/20 [00:23<00:02,  1.21s/it, total=1.837, recon=0.548, kl=0.0578]
TRAIN:  90%|███████████████████████████████████    | 18/20 [00:25<00:02,  1.21s/it, total=1.944, recon=0.649, kl=0.0572]
TRAIN:  95%|█████████████████████████████████████  | 19/20 [00:25<00:01,  1.18s/it, total=1.944, recon=0.649, kl=0.0572]
TRAIN:  95%|█████████████████████████████████████  | 19/20 [00:25<00:01,  1.18s/it, total=1.916, recon=0.545, kl=0.0586]
TRAIN: 100%|███████████████████████████████████████| 20/20 [00:25<00:00,  1.05s/it, total=1.916, recon=0.545, kl=0.0586]
                                                                                                                        

VAL  :   0%|                                                                                      | 0/6 [00:00<?, ?it/s]
VAL  :   0%|                                                 | 0/6 [00:00<?, ?it/s, total=4.808, recon=2.111, kl=0.0582]
VAL  :  17%|██████▊                                  | 1/6 [00:00<00:02,  2.34it/s, total=4.808, recon=2.111, kl=0.0582]
VAL  :  17%|██████▊                                  | 1/6 [00:01<00:02,  2.34it/s, total=4.367, recon=1.852, kl=0.0556]
VAL  :  33%|█████████████▋                           | 2/6 [00:01<00:01,  2.11it/s, total=4.367, recon=1.852, kl=0.0556]
VAL  :  33%|█████████████▋                           | 2/6 [00:01<00:01,  2.11it/s, total=4.130, recon=1.903, kl=0.0521]
VAL  :  50%|████████████████████▌                    | 3/6 [00:01<00:01,  2.27it/s, total=4.130, recon=1.903, kl=0.0521]
VAL  :  50%|████████████████████▌                    | 3/6 [00:01<00:01,  2.27it/s, total=3.973, recon=1.818, kl=0.0515]
VAL  :  67%|███████████████████████████▎             | 4/6 [00:01<00:00,  2.35it/s, total=3.973, recon=1.818, kl=0.0515]
VAL  :  67%|███████████████████████████▎             | 4/6 [00:02<00:00,  2.35it/s, total=3.927, recon=1.823, kl=0.0538]
VAL  :  83%|██████████████████████████████████▏      | 5/6 [00:02<00:00,  2.32it/s, total=3.927, recon=1.823, kl=0.0538]
VAL  :  83%|██████████████████████████████████▏      | 5/6 [00:02<00:00,  2.32it/s, total=3.223, recon=1.580, kl=0.0529]
VAL  : 100%|█████████████████████████████████████████| 6/6 [00:02<00:00,  2.89it/s, total=3.223, recon=1.580, kl=0.0529]
                                                                                                                        

TRAIN:   0%|                                                                                     | 0/20 [00:00<?, ?it/s]
TRAIN:   0%|                                                | 0/20 [00:01<?, ?it/s, total=2.089, recon=0.657, kl=0.0552]
TRAIN:   5%|██                                      | 1/20 [00:01<00:25,  1.34s/it, total=2.089, recon=0.657, kl=0.0552]
TRAIN:   5%|██                                      | 1/20 [00:02<00:25,  1.34s/it, total=1.968, recon=0.588, kl=0.0569]
TRAIN:  10%|████                                    | 2/20 [00:02<00:23,  1.31s/it, total=1.968, recon=0.588, kl=0.0569]
TRAIN:  10%|████                                    | 2/20 [00:03<00:23,  1.31s/it, total=1.878, recon=0.521, kl=0.0572]
TRAIN:  15%|██████                                  | 3/20 [00:03<00:21,  1.25s/it, total=1.878, recon=0.521, kl=0.0572]
TRAIN:  15%|██████                                  | 3/20 [00:05<00:21,  1.25s/it, total=1.840, recon=0.547, kl=0.0579]
TRAIN:  20%|████████                                | 4/20 [00:05<00:21,  1.31s/it, total=1.840, recon=0.547, kl=0.0579]
TRAIN:  20%|████████                                | 4/20 [00:06<00:21,  1.31s/it, total=1.894, recon=0.611, kl=0.0574]
TRAIN:  25%|██████████                              | 5/20 [00:06<00:20,  1.39s/it, total=1.894, recon=0.611, kl=0.0574]
TRAIN:  25%|██████████                              | 5/20 [00:08<00:20,  1.39s/it, total=1.817, recon=0.538, kl=0.0599]
TRAIN:  30%|████████████                            | 6/20 [00:08<00:21,  1.53s/it, total=1.817, recon=0.538, kl=0.0599]
TRAIN:  30%|████████████                            | 6/20 [00:10<00:21,  1.53s/it, total=2.140, recon=0.596, kl=0.0570]
TRAIN:  35%|██████████████                          | 7/20 [00:10<00:21,  1.68s/it, total=2.140, recon=0.596, kl=0.0570]
TRAIN:  35%|██████████████                          | 7/20 [00:12<00:21,  1.68s/it, total=1.883, recon=0.574, kl=0.0568]
TRAIN:  40%|████████████████                        | 8/20 [00:12<00:19,  1.63s/it, total=1.883, recon=0.574, kl=0.0568]
TRAIN:  40%|████████████████                        | 8/20 [00:13<00:19,  1.63s/it, total=1.637, recon=0.536, kl=0.0560]
TRAIN:  45%|██████████████████                      | 9/20 [00:13<00:17,  1.58s/it, total=1.637, recon=0.536, kl=0.0560]
TRAIN:  45%|██████████████████                      | 9/20 [00:14<00:17,  1.58s/it, total=1.545, recon=0.503, kl=0.0575]
TRAIN:  50%|███████████████████▌                   | 10/20 [00:14<00:14,  1.49s/it, total=1.545, recon=0.503, kl=0.0575]
TRAIN:  50%|███████████████████▌                   | 10/20 [00:16<00:14,  1.49s/it, total=1.765, recon=0.502, kl=0.0544]
TRAIN:  55%|█████████████████████▍                 | 11/20 [00:16<00:13,  1.53s/it, total=1.765, recon=0.502, kl=0.0544]
TRAIN:  55%|█████████████████████▍                 | 11/20 [00:17<00:13,  1.53s/it, total=1.767, recon=0.490, kl=0.0538]
TRAIN:  60%|███████████████████████▍               | 12/20 [00:17<00:12,  1.52s/it, total=1.767, recon=0.490, kl=0.0538]
TRAIN:  60%|███████████████████████▍               | 12/20 [00:19<00:12,  1.52s/it, total=1.852, recon=0.553, kl=0.0546]
TRAIN:  65%|█████████████████████████▎             | 13/20 [00:19<00:11,  1.59s/it, total=1.852, recon=0.553, kl=0.0546]
TRAIN:  65%|█████████████████████████▎             | 13/20 [00:21<00:11,  1.59s/it, total=1.693, recon=0.526, kl=0.0530]
TRAIN:  70%|███████████████████████████▎           | 14/20 [00:21<00:09,  1.64s/it, total=1.693, recon=0.526, kl=0.0530]
TRAIN:  70%|███████████████████████████▎           | 14/20 [00:22<00:09,  1.64s/it, total=2.080, recon=0.547, kl=0.0574]
TRAIN:  75%|█████████████████████████████▎         | 15/20 [00:22<00:07,  1.57s/it, total=2.080, recon=0.547, kl=0.0574]
TRAIN:  75%|█████████████████████████████▎         | 15/20 [00:24<00:07,  1.57s/it, total=1.990, recon=0.552, kl=0.0563]
TRAIN:  80%|███████████████████████████████▏       | 16/20 [00:24<00:06,  1.52s/it, total=1.990, recon=0.552, kl=0.0563]
TRAIN:  80%|███████████████████████████████▏       | 16/20 [00:25<00:06,  1.52s/it, total=2.222, recon=0.617, kl=0.0563]
TRAIN:  85%|█████████████████████████████████▏     | 17/20 [00:25<00:04,  1.50s/it, total=2.222, recon=0.617, kl=0.0563]
TRAIN:  85%|█████████████████████████████████▏     | 17/20 [00:27<00:04,  1.50s/it, total=2.311, recon=0.704, kl=0.0573]
TRAIN:  90%|███████████████████████████████████    | 18/20 [00:27<00:03,  1.51s/it, total=2.311, recon=0.704, kl=0.0573]
TRAIN:  90%|███████████████████████████████████    | 18/20 [00:28<00:03,  1.51s/it, total=1.931, recon=0.593, kl=0.0542]
TRAIN:  95%|█████████████████████████████████████  | 19/20 [00:28<00:01,  1.45s/it, total=1.931, recon=0.593, kl=0.0542]
TRAIN:  95%|█████████████████████████████████████  | 19/20 [00:29<00:01,  1.45s/it, total=1.902, recon=0.509, kl=0.0547]
TRAIN: 100%|███████████████████████████████████████| 20/20 [00:29<00:00,  1.26s/it, total=1.902, recon=0.509, kl=0.0547]
                                                                                                                        

VAL  :   0%|                                                                                      | 0/6 [00:00<?, ?it/s]
VAL  :   0%|                                                 | 0/6 [00:00<?, ?it/s, total=4.740, recon=2.099, kl=0.0567]
VAL  :  17%|██████▊                                  | 1/6 [00:00<00:02,  2.50it/s, total=4.740, recon=2.099, kl=0.0567]
VAL  :  17%|██████▊                                  | 1/6 [00:00<00:02,  2.50it/s, total=4.165, recon=1.847, kl=0.0523]
VAL  :  33%|█████████████▋                           | 2/6 [00:00<00:01,  2.27it/s, total=4.165, recon=1.847, kl=0.0523]
VAL  :  33%|█████████████▋                           | 2/6 [00:01<00:01,  2.27it/s, total=4.040, recon=1.883, kl=0.0520]
VAL  :  50%|████████████████████▌                    | 3/6 [00:01<00:01,  2.20it/s, total=4.040, recon=1.883, kl=0.0520]
VAL  :  50%|████████████████████▌                    | 3/6 [00:01<00:01,  2.20it/s, total=4.146, recon=1.813, kl=0.0519]
VAL  :  67%|███████████████████████████▎             | 4/6 [00:01<00:00,  2.17it/s, total=4.146, recon=1.813, kl=0.0519]
VAL  :  67%|███████████████████████████▎             | 4/6 [00:02<00:00,  2.17it/s, total=4.016, recon=1.828, kl=0.0536]
VAL  :  83%|██████████████████████████████████▏      | 5/6 [00:02<00:00,  2.15it/s, total=4.016, recon=1.828, kl=0.0536]
VAL  :  83%|██████████████████████████████████▏      | 5/6 [00:02<00:00,  2.15it/s, total=4.157, recon=1.621, kl=0.0527]
VAL  : 100%|█████████████████████████████████████████| 6/6 [00:02<00:00,  2.66it/s, total=4.157, recon=1.621, kl=0.0527]
                                                                                                                        

TRAIN:   0%|                                                                                     | 0/20 [00:00<?, ?it/s]
TRAIN:   0%|                                                | 0/20 [00:01<?, ?it/s, total=1.881, recon=0.560, kl=0.0530]
TRAIN:   5%|██                                      | 1/20 [00:01<00:29,  1.57s/it, total=1.881, recon=0.560, kl=0.0530]
TRAIN:   5%|██                                      | 1/20 [00:02<00:29,  1.57s/it, total=1.616, recon=0.484, kl=0.0519]
TRAIN:  10%|████                                    | 2/20 [00:02<00:27,  1.52s/it, total=1.616, recon=0.484, kl=0.0519]
TRAIN:  10%|████                                    | 2/20 [00:04<00:27,  1.52s/it, total=2.172, recon=0.572, kl=0.0548]
TRAIN:  15%|██████                                  | 3/20 [00:04<00:24,  1.47s/it, total=2.172, recon=0.572, kl=0.0548]
TRAIN:  15%|██████                                  | 3/20 [00:05<00:24,  1.47s/it, total=1.682, recon=0.498, kl=0.0527]
TRAIN:  20%|████████                                | 4/20 [00:05<00:22,  1.40s/it, total=1.682, recon=0.498, kl=0.0527]
TRAIN:  20%|████████                                | 4/20 [00:07<00:22,  1.40s/it, total=1.919, recon=0.548, kl=0.0565]
TRAIN:  25%|██████████                              | 5/20 [00:07<00:22,  1.47s/it, total=1.919, recon=0.548, kl=0.0565]
TRAIN:  25%|██████████                              | 5/20 [00:08<00:22,  1.47s/it, total=1.596, recon=0.511, kl=0.0524]
TRAIN:  30%|████████████                            | 6/20 [00:08<00:19,  1.40s/it, total=1.596, recon=0.511, kl=0.0524]
TRAIN:  30%|████████████                            | 6/20 [00:09<00:19,  1.40s/it, total=1.910, recon=0.568, kl=0.0548]
TRAIN:  35%|██████████████                          | 7/20 [00:09<00:18,  1.43s/it, total=1.910, recon=0.568, kl=0.0548]
TRAIN:  35%|██████████████                          | 7/20 [00:11<00:18,  1.43s/it, total=1.939, recon=0.526, kl=0.0522]
TRAIN:  40%|████████████████                        | 8/20 [00:11<00:16,  1.38s/it, total=1.939, recon=0.526, kl=0.0522]
TRAIN:  40%|████████████████                        | 8/20 [00:12<00:16,  1.38s/it, total=1.770, recon=0.481, kl=0.0544]
TRAIN:  45%|██████████████████                      | 9/20 [00:12<00:15,  1.37s/it, total=1.770, recon=0.481, kl=0.0544]
TRAIN:  45%|██████████████████                      | 9/20 [00:13<00:15,  1.37s/it, total=1.853, recon=0.604, kl=0.0551]
TRAIN:  50%|███████████████████▌                   | 10/20 [00:13<00:13,  1.38s/it, total=1.853, recon=0.604, kl=0.0551]
TRAIN:  50%|███████████████████▌                   | 10/20 [00:15<00:13,  1.38s/it, total=1.759, recon=0.545, kl=0.0545]
TRAIN:  55%|█████████████████████▍                 | 11/20 [00:15<00:12,  1.34s/it, total=1.759, recon=0.545, kl=0.0545]
TRAIN:  55%|█████████████████████▍                 | 11/20 [00:16<00:12,  1.34s/it, total=2.053, recon=0.615, kl=0.0558]
TRAIN:  60%|███████████████████████▍               | 12/20 [00:16<00:10,  1.35s/it, total=2.053, recon=0.615, kl=0.0558]
TRAIN:  60%|███████████████████████▍               | 12/20 [00:18<00:10,  1.35s/it, total=2.005, recon=0.672, kl=0.0535]
TRAIN:  65%|█████████████████████████▎             | 13/20 [00:18<00:10,  1.44s/it, total=2.005, recon=0.672, kl=0.0535]
TRAIN:  65%|█████████████████████████▎             | 13/20 [00:19<00:10,  1.44s/it, total=1.996, recon=0.561, kl=0.0540]
TRAIN:  70%|███████████████████████████▎           | 14/20 [00:19<00:08,  1.49s/it, total=1.996, recon=0.561, kl=0.0540]
TRAIN:  70%|███████████████████████████▎           | 14/20 [00:21<00:08,  1.49s/it, total=1.776, recon=0.518, kl=0.0507]
TRAIN:  75%|█████████████████████████████▎         | 15/20 [00:21<00:07,  1.42s/it, total=1.776, recon=0.518, kl=0.0507]
TRAIN:  75%|█████████████████████████████▎         | 15/20 [00:22<00:07,  1.42s/it, total=1.814, recon=0.494, kl=0.0519]
TRAIN:  80%|███████████████████████████████▏       | 16/20 [00:22<00:05,  1.33s/it, total=1.814, recon=0.494, kl=0.0519]
TRAIN:  80%|███████████████████████████████▏       | 16/20 [00:23<00:05,  1.33s/it, total=1.815, recon=0.579, kl=0.0512]
TRAIN:  85%|█████████████████████████████████▏     | 17/20 [00:23<00:03,  1.26s/it, total=1.815, recon=0.579, kl=0.0512]
TRAIN:  85%|█████████████████████████████████▏     | 17/20 [00:24<00:03,  1.26s/it, total=1.763, recon=0.539, kl=0.0530]
TRAIN:  90%|███████████████████████████████████    | 18/20 [00:24<00:02,  1.28s/it, total=1.763, recon=0.539, kl=0.0530]
TRAIN:  90%|███████████████████████████████████    | 18/20 [00:25<00:02,  1.28s/it, total=2.011, recon=0.534, kl=0.0509]
TRAIN:  95%|█████████████████████████████████████  | 19/20 [00:25<00:01,  1.31s/it, total=2.011, recon=0.534, kl=0.0509]
TRAIN:  95%|█████████████████████████████████████  | 19/20 [00:26<00:01,  1.31s/it, total=1.896, recon=0.580, kl=0.0509]
TRAIN: 100%|███████████████████████████████████████| 20/20 [00:26<00:00,  1.21s/it, total=1.896, recon=0.580, kl=0.0509]
                                                                                                                        

VAL  :   0%|                                                                                      | 0/6 [00:00<?, ?it/s]
VAL  :   0%|                                                 | 0/6 [00:00<?, ?it/s, total=5.090, recon=2.136, kl=0.0518]
VAL  :  17%|██████▊                                  | 1/6 [00:00<00:01,  2.81it/s, total=5.090, recon=2.136, kl=0.0518]
VAL  :  17%|██████▊                                  | 1/6 [00:00<00:01,  2.81it/s, total=4.130, recon=1.865, kl=0.0491]
VAL  :  33%|█████████████▋                           | 2/6 [00:00<00:01,  2.60it/s, total=4.130, recon=1.865, kl=0.0491]
VAL  :  33%|█████████████▋                           | 2/6 [00:01<00:01,  2.60it/s, total=4.084, recon=1.921, kl=0.0494]
VAL  :  50%|████████████████████▌                    | 3/6 [00:01<00:01,  2.46it/s, total=4.084, recon=1.921, kl=0.0494]
VAL  :  50%|████████████████████▌                    | 3/6 [00:01<00:01,  2.46it/s, total=4.108, recon=1.839, kl=0.0505]
VAL  :  67%|███████████████████████████▎             | 4/6 [00:01<00:00,  2.10it/s, total=4.108, recon=1.839, kl=0.0505]
VAL  :  67%|███████████████████████████▎             | 4/6 [00:02<00:00,  2.10it/s, total=4.110, recon=1.839, kl=0.0493]
VAL  :  83%|██████████████████████████████████▏      | 5/6 [00:02<00:00,  1.92it/s, total=4.110, recon=1.839, kl=0.0493]
VAL  :  83%|██████████████████████████████████▏      | 5/6 [00:02<00:00,  1.92it/s, total=3.716, recon=1.603, kl=0.0484]
VAL  : 100%|█████████████████████████████████████████| 6/6 [00:02<00:00,  2.27it/s, total=3.716, recon=1.603, kl=0.0484]
                                                                                                                        

TRAIN:   0%|                                                                                     | 0/20 [00:00<?, ?it/s]
TRAIN:   0%|                                                | 0/20 [00:01<?, ?it/s, total=1.815, recon=0.527, kl=0.0528]
TRAIN:   5%|██                                      | 1/20 [00:01<00:27,  1.43s/it, total=1.815, recon=0.527, kl=0.0528]
TRAIN:   5%|██                                      | 1/20 [00:03<00:27,  1.43s/it, total=1.706, recon=0.520, kl=0.0509]
TRAIN:  10%|████                                    | 2/20 [00:03<00:26,  1.47s/it, total=1.706, recon=0.520, kl=0.0509]
TRAIN:  10%|████                                    | 2/20 [00:04<00:26,  1.47s/it, total=1.686, recon=0.495, kl=0.0516]
TRAIN:  15%|██████                                  | 3/20 [00:04<00:25,  1.49s/it, total=1.686, recon=0.495, kl=0.0516]
TRAIN:  15%|██████                                  | 3/20 [00:05<00:25,  1.49s/it, total=1.868, recon=0.537, kl=0.0512]
TRAIN:  20%|████████                                | 4/20 [00:05<00:23,  1.46s/it, total=1.868, recon=0.537, kl=0.0512]
TRAIN:  20%|████████                                | 4/20 [00:07<00:23,  1.46s/it, total=1.981, recon=0.644, kl=0.0549]
TRAIN:  25%|██████████                              | 5/20 [00:07<00:21,  1.44s/it, total=1.981, recon=0.644, kl=0.0549]
TRAIN:  25%|██████████                              | 5/20 [00:08<00:21,  1.44s/it, total=1.490, recon=0.497, kl=0.0502]
TRAIN:  30%|████████████                            | 6/20 [00:08<00:20,  1.47s/it, total=1.490, recon=0.497, kl=0.0502]
TRAIN:  30%|████████████                            | 6/20 [00:10<00:20,  1.47s/it, total=1.852, recon=0.582, kl=0.0506]
TRAIN:  35%|██████████████                          | 7/20 [00:10<00:19,  1.47s/it, total=1.852, recon=0.582, kl=0.0506]
TRAIN:  35%|██████████████                          | 7/20 [00:11<00:19,  1.47s/it, total=2.086, recon=0.559, kl=0.0523]
TRAIN:  40%|████████████████                        | 8/20 [00:11<00:16,  1.40s/it, total=2.086, recon=0.559, kl=0.0523]
TRAIN:  40%|████████████████                        | 8/20 [00:12<00:16,  1.40s/it, total=1.453, recon=0.507, kl=0.0512]
TRAIN:  45%|██████████████████                      | 9/20 [00:12<00:15,  1.38s/it, total=1.453, recon=0.507, kl=0.0512]
TRAIN:  45%|██████████████████                      | 9/20 [00:14<00:15,  1.38s/it, total=1.638, recon=0.468, kl=0.0521]
TRAIN:  50%|███████████████████▌                   | 10/20 [00:14<00:13,  1.33s/it, total=1.638, recon=0.468, kl=0.0521]
TRAIN:  50%|███████████████████▌                   | 10/20 [00:15<00:13,  1.33s/it, total=2.045, recon=0.648, kl=0.0534]
TRAIN:  55%|█████████████████████▍                 | 11/20 [00:15<00:12,  1.40s/it, total=2.045, recon=0.648, kl=0.0534]
TRAIN:  55%|█████████████████████▍                 | 11/20 [00:16<00:12,  1.40s/it, total=1.925, recon=0.512, kl=0.0526]
TRAIN:  60%|███████████████████████▍               | 12/20 [00:16<00:10,  1.35s/it, total=1.925, recon=0.512, kl=0.0526]
TRAIN:  60%|███████████████████████▍               | 12/20 [00:17<00:10,  1.35s/it, total=1.883, recon=0.564, kl=0.0504]
TRAIN:  65%|█████████████████████████▎             | 13/20 [00:17<00:08,  1.25s/it, total=1.883, recon=0.564, kl=0.0504]
TRAIN:  65%|█████████████████████████▎             | 13/20 [00:19<00:08,  1.25s/it, total=1.660, recon=0.526, kl=0.0534]
TRAIN:  70%|███████████████████████████▎           | 14/20 [00:19<00:07,  1.21s/it, total=1.660, recon=0.526, kl=0.0534]
TRAIN:  70%|███████████████████████████▎           | 14/20 [00:20<00:07,  1.21s/it, total=1.906, recon=0.542, kl=0.0513]
TRAIN:  75%|█████████████████████████████▎         | 15/20 [00:20<00:06,  1.25s/it, total=1.906, recon=0.542, kl=0.0513]
TRAIN:  75%|█████████████████████████████▎         | 15/20 [00:21<00:06,  1.25s/it, total=1.736, recon=0.537, kl=0.0523]
TRAIN:  80%|███████████████████████████████▏       | 16/20 [00:21<00:05,  1.31s/it, total=1.736, recon=0.537, kl=0.0523]
TRAIN:  80%|███████████████████████████████▏       | 16/20 [00:23<00:05,  1.31s/it, total=1.617, recon=0.513, kl=0.0516]
TRAIN:  85%|█████████████████████████████████▏     | 17/20 [00:23<00:04,  1.36s/it, total=1.617, recon=0.513, kl=0.0516]
TRAIN:  85%|█████████████████████████████████▏     | 17/20 [00:25<00:04,  1.36s/it, total=1.759, recon=0.572, kl=0.0542]
TRAIN:  90%|███████████████████████████████████    | 18/20 [00:25<00:02,  1.50s/it, total=1.759, recon=0.572, kl=0.0542]
TRAIN:  90%|███████████████████████████████████    | 18/20 [00:26<00:02,  1.50s/it, total=2.157, recon=0.646, kl=0.0520]
TRAIN:  95%|█████████████████████████████████████  | 19/20 [00:26<00:01,  1.51s/it, total=2.157, recon=0.646, kl=0.0520]
TRAIN:  95%|█████████████████████████████████████  | 19/20 [00:27<00:01,  1.51s/it, total=1.862, recon=0.502, kl=0.0524]
TRAIN: 100%|███████████████████████████████████████| 20/20 [00:27<00:00,  1.35s/it, total=1.862, recon=0.502, kl=0.0524]
                                                                                                                        

VAL  :   0%|                                                                                      | 0/6 [00:00<?, ?it/s]
VAL  :   0%|                                                 | 0/6 [00:00<?, ?it/s, total=4.806, recon=2.158, kl=0.0511]
VAL  :  17%|██████▊                                  | 1/6 [00:00<00:02,  1.69it/s, total=4.806, recon=2.158, kl=0.0511]
VAL  :  17%|██████▊                                  | 1/6 [00:01<00:02,  1.69it/s, total=4.215, recon=1.881, kl=0.0502]
VAL  :  33%|█████████████▋                           | 2/6 [00:01<00:02,  1.64it/s, total=4.215, recon=1.881, kl=0.0502]
VAL  :  33%|█████████████▋                           | 2/6 [00:01<00:02,  1.64it/s, total=4.094, recon=1.923, kl=0.0477]
VAL  :  50%|████████████████████▌                    | 3/6 [00:01<00:01,  1.79it/s, total=4.094, recon=1.923, kl=0.0477]
VAL  :  50%|████████████████████▌                    | 3/6 [00:02<00:01,  1.79it/s, total=4.115, recon=1.859, kl=0.0485]
VAL  :  67%|███████████████████████████▎             | 4/6 [00:02<00:01,  1.86it/s, total=4.115, recon=1.859, kl=0.0485]
VAL  :  67%|███████████████████████████▎             | 4/6 [00:02<00:01,  1.86it/s, total=4.018, recon=1.858, kl=0.0506]
VAL  :  83%|██████████████████████████████████▏      | 5/6 [00:02<00:00,  1.85it/s, total=4.018, recon=1.858, kl=0.0506]
VAL  :  83%|██████████████████████████████████▏      | 5/6 [00:02<00:00,  1.85it/s, total=3.968, recon=1.620, kl=0.0461]
VAL  : 100%|█████████████████████████████████████████| 6/6 [00:02<00:00,  2.28it/s, total=3.968, recon=1.620, kl=0.0461]
                                                                                                                        

TRAIN:   0%|                                                                                     | 0/20 [00:00<?, ?it/s]
TRAIN:   0%|                                                | 0/20 [00:01<?, ?it/s, total=1.804, recon=0.555, kl=0.0520]
TRAIN:   5%|██                                      | 1/20 [00:01<00:30,  1.60s/it, total=1.804, recon=0.555, kl=0.0520]
TRAIN:   5%|██                                      | 1/20 [00:03<00:30,  1.60s/it, total=1.761, recon=0.471, kl=0.0522]
TRAIN:  10%|████                                    | 2/20 [00:03<00:29,  1.61s/it, total=1.761, recon=0.471, kl=0.0522]
TRAIN:  10%|████                                    | 2/20 [00:04<00:29,  1.61s/it, total=1.740, recon=0.549, kl=0.0502]
TRAIN:  15%|██████                                  | 3/20 [00:04<00:27,  1.59s/it, total=1.740, recon=0.549, kl=0.0502]
TRAIN:  15%|██████                                  | 3/20 [00:06<00:27,  1.59s/it, total=1.696, recon=0.535, kl=0.0505]
TRAIN:  20%|████████                                | 4/20 [00:06<00:24,  1.55s/it, total=1.696, recon=0.535, kl=0.0505]
TRAIN:  20%|████████                                | 4/20 [00:07<00:24,  1.55s/it, total=1.739, recon=0.514, kl=0.0506]
TRAIN:  25%|██████████                              | 5/20 [00:07<00:23,  1.54s/it, total=1.739, recon=0.514, kl=0.0506]
TRAIN:  25%|██████████                              | 5/20 [00:09<00:23,  1.54s/it, total=1.644, recon=0.499, kl=0.0510]
TRAIN:  30%|████████████                            | 6/20 [00:09<00:21,  1.50s/it, total=1.644, recon=0.499, kl=0.0510]
TRAIN:  30%|████████████                            | 6/20 [00:10<00:21,  1.50s/it, total=1.955, recon=0.538, kl=0.0503]
TRAIN:  35%|██████████████                          | 7/20 [00:10<00:19,  1.48s/it, total=1.955, recon=0.538, kl=0.0503]
TRAIN:  35%|██████████████                          | 7/20 [00:12<00:19,  1.48s/it, total=1.647, recon=0.462, kl=0.0507]
TRAIN:  40%|████████████████                        | 8/20 [00:12<00:18,  1.51s/it, total=1.647, recon=0.462, kl=0.0507]
TRAIN:  40%|████████████████                        | 8/20 [00:13<00:18,  1.51s/it, total=1.799, recon=0.544, kl=0.0480]
TRAIN:  45%|██████████████████                      | 9/20 [00:13<00:16,  1.54s/it, total=1.799, recon=0.544, kl=0.0480]
TRAIN:  45%|██████████████████                      | 9/20 [00:15<00:16,  1.54s/it, total=1.638, recon=0.510, kl=0.0502]
TRAIN:  50%|███████████████████▌                   | 10/20 [00:15<00:15,  1.54s/it, total=1.638, recon=0.510, kl=0.0502]
TRAIN:  50%|███████████████████▌                   | 10/20 [00:16<00:15,  1.54s/it, total=1.883, recon=0.513, kl=0.0504]
TRAIN:  55%|█████████████████████▍                 | 11/20 [00:16<00:13,  1.50s/it, total=1.883, recon=0.513, kl=0.0504]
TRAIN:  55%|█████████████████████▍                 | 11/20 [00:18<00:13,  1.50s/it, total=1.699, recon=0.502, kl=0.0531]
TRAIN:  60%|███████████████████████▍               | 12/20 [00:18<00:11,  1.47s/it, total=1.699, recon=0.502, kl=0.0531]
TRAIN:  60%|███████████████████████▍               | 12/20 [00:19<00:11,  1.47s/it, total=1.846, recon=0.569, kl=0.0526]
TRAIN:  65%|█████████████████████████▎             | 13/20 [00:19<00:10,  1.46s/it, total=1.846, recon=0.569, kl=0.0526]
TRAIN:  65%|█████████████████████████▎             | 13/20 [00:20<00:10,  1.46s/it, total=1.865, recon=0.510, kl=0.0501]
TRAIN:  70%|███████████████████████████▎           | 14/20 [00:20<00:08,  1.43s/it, total=1.865, recon=0.510, kl=0.0501]
TRAIN:  70%|███████████████████████████▎           | 14/20 [00:22<00:08,  1.43s/it, total=1.890, recon=0.537, kl=0.0513]
TRAIN:  75%|█████████████████████████████▎         | 15/20 [00:22<00:07,  1.40s/it, total=1.890, recon=0.537, kl=0.0513]
TRAIN:  75%|█████████████████████████████▎         | 15/20 [00:23<00:07,  1.40s/it, total=1.992, recon=0.651, kl=0.0529]
TRAIN:  80%|███████████████████████████████▏       | 16/20 [00:23<00:05,  1.35s/it, total=1.992, recon=0.651, kl=0.0529]
TRAIN:  80%|███████████████████████████████▏       | 16/20 [00:24<00:05,  1.35s/it, total=1.745, recon=0.501, kl=0.0510]
TRAIN:  85%|█████████████████████████████████▏     | 17/20 [00:24<00:04,  1.36s/it, total=1.745, recon=0.501, kl=0.0510]
TRAIN:  85%|█████████████████████████████████▏     | 17/20 [00:26<00:04,  1.36s/it, total=2.200, recon=0.592, kl=0.0521]
TRAIN:  90%|███████████████████████████████████    | 18/20 [00:26<00:02,  1.35s/it, total=2.200, recon=0.592, kl=0.0521]
TRAIN:  90%|███████████████████████████████████    | 18/20 [00:27<00:02,  1.35s/it, total=1.850, recon=0.592, kl=0.0527]
TRAIN:  95%|█████████████████████████████████████  | 19/20 [00:27<00:01,  1.32s/it, total=1.850, recon=0.592, kl=0.0527]
TRAIN:  95%|█████████████████████████████████████  | 19/20 [00:28<00:01,  1.32s/it, total=1.605, recon=0.425, kl=0.0528]
TRAIN: 100%|███████████████████████████████████████| 20/20 [00:28<00:00,  1.22s/it, total=1.605, recon=0.425, kl=0.0528]
                                                                                                                        

VAL  :   0%|                                                                                      | 0/6 [00:00<?, ?it/s]
VAL  :   0%|                                                 | 0/6 [00:00<?, ?it/s, total=4.783, recon=2.144, kl=0.0522]
VAL  :  17%|██████▊                                  | 1/6 [00:00<00:02,  1.92it/s, total=4.783, recon=2.144, kl=0.0522]
VAL  :  17%|██████▊                                  | 1/6 [00:00<00:02,  1.92it/s, total=4.063, recon=1.890, kl=0.0485]
VAL  :  33%|█████████████▋                           | 2/6 [00:00<00:02,  2.00it/s, total=4.063, recon=1.890, kl=0.0485]
VAL  :  33%|█████████████▋                           | 2/6 [00:01<00:02,  2.00it/s, total=3.930, recon=1.909, kl=0.0451]
VAL  :  50%|████████████████████▌                    | 3/6 [00:01<00:01,  2.06it/s, total=3.930, recon=1.909, kl=0.0451]
VAL  :  50%|████████████████████▌                    | 3/6 [00:01<00:01,  2.06it/s, total=3.969, recon=1.854, kl=0.0471]
VAL  :  67%|███████████████████████████▎             | 4/6 [00:01<00:00,  2.08it/s, total=3.969, recon=1.854, kl=0.0471]
VAL  :  67%|███████████████████████████▎             | 4/6 [00:02<00:00,  2.08it/s, total=3.847, recon=1.843, kl=0.0488]
VAL  :  83%|██████████████████████████████████▏      | 5/6 [00:02<00:00,  2.19it/s, total=3.847, recon=1.843, kl=0.0488]
VAL  :  83%|██████████████████████████████████▏      | 5/6 [00:02<00:00,  2.19it/s, total=3.677, recon=1.579, kl=0.0478]
VAL  : 100%|█████████████████████████████████████████| 6/6 [00:02<00:00,  2.74it/s, total=3.677, recon=1.579, kl=0.0478]
                                                                                                                        

TRAIN:   0%|                                                                                     | 0/20 [00:00<?, ?it/s]
TRAIN:   0%|                                                | 0/20 [00:01<?, ?it/s, total=1.556, recon=0.464, kl=0.0505]
TRAIN:   5%|██                                      | 1/20 [00:01<00:36,  1.92s/it, total=1.556, recon=0.464, kl=0.0505]
TRAIN:   5%|██                                      | 1/20 [00:03<00:36,  1.92s/it, total=1.891, recon=0.503, kl=0.0521]
TRAIN:  10%|████                                    | 2/20 [00:03<00:31,  1.76s/it, total=1.891, recon=0.503, kl=0.0521]
TRAIN:  10%|████                                    | 2/20 [00:04<00:31,  1.76s/it, total=1.649, recon=0.489, kl=0.0484]
TRAIN:  15%|██████                                  | 3/20 [00:04<00:27,  1.64s/it, total=1.649, recon=0.489, kl=0.0484]
TRAIN:  15%|██████                                  | 3/20 [00:06<00:27,  1.64s/it, total=2.142, recon=0.601, kl=0.0500]
TRAIN:  20%|████████                                | 4/20 [00:06<00:25,  1.60s/it, total=2.142, recon=0.601, kl=0.0500]
TRAIN:  20%|████████                                | 4/20 [00:07<00:25,  1.60s/it, total=1.664, recon=0.502, kl=0.0500]
TRAIN:  25%|██████████                              | 5/20 [00:07<00:22,  1.52s/it, total=1.664, recon=0.502, kl=0.0500]
TRAIN:  25%|██████████                              | 5/20 [00:08<00:22,  1.52s/it, total=1.690, recon=0.538, kl=0.0514]
TRAIN:  30%|████████████                            | 6/20 [00:08<00:20,  1.47s/it, total=1.690, recon=0.538, kl=0.0514]
TRAIN:  30%|████████████                            | 6/20 [00:10<00:20,  1.47s/it, total=1.881, recon=0.534, kl=0.0528]
TRAIN:  35%|██████████████                          | 7/20 [00:10<00:18,  1.42s/it, total=1.881, recon=0.534, kl=0.0528]
TRAIN:  35%|██████████████                          | 7/20 [00:11<00:18,  1.42s/it, total=1.519, recon=0.481, kl=0.0477]
TRAIN:  40%|████████████████                        | 8/20 [00:11<00:16,  1.39s/it, total=1.519, recon=0.481, kl=0.0477]
TRAIN:  40%|████████████████                        | 8/20 [00:12<00:16,  1.39s/it, total=1.703, recon=0.546, kl=0.0485]
TRAIN:  45%|██████████████████                      | 9/20 [00:12<00:15,  1.36s/it, total=1.703, recon=0.546, kl=0.0485]
TRAIN:  45%|██████████████████                      | 9/20 [00:13<00:15,  1.36s/it, total=1.680, recon=0.475, kl=0.0501]
TRAIN:  50%|███████████████████▌                   | 10/20 [00:13<00:13,  1.31s/it, total=1.680, recon=0.475, kl=0.0501]
TRAIN:  50%|███████████████████▌                   | 10/20 [00:15<00:13,  1.31s/it, total=1.959, recon=0.576, kl=0.0512]
TRAIN:  55%|█████████████████████▍                 | 11/20 [00:15<00:11,  1.32s/it, total=1.959, recon=0.576, kl=0.0512]
TRAIN:  55%|█████████████████████▍                 | 11/20 [00:16<00:11,  1.32s/it, total=1.848, recon=0.539, kl=0.0479]
TRAIN:  60%|███████████████████████▍               | 12/20 [00:16<00:10,  1.28s/it, total=1.848, recon=0.539, kl=0.0479]
TRAIN:  60%|███████████████████████▍               | 12/20 [00:17<00:10,  1.28s/it, total=1.675, recon=0.494, kl=0.0500]
TRAIN:  65%|█████████████████████████▎             | 13/20 [00:17<00:09,  1.31s/it, total=1.675, recon=0.494, kl=0.0500]
TRAIN:  65%|█████████████████████████▎             | 13/20 [00:19<00:09,  1.31s/it, total=1.877, recon=0.528, kl=0.0478]
TRAIN:  70%|███████████████████████████▎           | 14/20 [00:19<00:08,  1.36s/it, total=1.877, recon=0.528, kl=0.0478]
TRAIN:  70%|███████████████████████████▎           | 14/20 [00:20<00:08,  1.36s/it, total=1.595, recon=0.489, kl=0.0478]
TRAIN:  75%|█████████████████████████████▎         | 15/20 [00:20<00:06,  1.33s/it, total=1.595, recon=0.489, kl=0.0478]
TRAIN:  75%|█████████████████████████████▎         | 15/20 [00:21<00:06,  1.33s/it, total=1.542, recon=0.536, kl=0.0508]
TRAIN:  80%|███████████████████████████████▏       | 16/20 [00:21<00:05,  1.34s/it, total=1.542, recon=0.536, kl=0.0508]
TRAIN:  80%|███████████████████████████████▏       | 16/20 [00:23<00:05,  1.34s/it, total=1.978, recon=0.534, kl=0.0495]
TRAIN:  85%|█████████████████████████████████▏     | 17/20 [00:23<00:04,  1.34s/it, total=1.978, recon=0.534, kl=0.0495]
TRAIN:  85%|█████████████████████████████████▏     | 17/20 [00:24<00:04,  1.34s/it, total=1.899, recon=0.501, kl=0.0488]
TRAIN:  90%|███████████████████████████████████    | 18/20 [00:24<00:02,  1.39s/it, total=1.899, recon=0.501, kl=0.0488]
TRAIN:  90%|███████████████████████████████████    | 18/20 [00:26<00:02,  1.39s/it, total=1.637, recon=0.526, kl=0.0486]
TRAIN:  95%|█████████████████████████████████████  | 19/20 [00:26<00:01,  1.37s/it, total=1.637, recon=0.526, kl=0.0486]
TRAIN:  95%|█████████████████████████████████████  | 19/20 [00:26<00:01,  1.37s/it, total=1.246, recon=0.471, kl=0.0447]
TRAIN: 100%|███████████████████████████████████████| 20/20 [00:26<00:00,  1.20s/it, total=1.246, recon=0.471, kl=0.0447]
                                                                                                                        

VAL  :   0%|                                                                                      | 0/6 [00:00<?, ?it/s]
VAL  :   0%|                                                 | 0/6 [00:00<?, ?it/s, total=4.767, recon=2.160, kl=0.0478]
VAL  :  17%|██████▊                                  | 1/6 [00:00<00:01,  3.04it/s, total=4.767, recon=2.160, kl=0.0478]
VAL  :  17%|██████▊                                  | 1/6 [00:00<00:01,  3.04it/s, total=4.268, recon=1.890, kl=0.0453]
VAL  :  33%|█████████████▋                           | 2/6 [00:00<00:01,  2.94it/s, total=4.268, recon=1.890, kl=0.0453]
VAL  :  33%|█████████████▋                           | 2/6 [00:01<00:01,  2.94it/s, total=4.244, recon=1.953, kl=0.0445]
VAL  :  50%|████████████████████▌                    | 3/6 [00:01<00:01,  2.94it/s, total=4.244, recon=1.953, kl=0.0445]
VAL  :  50%|████████████████████▌                    | 3/6 [00:01<00:01,  2.94it/s, total=4.166, recon=1.858, kl=0.0452]
VAL  :  67%|███████████████████████████▎             | 4/6 [00:01<00:00,  2.82it/s, total=4.166, recon=1.858, kl=0.0452]
VAL  :  67%|███████████████████████████▎             | 4/6 [00:01<00:00,  2.82it/s, total=3.975, recon=1.868, kl=0.0461]
VAL  :  83%|██████████████████████████████████▏      | 5/6 [00:01<00:00,  2.83it/s, total=3.975, recon=1.868, kl=0.0461]
VAL  :  83%|██████████████████████████████████▏      | 5/6 [00:01<00:00,  2.83it/s, total=3.806, recon=1.602, kl=0.0438]
VAL  : 100%|█████████████████████████████████████████| 6/6 [00:01<00:00,  3.51it/s, total=3.806, recon=1.602, kl=0.0438]
                                                                                                                        

TRAIN:   0%|                                                                                     | 0/20 [00:00<?, ?it/s]
TRAIN:   0%|                                                | 0/20 [00:01<?, ?it/s, total=2.039, recon=0.549, kl=0.0483]
TRAIN:   5%|██                                      | 1/20 [00:01<00:21,  1.15s/it, total=2.039, recon=0.549, kl=0.0483]
TRAIN:   5%|██                                      | 1/20 [00:02<00:21,  1.15s/it, total=1.765, recon=0.537, kl=0.0471]
TRAIN:  10%|████                                    | 2/20 [00:02<00:20,  1.13s/it, total=1.765, recon=0.537, kl=0.0471]
TRAIN:  10%|████                                    | 2/20 [00:03<00:20,  1.13s/it, total=1.806, recon=0.567, kl=0.0491]
TRAIN:  15%|██████                                  | 3/20 [00:03<00:19,  1.13s/it, total=1.806, recon=0.567, kl=0.0491]
TRAIN:  15%|██████                                  | 3/20 [00:05<00:19,  1.13s/it, total=1.760, recon=0.539, kl=0.0478]
TRAIN:  20%|████████                                | 4/20 [00:05<00:21,  1.37s/it, total=1.760, recon=0.539, kl=0.0478]
TRAIN:  20%|████████                                | 4/20 [00:06<00:21,  1.37s/it, total=1.929, recon=0.550, kl=0.0479]
TRAIN:  25%|██████████                              | 5/20 [00:06<00:20,  1.36s/it, total=1.929, recon=0.550, kl=0.0479]
TRAIN:  25%|██████████                              | 5/20 [00:07<00:20,  1.36s/it, total=1.846, recon=0.526, kl=0.0467]
TRAIN:  30%|████████████                            | 6/20 [00:07<00:18,  1.35s/it, total=1.846, recon=0.526, kl=0.0467]
TRAIN:  30%|████████████                            | 6/20 [00:09<00:18,  1.35s/it, total=2.093, recon=0.514, kl=0.0461]
TRAIN:  35%|██████████████                          | 7/20 [00:09<00:19,  1.52s/it, total=2.093, recon=0.514, kl=0.0461]
TRAIN:  35%|██████████████                          | 7/20 [00:11<00:19,  1.52s/it, total=1.605, recon=0.472, kl=0.0464]
TRAIN:  40%|████████████████                        | 8/20 [00:11<00:17,  1.45s/it, total=1.605, recon=0.472, kl=0.0464]
TRAIN:  40%|████████████████                        | 8/20 [00:12<00:17,  1.45s/it, total=1.863, recon=0.519, kl=0.0479]
TRAIN:  45%|██████████████████                      | 9/20 [00:12<00:15,  1.41s/it, total=1.863, recon=0.519, kl=0.0479]
TRAIN:  45%|██████████████████                      | 9/20 [00:13<00:15,  1.41s/it, total=1.753, recon=0.462, kl=0.0479]
TRAIN:  50%|███████████████████▌                   | 10/20 [00:13<00:13,  1.36s/it, total=1.753, recon=0.462, kl=0.0479]
TRAIN:  50%|███████████████████▌                   | 10/20 [00:15<00:13,  1.36s/it, total=1.550, recon=0.535, kl=0.0488]
TRAIN:  55%|█████████████████████▍                 | 11/20 [00:15<00:13,  1.46s/it, total=1.550, recon=0.535, kl=0.0488]
TRAIN:  55%|█████████████████████▍                 | 11/20 [00:17<00:13,  1.46s/it, total=1.714, recon=0.486, kl=0.0494]
TRAIN:  60%|███████████████████████▍               | 12/20 [00:17<00:12,  1.60s/it, total=1.714, recon=0.486, kl=0.0494]
TRAIN:  60%|███████████████████████▍               | 12/20 [00:18<00:12,  1.60s/it, total=1.625, recon=0.533, kl=0.0481]
TRAIN:  65%|█████████████████████████▎             | 13/20 [00:18<00:11,  1.58s/it, total=1.625, recon=0.533, kl=0.0481]
TRAIN:  65%|█████████████████████████▎             | 13/20 [00:20<00:11,  1.58s/it, total=1.826, recon=0.523, kl=0.0509]
TRAIN:  70%|███████████████████████████▎           | 14/20 [00:20<00:09,  1.56s/it, total=1.826, recon=0.523, kl=0.0509]
TRAIN:  70%|███████████████████████████▎           | 14/20 [00:21<00:09,  1.56s/it, total=1.838, recon=0.549, kl=0.0480]
TRAIN:  75%|█████████████████████████████▎         | 15/20 [00:21<00:07,  1.49s/it, total=1.838, recon=0.549, kl=0.0480]
TRAIN:  75%|█████████████████████████████▎         | 15/20 [00:23<00:07,  1.49s/it, total=1.506, recon=0.459, kl=0.0488]
TRAIN:  80%|███████████████████████████████▏       | 16/20 [00:23<00:05,  1.45s/it, total=1.506, recon=0.459, kl=0.0488]
TRAIN:  80%|███████████████████████████████▏       | 16/20 [00:24<00:05,  1.45s/it, total=1.711, recon=0.508, kl=0.0490]
TRAIN:  85%|█████████████████████████████████▏     | 17/20 [00:24<00:04,  1.45s/it, total=1.711, recon=0.508, kl=0.0490]
TRAIN:  85%|█████████████████████████████████▏     | 17/20 [00:25<00:04,  1.45s/it, total=1.900, recon=0.521, kl=0.0461]
TRAIN:  90%|███████████████████████████████████    | 18/20 [00:25<00:02,  1.41s/it, total=1.900, recon=0.521, kl=0.0461]
TRAIN:  90%|███████████████████████████████████    | 18/20 [00:27<00:02,  1.41s/it, total=1.599, recon=0.514, kl=0.0481]
TRAIN:  95%|█████████████████████████████████████  | 19/20 [00:27<00:01,  1.42s/it, total=1.599, recon=0.514, kl=0.0481]
TRAIN:  95%|█████████████████████████████████████  | 19/20 [00:28<00:01,  1.42s/it, total=1.889, recon=0.461, kl=0.0467]
TRAIN: 100%|███████████████████████████████████████| 20/20 [00:28<00:00,  1.27s/it, total=1.889, recon=0.461, kl=0.0467]
                                                                                                                        

VAL  :   0%|                                                                                      | 0/6 [00:00<?, ?it/s]
VAL  :   0%|                                                 | 0/6 [00:00<?, ?it/s, total=4.711, recon=2.145, kl=0.0487]
VAL  :  17%|██████▊                                  | 1/6 [00:00<00:02,  2.00it/s, total=4.711, recon=2.145, kl=0.0487]
VAL  :  17%|██████▊                                  | 1/6 [00:01<00:02,  2.00it/s, total=3.979, recon=1.893, kl=0.0443]
VAL  :  33%|█████████████▋                           | 2/6 [00:01<00:02,  1.91it/s, total=3.979, recon=1.893, kl=0.0443]
VAL  :  33%|█████████████▋                           | 2/6 [00:01<00:02,  1.91it/s, total=4.300, recon=1.949, kl=0.0424]
VAL  :  50%|████████████████████▌                    | 3/6 [00:01<00:01,  1.98it/s, total=4.300, recon=1.949, kl=0.0424]
VAL  :  50%|████████████████████▌                    | 3/6 [00:02<00:01,  1.98it/s, total=4.177, recon=1.859, kl=0.0431]
VAL  :  67%|███████████████████████████▎             | 4/6 [00:02<00:01,  1.94it/s, total=4.177, recon=1.859, kl=0.0431]
VAL  :  67%|███████████████████████████▎             | 4/6 [00:02<00:01,  1.94it/s, total=4.178, recon=1.874, kl=0.0440]
VAL  :  83%|██████████████████████████████████▏      | 5/6 [00:02<00:00,  2.10it/s, total=4.178, recon=1.874, kl=0.0440]
VAL  :  83%|██████████████████████████████████▏      | 5/6 [00:02<00:00,  2.10it/s, total=3.624, recon=1.649, kl=0.0452]
VAL  : 100%|█████████████████████████████████████████| 6/6 [00:02<00:00,  2.60it/s, total=3.624, recon=1.649, kl=0.0452]
                                                                                                                        

TRAIN:   0%|                                                                                     | 0/20 [00:00<?, ?it/s]
TRAIN:   0%|                                                | 0/20 [00:01<?, ?it/s, total=1.564, recon=0.473, kl=0.0482]
TRAIN:   5%|██                                      | 1/20 [00:01<00:24,  1.28s/it, total=1.564, recon=0.473, kl=0.0482]
TRAIN:   5%|██                                      | 1/20 [00:02<00:24,  1.28s/it, total=1.593, recon=0.494, kl=0.0475]
TRAIN:  10%|████                                    | 2/20 [00:02<00:23,  1.32s/it, total=1.593, recon=0.494, kl=0.0475]
TRAIN:  10%|████                                    | 2/20 [00:04<00:23,  1.32s/it, total=1.556, recon=0.510, kl=0.0481]
TRAIN:  15%|██████                                  | 3/20 [00:04<00:22,  1.34s/it, total=1.556, recon=0.510, kl=0.0481]
TRAIN:  15%|██████                                  | 3/20 [00:05<00:22,  1.34s/it, total=1.959, recon=0.508, kl=0.0484]
TRAIN:  20%|████████                                | 4/20 [00:05<00:22,  1.39s/it, total=1.959, recon=0.508, kl=0.0484]
TRAIN:  20%|████████                                | 4/20 [00:06<00:22,  1.39s/it, total=1.518, recon=0.477, kl=0.0485]
TRAIN:  25%|██████████                              | 5/20 [00:06<00:20,  1.36s/it, total=1.518, recon=0.477, kl=0.0485]
TRAIN:  25%|██████████                              | 5/20 [00:08<00:20,  1.36s/it, total=1.699, recon=0.485, kl=0.0479]
TRAIN:  30%|████████████                            | 6/20 [00:08<00:21,  1.55s/it, total=1.699, recon=0.485, kl=0.0479]
TRAIN:  30%|████████████                            | 6/20 [00:10<00:21,  1.55s/it, total=1.729, recon=0.522, kl=0.0483]
TRAIN:  35%|██████████████                          | 7/20 [00:10<00:19,  1.53s/it, total=1.729, recon=0.522, kl=0.0483]
TRAIN:  35%|██████████████                          | 7/20 [00:11<00:19,  1.53s/it, total=1.892, recon=0.511, kl=0.0475]
TRAIN:  40%|████████████████                        | 8/20 [00:11<00:17,  1.48s/it, total=1.892, recon=0.511, kl=0.0475]
TRAIN:  40%|████████████████                        | 8/20 [00:12<00:17,  1.48s/it, total=2.001, recon=0.517, kl=0.0444]
TRAIN:  45%|██████████████████                      | 9/20 [00:12<00:15,  1.41s/it, total=2.001, recon=0.517, kl=0.0444]
TRAIN:  45%|██████████████████                      | 9/20 [00:14<00:15,  1.41s/it, total=1.750, recon=0.498, kl=0.0474]
TRAIN:  50%|███████████████████▌                   | 10/20 [00:14<00:14,  1.45s/it, total=1.750, recon=0.498, kl=0.0474]
TRAIN:  50%|███████████████████▌                   | 10/20 [00:16<00:14,  1.45s/it, total=1.682, recon=0.534, kl=0.0448]
TRAIN:  55%|█████████████████████▍                 | 11/20 [00:16<00:14,  1.63s/it, total=1.682, recon=0.534, kl=0.0448]
TRAIN:  55%|█████████████████████▍                 | 11/20 [00:18<00:14,  1.63s/it, total=1.730, recon=0.520, kl=0.0455]
TRAIN:  60%|███████████████████████▍               | 12/20 [00:18<00:12,  1.62s/it, total=1.730, recon=0.520, kl=0.0455]
TRAIN:  60%|███████████████████████▍               | 12/20 [00:19<00:12,  1.62s/it, total=1.883, recon=0.589, kl=0.0473]
TRAIN:  65%|█████████████████████████▎             | 13/20 [00:19<00:10,  1.57s/it, total=1.883, recon=0.589, kl=0.0473]
TRAIN:  65%|█████████████████████████▎             | 13/20 [00:21<00:10,  1.57s/it, total=1.755, recon=0.503, kl=0.0476]
TRAIN:  70%|███████████████████████████▎           | 14/20 [00:21<00:09,  1.63s/it, total=1.755, recon=0.503, kl=0.0476]
TRAIN:  70%|███████████████████████████▎           | 14/20 [00:22<00:09,  1.63s/it, total=1.755, recon=0.449, kl=0.0462]
TRAIN:  75%|█████████████████████████████▎         | 15/20 [00:22<00:07,  1.53s/it, total=1.755, recon=0.449, kl=0.0462]
TRAIN:  75%|█████████████████████████████▎         | 15/20 [00:24<00:07,  1.53s/it, total=1.745, recon=0.500, kl=0.0477]
TRAIN:  80%|███████████████████████████████▏       | 16/20 [00:24<00:06,  1.58s/it, total=1.745, recon=0.500, kl=0.0477]
TRAIN:  80%|███████████████████████████████▏       | 16/20 [00:25<00:06,  1.58s/it, total=1.928, recon=0.570, kl=0.0474]
TRAIN:  85%|█████████████████████████████████▏     | 17/20 [00:25<00:04,  1.52s/it, total=1.928, recon=0.570, kl=0.0474]
TRAIN:  85%|█████████████████████████████████▏     | 17/20 [00:27<00:04,  1.52s/it, total=1.999, recon=0.550, kl=0.0448]
TRAIN:  90%|███████████████████████████████████    | 18/20 [00:27<00:03,  1.51s/it, total=1.999, recon=0.550, kl=0.0448]
TRAIN:  90%|███████████████████████████████████    | 18/20 [00:28<00:03,  1.51s/it, total=1.617, recon=0.473, kl=0.0460]
TRAIN:  95%|█████████████████████████████████████  | 19/20 [00:28<00:01,  1.50s/it, total=1.617, recon=0.473, kl=0.0460]
TRAIN:  95%|█████████████████████████████████████  | 19/20 [00:29<00:01,  1.50s/it, total=1.783, recon=0.519, kl=0.0463]
TRAIN: 100%|███████████████████████████████████████| 20/20 [00:29<00:00,  1.35s/it, total=1.783, recon=0.519, kl=0.0463]
                                                                                                                        

VAL  :   0%|                                                                                      | 0/6 [00:00<?, ?it/s]
VAL  :   0%|                                                 | 0/6 [00:00<?, ?it/s, total=4.801, recon=2.151, kl=0.0479]
VAL  :  17%|██████▊                                  | 1/6 [00:00<00:02,  1.75it/s, total=4.801, recon=2.151, kl=0.0479]
VAL  :  17%|██████▊                                  | 1/6 [00:01<00:02,  1.75it/s, total=4.164, recon=1.895, kl=0.0443]
VAL  :  33%|█████████████▋                           | 2/6 [00:01<00:02,  1.78it/s, total=4.164, recon=1.895, kl=0.0443]
VAL  :  33%|█████████████▋                           | 2/6 [00:01<00:02,  1.78it/s, total=4.237, recon=1.942, kl=0.0440]
VAL  :  50%|████████████████████▌                    | 3/6 [00:01<00:01,  1.88it/s, total=4.237, recon=1.942, kl=0.0440]
VAL  :  50%|████████████████████▌                    | 3/6 [00:01<00:01,  1.88it/s, total=4.074, recon=1.855, kl=0.0443]
VAL  :  67%|███████████████████████████▎             | 4/6 [00:01<00:00,  2.01it/s, total=4.074, recon=1.855, kl=0.0443]
VAL  :  67%|███████████████████████████▎             | 4/6 [00:02<00:00,  2.01it/s, total=4.138, recon=1.869, kl=0.0454]
VAL  :  83%|██████████████████████████████████▏      | 5/6 [00:02<00:00,  2.11it/s, total=4.138, recon=1.869, kl=0.0454]
VAL  :  83%|██████████████████████████████████▏      | 5/6 [00:02<00:00,  2.11it/s, total=3.007, recon=1.627, kl=0.0412]
VAL  : 100%|█████████████████████████████████████████| 6/6 [00:02<00:00,  2.49it/s, total=3.007, recon=1.627, kl=0.0412]
                                                                                                                        

TRAIN:   0%|                                                                                     | 0/20 [00:00<?, ?it/s]
TRAIN:   0%|                                                | 0/20 [00:01<?, ?it/s, total=1.851, recon=0.559, kl=0.0481]
TRAIN:   5%|██                                      | 1/20 [00:01<00:27,  1.45s/it, total=1.851, recon=0.559, kl=0.0481]
TRAIN:   5%|██                                      | 1/20 [00:02<00:27,  1.45s/it, total=1.673, recon=0.498, kl=0.0450]
TRAIN:  10%|████                                    | 2/20 [00:02<00:25,  1.40s/it, total=1.673, recon=0.498, kl=0.0450]
TRAIN:  10%|████                                    | 2/20 [00:04<00:25,  1.40s/it, total=1.890, recon=0.517, kl=0.0459]
TRAIN:  15%|██████                                  | 3/20 [00:04<00:24,  1.42s/it, total=1.890, recon=0.517, kl=0.0459]
TRAIN:  15%|██████                                  | 3/20 [00:05<00:24,  1.42s/it, total=1.877, recon=0.518, kl=0.0456]
TRAIN:  20%|████████                                | 4/20 [00:05<00:24,  1.52s/it, total=1.877, recon=0.518, kl=0.0456]
TRAIN:  20%|████████                                | 4/20 [00:07<00:24,  1.52s/it, total=1.493, recon=0.461, kl=0.0478]
TRAIN:  25%|██████████                              | 5/20 [00:07<00:22,  1.51s/it, total=1.493, recon=0.461, kl=0.0478]
TRAIN:  25%|██████████                              | 5/20 [00:09<00:22,  1.51s/it, total=1.729, recon=0.462, kl=0.0478]
TRAIN:  30%|████████████                            | 6/20 [00:09<00:21,  1.54s/it, total=1.729, recon=0.462, kl=0.0478]
TRAIN:  30%|████████████                            | 6/20 [00:10<00:21,  1.54s/it, total=1.639, recon=0.445, kl=0.0446]
TRAIN:  35%|██████████████                          | 7/20 [00:10<00:19,  1.51s/it, total=1.639, recon=0.445, kl=0.0446]
TRAIN:  35%|██████████████                          | 7/20 [00:11<00:19,  1.51s/it, total=1.763, recon=0.509, kl=0.0454]
TRAIN:  40%|████████████████                        | 8/20 [00:11<00:17,  1.44s/it, total=1.763, recon=0.509, kl=0.0454]
TRAIN:  40%|████████████████                        | 8/20 [00:13<00:17,  1.44s/it, total=1.661, recon=0.562, kl=0.0452]
TRAIN:  45%|██████████████████                      | 9/20 [00:13<00:15,  1.44s/it, total=1.661, recon=0.562, kl=0.0452]
TRAIN:  45%|██████████████████                      | 9/20 [00:15<00:15,  1.44s/it, total=1.989, recon=0.597, kl=0.0476]
TRAIN:  50%|███████████████████▌                   | 10/20 [00:15<00:15,  1.55s/it, total=1.989, recon=0.597, kl=0.0476]
TRAIN:  50%|███████████████████▌                   | 10/20 [00:16<00:15,  1.55s/it, total=1.987, recon=0.539, kl=0.0476]
TRAIN:  55%|█████████████████████▍                 | 11/20 [00:16<00:14,  1.57s/it, total=1.987, recon=0.539, kl=0.0476]
TRAIN:  55%|█████████████████████▍                 | 11/20 [00:17<00:14,  1.57s/it, total=1.743, recon=0.461, kl=0.0450]
TRAIN:  60%|███████████████████████▍               | 12/20 [00:17<00:12,  1.50s/it, total=1.743, recon=0.461, kl=0.0450]
TRAIN:  60%|███████████████████████▍               | 12/20 [00:19<00:12,  1.50s/it, total=1.670, recon=0.498, kl=0.0453]
TRAIN:  65%|█████████████████████████▎             | 13/20 [00:19<00:10,  1.45s/it, total=1.670, recon=0.498, kl=0.0453]
TRAIN:  65%|█████████████████████████▎             | 13/20 [00:20<00:10,  1.45s/it, total=1.769, recon=0.504, kl=0.0461]
TRAIN:  70%|███████████████████████████▎           | 14/20 [00:20<00:08,  1.43s/it, total=1.769, recon=0.504, kl=0.0461]
TRAIN:  70%|███████████████████████████▎           | 14/20 [00:22<00:08,  1.43s/it, total=1.681, recon=0.442, kl=0.0448]
TRAIN:  75%|█████████████████████████████▎         | 15/20 [00:22<00:07,  1.43s/it, total=1.681, recon=0.442, kl=0.0448]
TRAIN:  75%|█████████████████████████████▎         | 15/20 [00:23<00:07,  1.43s/it, total=1.648, recon=0.443, kl=0.0446]
TRAIN:  80%|███████████████████████████████▏       | 16/20 [00:23<00:05,  1.38s/it, total=1.648, recon=0.443, kl=0.0446]
TRAIN:  80%|███████████████████████████████▏       | 16/20 [00:25<00:05,  1.38s/it, total=1.676, recon=0.463, kl=0.0451]
TRAIN:  85%|█████████████████████████████████▏     | 17/20 [00:25<00:04,  1.48s/it, total=1.676, recon=0.463, kl=0.0451]
TRAIN:  85%|█████████████████████████████████▏     | 17/20 [00:26<00:04,  1.48s/it, total=1.771, recon=0.538, kl=0.0464]
TRAIN:  90%|███████████████████████████████████    | 18/20 [00:26<00:02,  1.48s/it, total=1.771, recon=0.538, kl=0.0464]
TRAIN:  90%|███████████████████████████████████    | 18/20 [00:28<00:02,  1.48s/it, total=1.468, recon=0.475, kl=0.0461]
TRAIN:  95%|█████████████████████████████████████  | 19/20 [00:28<00:01,  1.46s/it, total=1.468, recon=0.475, kl=0.0461]
TRAIN:  95%|█████████████████████████████████████  | 19/20 [00:28<00:01,  1.46s/it, total=1.605, recon=0.482, kl=0.0440]
TRAIN: 100%|███████████████████████████████████████| 20/20 [00:28<00:00,  1.31s/it, total=1.605, recon=0.482, kl=0.0440]
                                                                                                                        

VAL  :   0%|                                                                                      | 0/6 [00:00<?, ?it/s]
VAL  :   0%|                                                 | 0/6 [00:00<?, ?it/s, total=4.939, recon=2.169, kl=0.0435]
VAL  :  17%|██████▊                                  | 1/6 [00:00<00:01,  2.64it/s, total=4.939, recon=2.169, kl=0.0435]
VAL  :  17%|██████▊                                  | 1/6 [00:00<00:01,  2.64it/s, total=3.952, recon=1.906, kl=0.0408]
VAL  :  33%|█████████████▋                           | 2/6 [00:00<00:01,  2.51it/s, total=3.952, recon=1.906, kl=0.0408]
VAL  :  33%|█████████████▋                           | 2/6 [00:01<00:01,  2.51it/s, total=4.010, recon=1.940, kl=0.0415]
VAL  :  50%|████████████████████▌                    | 3/6 [00:01<00:01,  2.26it/s, total=4.010, recon=1.940, kl=0.0415]
VAL  :  50%|████████████████████▌                    | 3/6 [00:01<00:01,  2.26it/s, total=3.929, recon=1.861, kl=0.0407]
VAL  :  67%|███████████████████████████▎             | 4/6 [00:01<00:00,  2.13it/s, total=3.929, recon=1.861, kl=0.0407]
VAL  :  67%|███████████████████████████▎             | 4/6 [00:02<00:00,  2.13it/s, total=4.172, recon=1.889, kl=0.0422]
VAL  :  83%|██████████████████████████████████▏      | 5/6 [00:02<00:00,  2.29it/s, total=4.172, recon=1.889, kl=0.0422]
VAL  :  83%|██████████████████████████████████▏      | 5/6 [00:02<00:00,  2.29it/s, total=3.577, recon=1.622, kl=0.0404]
VAL  : 100%|█████████████████████████████████████████| 6/6 [00:02<00:00,  2.80it/s, total=3.577, recon=1.622, kl=0.0404]
                                                                                                                        

TRAIN:   0%|                                                                                     | 0/20 [00:00<?, ?it/s]
TRAIN:   0%|                                                | 0/20 [00:01<?, ?it/s, total=1.813, recon=0.516, kl=0.0439]
TRAIN:   5%|██                                      | 1/20 [00:01<00:32,  1.71s/it, total=1.813, recon=0.516, kl=0.0439]
TRAIN:   5%|██                                      | 1/20 [00:03<00:32,  1.71s/it, total=1.560, recon=0.480, kl=0.0419]
TRAIN:  10%|████                                    | 2/20 [00:03<00:29,  1.66s/it, total=1.560, recon=0.480, kl=0.0419]
TRAIN:  10%|████                                    | 2/20 [00:04<00:29,  1.66s/it, total=1.717, recon=0.456, kl=0.0453]
TRAIN:  15%|██████                                  | 3/20 [00:04<00:26,  1.55s/it, total=1.717, recon=0.456, kl=0.0453]
TRAIN:  15%|██████                                  | 3/20 [00:06<00:26,  1.55s/it, total=1.787, recon=0.538, kl=0.0477]
TRAIN:  20%|████████                                | 4/20 [00:06<00:24,  1.53s/it, total=1.787, recon=0.538, kl=0.0477]
TRAIN:  20%|████████                                | 4/20 [00:07<00:24,  1.53s/it, total=1.605, recon=0.486, kl=0.0438]
TRAIN:  25%|██████████                              | 5/20 [00:07<00:20,  1.39s/it, total=1.605, recon=0.486, kl=0.0438]
TRAIN:  25%|██████████                              | 5/20 [00:08<00:20,  1.39s/it, total=1.530, recon=0.511, kl=0.0431]
TRAIN:  30%|████████████                            | 6/20 [00:08<00:17,  1.27s/it, total=1.530, recon=0.511, kl=0.0431]
TRAIN:  30%|████████████                            | 6/20 [00:09<00:17,  1.27s/it, total=1.971, recon=0.507, kl=0.0450]
TRAIN:  35%|██████████████                          | 7/20 [00:09<00:15,  1.20s/it, total=1.971, recon=0.507, kl=0.0450]
TRAIN:  35%|██████████████                          | 7/20 [00:10<00:15,  1.20s/it, total=1.744, recon=0.544, kl=0.0455]
TRAIN:  40%|████████████████                        | 8/20 [00:10<00:14,  1.22s/it, total=1.744, recon=0.544, kl=0.0455]
TRAIN:  40%|████████████████                        | 8/20 [00:11<00:14,  1.22s/it, total=2.039, recon=0.555, kl=0.0444]
TRAIN:  45%|██████████████████                      | 9/20 [00:11<00:13,  1.27s/it, total=2.039, recon=0.555, kl=0.0444]
TRAIN:  45%|██████████████████                      | 9/20 [00:12<00:13,  1.27s/it, total=1.510, recon=0.489, kl=0.0427]
TRAIN:  50%|███████████████████▌                   | 10/20 [00:12<00:12,  1.25s/it, total=1.510, recon=0.489, kl=0.0427]
TRAIN:  50%|███████████████████▌                   | 10/20 [00:14<00:12,  1.25s/it, total=1.743, recon=0.436, kl=0.0430]
TRAIN:  55%|█████████████████████▍                 | 11/20 [00:14<00:11,  1.28s/it, total=1.743, recon=0.436, kl=0.0430]
TRAIN:  55%|█████████████████████▍                 | 11/20 [00:15<00:11,  1.28s/it, total=1.598, recon=0.498, kl=0.0428]
TRAIN:  60%|███████████████████████▍               | 12/20 [00:15<00:10,  1.31s/it, total=1.598, recon=0.498, kl=0.0428]
TRAIN:  60%|███████████████████████▍               | 12/20 [00:17<00:10,  1.31s/it, total=1.701, recon=0.518, kl=0.0454]
TRAIN:  65%|█████████████████████████▎             | 13/20 [00:17<00:09,  1.34s/it, total=1.701, recon=0.518, kl=0.0454]
TRAIN:  65%|█████████████████████████▎             | 13/20 [00:18<00:09,  1.34s/it, total=1.564, recon=0.416, kl=0.0440]
TRAIN:  70%|███████████████████████████▎           | 14/20 [00:18<00:08,  1.46s/it, total=1.564, recon=0.416, kl=0.0440]
TRAIN:  70%|███████████████████████████▎           | 14/20 [00:20<00:08,  1.46s/it, total=1.642, recon=0.478, kl=0.0432]
TRAIN:  75%|█████████████████████████████▎         | 15/20 [00:20<00:06,  1.37s/it, total=1.642, recon=0.478, kl=0.0432]
TRAIN:  75%|█████████████████████████████▎         | 15/20 [00:21<00:06,  1.37s/it, total=1.759, recon=0.554, kl=0.0429]
TRAIN:  80%|███████████████████████████████▏       | 16/20 [00:21<00:05,  1.35s/it, total=1.759, recon=0.554, kl=0.0429]
TRAIN:  80%|███████████████████████████████▏       | 16/20 [00:22<00:05,  1.35s/it, total=1.608, recon=0.475, kl=0.0457]
TRAIN:  85%|█████████████████████████████████▏     | 17/20 [00:22<00:04,  1.34s/it, total=1.608, recon=0.475, kl=0.0457]
TRAIN:  85%|█████████████████████████████████▏     | 17/20 [00:24<00:04,  1.34s/it, total=1.499, recon=0.440, kl=0.0430]
TRAIN:  90%|███████████████████████████████████    | 18/20 [00:24<00:02,  1.44s/it, total=1.499, recon=0.440, kl=0.0430]
TRAIN:  90%|███████████████████████████████████    | 18/20 [00:25<00:02,  1.44s/it, total=1.768, recon=0.538, kl=0.0448]
TRAIN:  95%|█████████████████████████████████████  | 19/20 [00:25<00:01,  1.46s/it, total=1.768, recon=0.538, kl=0.0448]
TRAIN:  95%|█████████████████████████████████████  | 19/20 [00:26<00:01,  1.46s/it, total=1.712, recon=0.549, kl=0.0448]
TRAIN: 100%|███████████████████████████████████████| 20/20 [00:26<00:00,  1.27s/it, total=1.712, recon=0.549, kl=0.0448]
                                                                                                                        

VAL  :   0%|                                                                                      | 0/6 [00:00<?, ?it/s]
VAL  :   0%|                                                 | 0/6 [00:00<?, ?it/s, total=4.587, recon=2.164, kl=0.0443]
VAL  :  17%|██████▊                                  | 1/6 [00:00<00:02,  2.04it/s, total=4.587, recon=2.164, kl=0.0443]
VAL  :  17%|██████▊                                  | 1/6 [00:01<00:02,  2.04it/s, total=4.309, recon=1.919, kl=0.0424]
VAL  :  33%|█████████████▋                           | 2/6 [00:01<00:01,  2.01it/s, total=4.309, recon=1.919, kl=0.0424]
VAL  :  33%|█████████████▋                           | 2/6 [00:01<00:01,  2.01it/s, total=4.200, recon=1.955, kl=0.0410]
VAL  :  50%|████████████████████▌                    | 3/6 [00:01<00:01,  2.04it/s, total=4.200, recon=1.955, kl=0.0410]
VAL  :  50%|████████████████████▌                    | 3/6 [00:01<00:01,  2.04it/s, total=4.126, recon=1.888, kl=0.0399]
VAL  :  67%|███████████████████████████▎             | 4/6 [00:01<00:00,  2.18it/s, total=4.126, recon=1.888, kl=0.0399]
VAL  :  67%|███████████████████████████▎             | 4/6 [00:02<00:00,  2.18it/s, total=4.165, recon=1.889, kl=0.0420]
VAL  :  83%|██████████████████████████████████▏      | 5/6 [00:02<00:00,  2.08it/s, total=4.165, recon=1.889, kl=0.0420]
VAL  :  83%|██████████████████████████████████▏      | 5/6 [00:02<00:00,  2.08it/s, total=3.834, recon=1.648, kl=0.0403]
VAL  : 100%|█████████████████████████████████████████| 6/6 [00:02<00:00,  2.65it/s, total=3.834, recon=1.648, kl=0.0403]
                                                                                                                        

TRAIN:   0%|                                                                                     | 0/20 [00:00<?, ?it/s]
TRAIN:   0%|                                                | 0/20 [00:01<?, ?it/s, total=1.595, recon=0.474, kl=0.0447]
TRAIN:   5%|██                                      | 1/20 [00:01<00:28,  1.51s/it, total=1.595, recon=0.474, kl=0.0447]
TRAIN:   5%|██                                      | 1/20 [00:03<00:28,  1.51s/it, total=1.650, recon=0.493, kl=0.0452]
TRAIN:  10%|████                                    | 2/20 [00:03<00:27,  1.51s/it, total=1.650, recon=0.493, kl=0.0452]
TRAIN:  10%|████                                    | 2/20 [00:04<00:27,  1.51s/it, total=1.673, recon=0.484, kl=0.0452]
TRAIN:  15%|██████                                  | 3/20 [00:04<00:24,  1.41s/it, total=1.673, recon=0.484, kl=0.0452]
TRAIN:  15%|██████                                  | 3/20 [00:05<00:24,  1.41s/it, total=1.588, recon=0.507, kl=0.0430]
TRAIN:  20%|████████                                | 4/20 [00:05<00:22,  1.40s/it, total=1.588, recon=0.507, kl=0.0430]
TRAIN:  20%|████████                                | 4/20 [00:07<00:22,  1.40s/it, total=1.483, recon=0.492, kl=0.0413]
TRAIN:  25%|██████████                              | 5/20 [00:07<00:21,  1.44s/it, total=1.483, recon=0.492, kl=0.0413]
TRAIN:  25%|██████████                              | 5/20 [00:08<00:21,  1.44s/it, total=1.779, recon=0.504, kl=0.0449]
TRAIN:  30%|████████████                            | 6/20 [00:08<00:19,  1.39s/it, total=1.779, recon=0.504, kl=0.0449]
TRAIN:  30%|████████████                            | 6/20 [00:09<00:19,  1.39s/it, total=1.713, recon=0.493, kl=0.0431]
TRAIN:  35%|██████████████                          | 7/20 [00:09<00:17,  1.37s/it, total=1.713, recon=0.493, kl=0.0431]
TRAIN:  35%|██████████████                          | 7/20 [00:10<00:17,  1.37s/it, total=1.777, recon=0.507, kl=0.0450]
TRAIN:  40%|████████████████                        | 8/20 [00:10<00:16,  1.33s/it, total=1.777, recon=0.507, kl=0.0450]
TRAIN:  40%|████████████████                        | 8/20 [00:12<00:16,  1.33s/it, total=1.418, recon=0.439, kl=0.0415]
TRAIN:  45%|██████████████████                      | 9/20 [00:12<00:14,  1.35s/it, total=1.418, recon=0.439, kl=0.0415]
TRAIN:  45%|██████████████████                      | 9/20 [00:14<00:14,  1.35s/it, total=1.788, recon=0.539, kl=0.0422]
TRAIN:  50%|███████████████████▌                   | 10/20 [00:14<00:14,  1.44s/it, total=1.788, recon=0.539, kl=0.0422]
TRAIN:  50%|███████████████████▌                   | 10/20 [00:15<00:14,  1.44s/it, total=1.637, recon=0.500, kl=0.0449]
TRAIN:  55%|█████████████████████▍                 | 11/20 [00:15<00:13,  1.50s/it, total=1.637, recon=0.500, kl=0.0449]
TRAIN:  55%|█████████████████████▍                 | 11/20 [00:17<00:13,  1.50s/it, total=1.796, recon=0.506, kl=0.0413]
TRAIN:  60%|███████████████████████▍               | 12/20 [00:17<00:11,  1.47s/it, total=1.796, recon=0.506, kl=0.0413]
TRAIN:  60%|███████████████████████▍               | 12/20 [00:18<00:11,  1.47s/it, total=1.737, recon=0.495, kl=0.0426]
TRAIN:  65%|█████████████████████████▎             | 13/20 [00:18<00:10,  1.43s/it, total=1.737, recon=0.495, kl=0.0426]
TRAIN:  65%|█████████████████████████▎             | 13/20 [00:19<00:10,  1.43s/it, total=1.714, recon=0.449, kl=0.0421]
TRAIN:  70%|███████████████████████████▎           | 14/20 [00:19<00:08,  1.44s/it, total=1.714, recon=0.449, kl=0.0421]
TRAIN:  70%|███████████████████████████▎           | 14/20 [00:21<00:08,  1.44s/it, total=1.552, recon=0.487, kl=0.0433]
TRAIN:  75%|█████████████████████████████▎         | 15/20 [00:21<00:06,  1.37s/it, total=1.552, recon=0.487, kl=0.0433]
TRAIN:  75%|█████████████████████████████▎         | 15/20 [00:22<00:06,  1.37s/it, total=1.666, recon=0.499, kl=0.0438]
TRAIN:  80%|███████████████████████████████▏       | 16/20 [00:22<00:05,  1.29s/it, total=1.666, recon=0.499, kl=0.0438]
TRAIN:  80%|███████████████████████████████▏       | 16/20 [00:23<00:05,  1.29s/it, total=1.620, recon=0.510, kl=0.0429]
TRAIN:  85%|█████████████████████████████████▏     | 17/20 [00:23<00:03,  1.31s/it, total=1.620, recon=0.510, kl=0.0429]
TRAIN:  85%|█████████████████████████████████▏     | 17/20 [00:25<00:03,  1.31s/it, total=1.854, recon=0.482, kl=0.0449]
TRAIN:  90%|███████████████████████████████████    | 18/20 [00:25<00:02,  1.39s/it, total=1.854, recon=0.482, kl=0.0449]
TRAIN:  90%|███████████████████████████████████    | 18/20 [00:26<00:02,  1.39s/it, total=1.904, recon=0.547, kl=0.0423]
TRAIN:  95%|█████████████████████████████████████  | 19/20 [00:26<00:01,  1.41s/it, total=1.904, recon=0.547, kl=0.0423]
TRAIN:  95%|█████████████████████████████████████  | 19/20 [00:27<00:01,  1.41s/it, total=1.203, recon=0.390, kl=0.0408]
TRAIN: 100%|███████████████████████████████████████| 20/20 [00:27<00:00,  1.29s/it, total=1.203, recon=0.390, kl=0.0408]
                                                                                                                        

VAL  :   0%|                                                                                      | 0/6 [00:00<?, ?it/s]
VAL  :   0%|                                                 | 0/6 [00:00<?, ?it/s, total=4.685, recon=2.183, kl=0.0422]
VAL  :  17%|██████▊                                  | 1/6 [00:00<00:02,  2.32it/s, total=4.685, recon=2.183, kl=0.0422]
VAL  :  17%|██████▊                                  | 1/6 [00:00<00:02,  2.32it/s, total=4.176, recon=1.918, kl=0.0409]
VAL  :  33%|█████████████▋                           | 2/6 [00:00<00:01,  2.16it/s, total=4.176, recon=1.918, kl=0.0409]
VAL  :  33%|█████████████▋                           | 2/6 [00:01<00:01,  2.16it/s, total=4.107, recon=1.959, kl=0.0389]
VAL  :  50%|████████████████████▌                    | 3/6 [00:01<00:01,  2.22it/s, total=4.107, recon=1.959, kl=0.0389]
VAL  :  50%|████████████████████▌                    | 3/6 [00:01<00:01,  2.22it/s, total=4.136, recon=1.877, kl=0.0401]
VAL  :  67%|███████████████████████████▎             | 4/6 [00:01<00:00,  2.21it/s, total=4.136, recon=1.877, kl=0.0401]
VAL  :  67%|███████████████████████████▎             | 4/6 [00:02<00:00,  2.21it/s, total=4.318, recon=1.888, kl=0.0407]
VAL  :  83%|██████████████████████████████████▏      | 5/6 [00:02<00:00,  2.37it/s, total=4.318, recon=1.888, kl=0.0407]
VAL  :  83%|██████████████████████████████████▏      | 5/6 [00:02<00:00,  2.37it/s, total=3.126, recon=1.626, kl=0.0420]
VAL  : 100%|█████████████████████████████████████████| 6/6 [00:02<00:00,  2.93it/s, total=3.126, recon=1.626, kl=0.0420]
                                                                                                                        

TRAIN:   0%|                                                                                     | 0/20 [00:00<?, ?it/s]
TRAIN:   0%|                                                | 0/20 [00:01<?, ?it/s, total=1.554, recon=0.470, kl=0.0426]
TRAIN:   5%|██                                      | 1/20 [00:01<00:26,  1.40s/it, total=1.554, recon=0.470, kl=0.0426]
TRAIN:   5%|██                                      | 1/20 [00:02<00:26,  1.40s/it, total=1.671, recon=0.456, kl=0.0411]
TRAIN:  10%|████                                    | 2/20 [00:02<00:26,  1.45s/it, total=1.671, recon=0.456, kl=0.0411]
TRAIN:  10%|████                                    | 2/20 [00:04<00:26,  1.45s/it, total=1.784, recon=0.517, kl=0.0433]
TRAIN:  15%|██████                                  | 3/20 [00:04<00:23,  1.41s/it, total=1.784, recon=0.517, kl=0.0433]
TRAIN:  15%|██████                                  | 3/20 [00:05<00:23,  1.41s/it, total=1.401, recon=0.462, kl=0.0426]
TRAIN:  20%|████████                                | 4/20 [00:05<00:22,  1.38s/it, total=1.401, recon=0.462, kl=0.0426]
TRAIN:  20%|████████                                | 4/20 [00:06<00:22,  1.38s/it, total=1.818, recon=0.536, kl=0.0422]
TRAIN:  25%|██████████                              | 5/20 [00:06<00:19,  1.30s/it, total=1.818, recon=0.536, kl=0.0422]
TRAIN:  25%|██████████                              | 5/20 [00:08<00:19,  1.30s/it, total=1.343, recon=0.407, kl=0.0421]
TRAIN:  30%|████████████                            | 6/20 [00:08<00:18,  1.31s/it, total=1.343, recon=0.407, kl=0.0421]
TRAIN:  30%|████████████                            | 6/20 [00:09<00:18,  1.31s/it, total=1.889, recon=0.538, kl=0.0436]
TRAIN:  35%|██████████████                          | 7/20 [00:09<00:17,  1.35s/it, total=1.889, recon=0.538, kl=0.0436]
TRAIN:  35%|██████████████                          | 7/20 [00:10<00:17,  1.35s/it, total=1.669, recon=0.445, kl=0.0442]
TRAIN:  40%|████████████████                        | 8/20 [00:10<00:15,  1.30s/it, total=1.669, recon=0.445, kl=0.0442]
TRAIN:  40%|████████████████                        | 8/20 [00:12<00:15,  1.30s/it, total=1.622, recon=0.508, kl=0.0416]
TRAIN:  45%|██████████████████                      | 9/20 [00:12<00:14,  1.34s/it, total=1.622, recon=0.508, kl=0.0416]
TRAIN:  45%|██████████████████                      | 9/20 [00:13<00:14,  1.34s/it, total=1.423, recon=0.452, kl=0.0417]
TRAIN:  50%|███████████████████▌                   | 10/20 [00:13<00:13,  1.40s/it, total=1.423, recon=0.452, kl=0.0417]
TRAIN:  50%|███████████████████▌                   | 10/20 [00:15<00:13,  1.40s/it, total=1.663, recon=0.508, kl=0.0448]
TRAIN:  55%|█████████████████████▍                 | 11/20 [00:15<00:12,  1.44s/it, total=1.663, recon=0.508, kl=0.0448]
TRAIN:  55%|█████████████████████▍                 | 11/20 [00:16<00:12,  1.44s/it, total=1.795, recon=0.495, kl=0.0430]
TRAIN:  60%|███████████████████████▍               | 12/20 [00:16<00:11,  1.43s/it, total=1.795, recon=0.495, kl=0.0430]
TRAIN:  60%|███████████████████████▍               | 12/20 [00:18<00:11,  1.43s/it, total=1.593, recon=0.505, kl=0.0431]
TRAIN:  65%|█████████████████████████▎             | 13/20 [00:18<00:10,  1.43s/it, total=1.593, recon=0.505, kl=0.0431]
TRAIN:  65%|█████████████████████████▎             | 13/20 [00:19<00:10,  1.43s/it, total=1.828, recon=0.522, kl=0.0425]
TRAIN:  70%|███████████████████████████▎           | 14/20 [00:19<00:08,  1.47s/it, total=1.828, recon=0.522, kl=0.0425]
TRAIN:  70%|███████████████████████████▎           | 14/20 [00:20<00:08,  1.47s/it, total=1.729, recon=0.492, kl=0.0418]
TRAIN:  75%|█████████████████████████████▎         | 15/20 [00:20<00:06,  1.39s/it, total=1.729, recon=0.492, kl=0.0418]
TRAIN:  75%|█████████████████████████████▎         | 15/20 [00:21<00:06,  1.39s/it, total=1.489, recon=0.459, kl=0.0412]
TRAIN:  80%|███████████████████████████████▏       | 16/20 [00:21<00:05,  1.33s/it, total=1.489, recon=0.459, kl=0.0412]
TRAIN:  80%|███████████████████████████████▏       | 16/20 [00:23<00:05,  1.33s/it, total=1.559, recon=0.487, kl=0.0425]
TRAIN:  85%|█████████████████████████████████▏     | 17/20 [00:23<00:03,  1.28s/it, total=1.559, recon=0.487, kl=0.0425]
TRAIN:  85%|█████████████████████████████████▏     | 17/20 [00:24<00:03,  1.28s/it, total=1.691, recon=0.473, kl=0.0430]
TRAIN:  90%|███████████████████████████████████    | 18/20 [00:24<00:02,  1.27s/it, total=1.691, recon=0.473, kl=0.0430]
TRAIN:  90%|███████████████████████████████████    | 18/20 [00:25<00:02,  1.27s/it, total=1.751, recon=0.493, kl=0.0436]
TRAIN:  95%|█████████████████████████████████████  | 19/20 [00:25<00:01,  1.23s/it, total=1.751, recon=0.493, kl=0.0436]
TRAIN:  95%|█████████████████████████████████████  | 19/20 [00:26<00:01,  1.23s/it, total=1.703, recon=0.444, kl=0.0415]
TRAIN: 100%|███████████████████████████████████████| 20/20 [00:26<00:00,  1.11s/it, total=1.703, recon=0.444, kl=0.0415]
                                                                                                                        

VAL  :   0%|                                                                                      | 0/6 [00:00<?, ?it/s]
VAL  :   0%|                                                 | 0/6 [00:00<?, ?it/s, total=4.904, recon=2.198, kl=0.0404]
VAL  :  17%|██████▊                                  | 1/6 [00:00<00:01,  2.83it/s, total=4.904, recon=2.198, kl=0.0404]
VAL  :  17%|██████▊                                  | 1/6 [00:00<00:01,  2.83it/s, total=4.060, recon=1.914, kl=0.0394]
VAL  :  33%|█████████████▋                           | 2/6 [00:00<00:01,  2.74it/s, total=4.060, recon=1.914, kl=0.0394]
VAL  :  33%|█████████████▋                           | 2/6 [00:01<00:01,  2.74it/s, total=4.089, recon=1.945, kl=0.0386]
VAL  :  50%|████████████████████▌                    | 3/6 [00:01<00:01,  2.75it/s, total=4.089, recon=1.945, kl=0.0386]
VAL  :  50%|████████████████████▌                    | 3/6 [00:01<00:01,  2.75it/s, total=4.244, recon=1.866, kl=0.0397]
VAL  :  67%|███████████████████████████▎             | 4/6 [00:01<00:00,  2.41it/s, total=4.244, recon=1.866, kl=0.0397]
VAL  :  67%|███████████████████████████▎             | 4/6 [00:02<00:00,  2.41it/s, total=4.006, recon=1.902, kl=0.0403]
VAL  :  83%|██████████████████████████████████▏      | 5/6 [00:02<00:00,  2.31it/s, total=4.006, recon=1.902, kl=0.0403]
VAL  :  83%|██████████████████████████████████▏      | 5/6 [00:02<00:00,  2.31it/s, total=3.312, recon=1.629, kl=0.0390]
VAL  : 100%|█████████████████████████████████████████| 6/6 [00:02<00:00,  2.91it/s, total=3.312, recon=1.629, kl=0.0390]
                                                                                                                        

TRAIN:   0%|                                                                                     | 0/20 [00:00<?, ?it/s]
TRAIN:   0%|                                                | 0/20 [00:01<?, ?it/s, total=1.599, recon=0.532, kl=0.0419]
TRAIN:   5%|██                                      | 1/20 [00:01<00:25,  1.32s/it, total=1.599, recon=0.532, kl=0.0419]
TRAIN:   5%|██                                      | 1/20 [00:02<00:25,  1.32s/it, total=1.627, recon=0.456, kl=0.0430]
TRAIN:  10%|████                                    | 2/20 [00:02<00:22,  1.27s/it, total=1.627, recon=0.456, kl=0.0430]
TRAIN:  10%|████                                    | 2/20 [00:03<00:22,  1.27s/it, total=1.787, recon=0.508, kl=0.0424]
TRAIN:  15%|██████                                  | 3/20 [00:03<00:21,  1.27s/it, total=1.787, recon=0.508, kl=0.0424]
TRAIN:  15%|██████                                  | 3/20 [00:04<00:21,  1.27s/it, total=1.395, recon=0.431, kl=0.0414]
TRAIN:  20%|████████                                | 4/20 [00:04<00:20,  1.26s/it, total=1.395, recon=0.431, kl=0.0414]
TRAIN:  20%|████████                                | 4/20 [00:06<00:20,  1.26s/it, total=1.751, recon=0.508, kl=0.0433]
TRAIN:  25%|██████████                              | 5/20 [00:06<00:19,  1.31s/it, total=1.751, recon=0.508, kl=0.0433]
TRAIN:  25%|██████████                              | 5/20 [00:07<00:19,  1.31s/it, total=1.605, recon=0.470, kl=0.0406]
TRAIN:  30%|████████████                            | 6/20 [00:07<00:18,  1.29s/it, total=1.605, recon=0.470, kl=0.0406]
TRAIN:  30%|████████████                            | 6/20 [00:09<00:18,  1.29s/it, total=1.322, recon=0.420, kl=0.0408]
TRAIN:  35%|██████████████                          | 7/20 [00:09<00:18,  1.39s/it, total=1.322, recon=0.420, kl=0.0408]
TRAIN:  35%|██████████████                          | 7/20 [00:10<00:18,  1.39s/it, total=1.900, recon=0.566, kl=0.0422]
TRAIN:  40%|████████████████                        | 8/20 [00:10<00:16,  1.34s/it, total=1.900, recon=0.566, kl=0.0422]
TRAIN:  40%|████████████████                        | 8/20 [00:11<00:16,  1.34s/it, total=1.546, recon=0.456, kl=0.0409]
TRAIN:  45%|██████████████████                      | 9/20 [00:11<00:14,  1.32s/it, total=1.546, recon=0.456, kl=0.0409]
TRAIN:  45%|██████████████████                      | 9/20 [00:13<00:14,  1.32s/it, total=1.409, recon=0.439, kl=0.0402]
TRAIN:  50%|███████████████████▌                   | 10/20 [00:13<00:13,  1.32s/it, total=1.409, recon=0.439, kl=0.0402]
TRAIN:  50%|███████████████████▌                   | 10/20 [00:14<00:13,  1.32s/it, total=1.798, recon=0.509, kl=0.0425]
TRAIN:  55%|█████████████████████▍                 | 11/20 [00:14<00:11,  1.31s/it, total=1.798, recon=0.509, kl=0.0425]
TRAIN:  55%|█████████████████████▍                 | 11/20 [00:15<00:11,  1.31s/it, total=1.539, recon=0.451, kl=0.0422]
TRAIN:  60%|███████████████████████▍               | 12/20 [00:15<00:10,  1.35s/it, total=1.539, recon=0.451, kl=0.0422]
TRAIN:  60%|███████████████████████▍               | 12/20 [00:17<00:10,  1.35s/it, total=1.562, recon=0.442, kl=0.0413]
TRAIN:  65%|█████████████████████████▎             | 13/20 [00:17<00:09,  1.32s/it, total=1.562, recon=0.442, kl=0.0413]
TRAIN:  65%|█████████████████████████▎             | 13/20 [00:18<00:09,  1.32s/it, total=1.454, recon=0.462, kl=0.0398]
TRAIN:  70%|███████████████████████████▎           | 14/20 [00:18<00:07,  1.32s/it, total=1.454, recon=0.462, kl=0.0398]
TRAIN:  70%|███████████████████████████▎           | 14/20 [00:19<00:07,  1.32s/it, total=1.590, recon=0.494, kl=0.0409]
TRAIN:  75%|█████████████████████████████▎         | 15/20 [00:19<00:06,  1.35s/it, total=1.590, recon=0.494, kl=0.0409]
TRAIN:  75%|█████████████████████████████▎         | 15/20 [00:21<00:06,  1.35s/it, total=1.358, recon=0.494, kl=0.0404]
TRAIN:  80%|███████████████████████████████▏       | 16/20 [00:21<00:05,  1.43s/it, total=1.358, recon=0.494, kl=0.0404]
TRAIN:  80%|███████████████████████████████▏       | 16/20 [00:22<00:05,  1.43s/it, total=2.044, recon=0.564, kl=0.0428]
TRAIN:  85%|█████████████████████████████████▏     | 17/20 [00:22<00:04,  1.40s/it, total=2.044, recon=0.564, kl=0.0428]
TRAIN:  85%|█████████████████████████████████▏     | 17/20 [00:24<00:04,  1.40s/it, total=1.931, recon=0.485, kl=0.0424]
TRAIN:  90%|███████████████████████████████████    | 18/20 [00:24<00:02,  1.36s/it, total=1.931, recon=0.485, kl=0.0424]
TRAIN:  90%|███████████████████████████████████    | 18/20 [00:25<00:02,  1.36s/it, total=1.846, recon=0.503, kl=0.0413]
TRAIN:  95%|█████████████████████████████████████  | 19/20 [00:25<00:01,  1.37s/it, total=1.846, recon=0.503, kl=0.0413]
TRAIN:  95%|█████████████████████████████████████  | 19/20 [00:26<00:01,  1.37s/it, total=1.825, recon=0.519, kl=0.0415]
TRAIN: 100%|███████████████████████████████████████| 20/20 [00:26<00:00,  1.22s/it, total=1.825, recon=0.519, kl=0.0415]
                                                                                                                        

VAL  :   0%|                                                                                      | 0/6 [00:00<?, ?it/s]
VAL  :   0%|                                                 | 0/6 [00:00<?, ?it/s, total=4.586, recon=2.199, kl=0.0408]
VAL  :  17%|██████▊                                  | 1/6 [00:00<00:01,  2.89it/s, total=4.586, recon=2.199, kl=0.0408]
VAL  :  17%|██████▊                                  | 1/6 [00:00<00:01,  2.89it/s, total=3.959, recon=1.914, kl=0.0382]
VAL  :  33%|█████████████▋                           | 2/6 [00:00<00:01,  2.81it/s, total=3.959, recon=1.914, kl=0.0382]
VAL  :  33%|█████████████▋                           | 2/6 [00:01<00:01,  2.81it/s, total=4.063, recon=1.969, kl=0.0372]
VAL  :  50%|████████████████████▌                    | 3/6 [00:01<00:01,  2.68it/s, total=4.063, recon=1.969, kl=0.0372]
VAL  :  50%|████████████████████▌                    | 3/6 [00:01<00:01,  2.68it/s, total=3.973, recon=1.895, kl=0.0377]
VAL  :  67%|███████████████████████████▎             | 4/6 [00:01<00:00,  2.41it/s, total=3.973, recon=1.895, kl=0.0377]
VAL  :  67%|███████████████████████████▎             | 4/6 [00:02<00:00,  2.41it/s, total=4.250, recon=1.907, kl=0.0378]
VAL  :  83%|██████████████████████████████████▏      | 5/6 [00:02<00:00,  2.24it/s, total=4.250, recon=1.907, kl=0.0378]
VAL  :  83%|██████████████████████████████████▏      | 5/6 [00:02<00:00,  2.24it/s, total=4.068, recon=1.664, kl=0.0385]
VAL  : 100%|█████████████████████████████████████████| 6/6 [00:02<00:00,  2.69it/s, total=4.068, recon=1.664, kl=0.0385]
                                                                                                                        

TRAIN:   0%|                                                                                     | 0/20 [00:00<?, ?it/s]
TRAIN:   0%|                                                | 0/20 [00:01<?, ?it/s, total=1.534, recon=0.440, kl=0.0386]
TRAIN:   5%|██                                      | 1/20 [00:01<00:26,  1.38s/it, total=1.534, recon=0.440, kl=0.0386]
TRAIN:   5%|██                                      | 1/20 [00:02<00:26,  1.38s/it, total=1.827, recon=0.473, kl=0.0422]
TRAIN:  10%|████                                    | 2/20 [00:02<00:25,  1.40s/it, total=1.827, recon=0.473, kl=0.0422]
TRAIN:  10%|████                                    | 2/20 [00:04<00:25,  1.40s/it, total=1.648, recon=0.486, kl=0.0416]
TRAIN:  15%|██████                                  | 3/20 [00:04<00:23,  1.37s/it, total=1.648, recon=0.486, kl=0.0416]
TRAIN:  15%|██████                                  | 3/20 [00:05<00:23,  1.37s/it, total=1.469, recon=0.445, kl=0.0426]
TRAIN:  20%|████████                                | 4/20 [00:05<00:21,  1.33s/it, total=1.469, recon=0.445, kl=0.0426]
TRAIN:  20%|████████                                | 4/20 [00:06<00:21,  1.33s/it, total=1.619, recon=0.496, kl=0.0404]
TRAIN:  25%|██████████                              | 5/20 [00:06<00:21,  1.42s/it, total=1.619, recon=0.496, kl=0.0404]
TRAIN:  25%|██████████                              | 5/20 [00:08<00:21,  1.42s/it, total=1.502, recon=0.435, kl=0.0404]
TRAIN:  30%|████████████                            | 6/20 [00:08<00:19,  1.38s/it, total=1.502, recon=0.435, kl=0.0404]
TRAIN:  30%|████████████                            | 6/20 [00:09<00:19,  1.38s/it, total=1.586, recon=0.455, kl=0.0405]
TRAIN:  35%|██████████████                          | 7/20 [00:09<00:17,  1.35s/it, total=1.586, recon=0.455, kl=0.0405]
TRAIN:  35%|██████████████                          | 7/20 [00:10<00:17,  1.35s/it, total=1.670, recon=0.544, kl=0.0419]
TRAIN:  40%|████████████████                        | 8/20 [00:10<00:16,  1.33s/it, total=1.670, recon=0.544, kl=0.0419]
TRAIN:  40%|████████████████                        | 8/20 [00:12<00:16,  1.33s/it, total=1.404, recon=0.450, kl=0.0411]
TRAIN:  45%|██████████████████                      | 9/20 [00:12<00:14,  1.30s/it, total=1.404, recon=0.450, kl=0.0411]
TRAIN:  45%|██████████████████                      | 9/20 [00:13<00:14,  1.30s/it, total=1.714, recon=0.514, kl=0.0416]
TRAIN:  50%|███████████████████▌                   | 10/20 [00:13<00:12,  1.27s/it, total=1.714, recon=0.514, kl=0.0416]
TRAIN:  50%|███████████████████▌                   | 10/20 [00:14<00:12,  1.27s/it, total=2.074, recon=0.579, kl=0.0427]
TRAIN:  55%|█████████████████████▍                 | 11/20 [00:14<00:12,  1.38s/it, total=2.074, recon=0.579, kl=0.0427]
TRAIN:  55%|█████████████████████▍                 | 11/20 [00:16<00:12,  1.38s/it, total=1.686, recon=0.502, kl=0.0421]
TRAIN:  60%|███████████████████████▍               | 12/20 [00:16<00:10,  1.34s/it, total=1.686, recon=0.502, kl=0.0421]
TRAIN:  60%|███████████████████████▍               | 12/20 [00:17<00:10,  1.34s/it, total=1.726, recon=0.496, kl=0.0404]
TRAIN:  65%|█████████████████████████▎             | 13/20 [00:17<00:09,  1.39s/it, total=1.726, recon=0.496, kl=0.0404]
TRAIN:  65%|█████████████████████████▎             | 13/20 [00:18<00:09,  1.39s/it, total=1.604, recon=0.477, kl=0.0409]
TRAIN:  70%|███████████████████████████▎           | 14/20 [00:18<00:08,  1.36s/it, total=1.604, recon=0.477, kl=0.0409]
TRAIN:  70%|███████████████████████████▎           | 14/20 [00:20<00:08,  1.36s/it, total=1.584, recon=0.500, kl=0.0397]
TRAIN:  75%|█████████████████████████████▎         | 15/20 [00:20<00:06,  1.36s/it, total=1.584, recon=0.500, kl=0.0397]
TRAIN:  75%|█████████████████████████████▎         | 15/20 [00:21<00:06,  1.36s/it, total=1.650, recon=0.444, kl=0.0386]
TRAIN:  80%|███████████████████████████████▏       | 16/20 [00:21<00:05,  1.34s/it, total=1.650, recon=0.444, kl=0.0386]
TRAIN:  80%|███████████████████████████████▏       | 16/20 [00:22<00:05,  1.34s/it, total=1.548, recon=0.405, kl=0.0389]
TRAIN:  85%|█████████████████████████████████▏     | 17/20 [00:22<00:04,  1.34s/it, total=1.548, recon=0.405, kl=0.0389]
TRAIN:  85%|█████████████████████████████████▏     | 17/20 [00:24<00:04,  1.34s/it, total=1.790, recon=0.474, kl=0.0416]
TRAIN:  90%|███████████████████████████████████    | 18/20 [00:24<00:02,  1.33s/it, total=1.790, recon=0.474, kl=0.0416]
TRAIN:  90%|███████████████████████████████████    | 18/20 [00:25<00:02,  1.33s/it, total=1.366, recon=0.434, kl=0.0398]
TRAIN:  95%|█████████████████████████████████████  | 19/20 [00:25<00:01,  1.33s/it, total=1.366, recon=0.434, kl=0.0398]
TRAIN:  95%|█████████████████████████████████████  | 19/20 [00:26<00:01,  1.33s/it, total=1.461, recon=0.452, kl=0.0454]
TRAIN: 100%|███████████████████████████████████████| 20/20 [00:26<00:00,  1.24s/it, total=1.461, recon=0.452, kl=0.0454]
                                                                                                                        

VAL  :   0%|                                                                                      | 0/6 [00:00<?, ?it/s]
VAL  :   0%|                                                 | 0/6 [00:00<?, ?it/s, total=4.833, recon=2.196, kl=0.0387]
VAL  :  17%|██████▊                                  | 1/6 [00:00<00:02,  1.89it/s, total=4.833, recon=2.196, kl=0.0387]
VAL  :  17%|██████▊                                  | 1/6 [00:01<00:02,  1.89it/s, total=4.113, recon=1.939, kl=0.0376]
VAL  :  33%|█████████████▋                           | 2/6 [00:01<00:02,  1.93it/s, total=4.113, recon=1.939, kl=0.0376]
VAL  :  33%|█████████████▋                           | 2/6 [00:01<00:02,  1.93it/s, total=4.212, recon=1.965, kl=0.0370]
VAL  :  50%|████████████████████▌                    | 3/6 [00:01<00:01,  2.17it/s, total=4.212, recon=1.965, kl=0.0370]
VAL  :  50%|████████████████████▌                    | 3/6 [00:01<00:01,  2.17it/s, total=3.884, recon=1.899, kl=0.0370]
VAL  :  67%|███████████████████████████▎             | 4/6 [00:01<00:00,  2.37it/s, total=3.884, recon=1.899, kl=0.0370]
VAL  :  67%|███████████████████████████▎             | 4/6 [00:01<00:00,  2.37it/s, total=4.071, recon=1.893, kl=0.0389]
VAL  :  83%|██████████████████████████████████▏      | 5/6 [00:01<00:00,  2.56it/s, total=4.071, recon=1.893, kl=0.0389]
VAL  :  83%|██████████████████████████████████▏      | 5/6 [00:02<00:00,  2.56it/s, total=3.962, recon=1.637, kl=0.0385]
VAL  : 100%|█████████████████████████████████████████| 6/6 [00:02<00:00,  3.24it/s, total=3.962, recon=1.637, kl=0.0385]
                                                                                                                        

TRAIN:   0%|                                                                                     | 0/20 [00:00<?, ?it/s]
TRAIN:   0%|                                                | 0/20 [00:01<?, ?it/s, total=1.417, recon=0.398, kl=0.0391]
TRAIN:   5%|██                                      | 1/20 [00:01<00:20,  1.10s/it, total=1.417, recon=0.398, kl=0.0391]
TRAIN:   5%|██                                      | 1/20 [00:02<00:20,  1.10s/it, total=1.525, recon=0.466, kl=0.0393]
TRAIN:  10%|████                                    | 2/20 [00:02<00:19,  1.10s/it, total=1.525, recon=0.466, kl=0.0393]
TRAIN:  10%|████                                    | 2/20 [00:03<00:19,  1.10s/it, total=1.541, recon=0.510, kl=0.0394]
TRAIN:  15%|██████                                  | 3/20 [00:03<00:19,  1.16s/it, total=1.541, recon=0.510, kl=0.0394]
TRAIN:  15%|██████                                  | 3/20 [00:05<00:19,  1.16s/it, total=1.653, recon=0.429, kl=0.0394]
TRAIN:  20%|████████                                | 4/20 [00:05<00:20,  1.26s/it, total=1.653, recon=0.429, kl=0.0394]
TRAIN:  20%|████████                                | 4/20 [00:06<00:20,  1.26s/it, total=1.720, recon=0.470, kl=0.0395]
TRAIN:  25%|██████████                              | 5/20 [00:06<00:18,  1.24s/it, total=1.720, recon=0.470, kl=0.0395]
TRAIN:  25%|██████████                              | 5/20 [00:07<00:18,  1.24s/it, total=1.653, recon=0.471, kl=0.0389]
TRAIN:  30%|████████████                            | 6/20 [00:07<00:18,  1.32s/it, total=1.653, recon=0.471, kl=0.0389]
TRAIN:  30%|████████████                            | 6/20 [00:08<00:18,  1.32s/it, total=1.466, recon=0.460, kl=0.0405]
TRAIN:  35%|██████████████                          | 7/20 [00:08<00:16,  1.27s/it, total=1.466, recon=0.460, kl=0.0405]
TRAIN:  35%|██████████████                          | 7/20 [00:10<00:16,  1.27s/it, total=1.749, recon=0.445, kl=0.0389]
TRAIN:  40%|████████████████                        | 8/20 [00:10<00:15,  1.30s/it, total=1.749, recon=0.445, kl=0.0389]
TRAIN:  40%|████████████████                        | 8/20 [00:11<00:15,  1.30s/it, total=1.792, recon=0.495, kl=0.0391]
TRAIN:  45%|██████████████████                      | 9/20 [00:11<00:14,  1.31s/it, total=1.792, recon=0.495, kl=0.0391]
TRAIN:  45%|██████████████████                      | 9/20 [00:12<00:14,  1.31s/it, total=1.684, recon=0.508, kl=0.0412]
TRAIN:  50%|███████████████████▌                   | 10/20 [00:12<00:12,  1.29s/it, total=1.684, recon=0.508, kl=0.0412]
TRAIN:  50%|███████████████████▌                   | 10/20 [00:14<00:12,  1.29s/it, total=1.612, recon=0.511, kl=0.0402]
TRAIN:  55%|█████████████████████▍                 | 11/20 [00:14<00:11,  1.32s/it, total=1.612, recon=0.511, kl=0.0402]
TRAIN:  55%|█████████████████████▍                 | 11/20 [00:15<00:11,  1.32s/it, total=1.877, recon=0.522, kl=0.0398]
TRAIN:  60%|███████████████████████▍               | 12/20 [00:15<00:10,  1.34s/it, total=1.877, recon=0.522, kl=0.0398]
TRAIN:  60%|███████████████████████▍               | 12/20 [00:16<00:10,  1.34s/it, total=1.656, recon=0.447, kl=0.0387]
TRAIN:  65%|█████████████████████████▎             | 13/20 [00:16<00:09,  1.29s/it, total=1.656, recon=0.447, kl=0.0387]
TRAIN:  65%|█████████████████████████▎             | 13/20 [00:18<00:09,  1.29s/it, total=1.719, recon=0.498, kl=0.0385]
TRAIN:  70%|███████████████████████████▎           | 14/20 [00:18<00:07,  1.29s/it, total=1.719, recon=0.498, kl=0.0385]
TRAIN:  70%|███████████████████████████▎           | 14/20 [00:19<00:07,  1.29s/it, total=1.646, recon=0.502, kl=0.0406]
TRAIN:  75%|█████████████████████████████▎         | 15/20 [00:19<00:07,  1.41s/it, total=1.646, recon=0.502, kl=0.0406]
TRAIN:  75%|█████████████████████████████▎         | 15/20 [00:20<00:07,  1.41s/it, total=1.543, recon=0.500, kl=0.0397]
TRAIN:  80%|███████████████████████████████▏       | 16/20 [00:20<00:05,  1.35s/it, total=1.543, recon=0.500, kl=0.0397]
TRAIN:  80%|███████████████████████████████▏       | 16/20 [00:22<00:05,  1.35s/it, total=1.774, recon=0.484, kl=0.0421]
TRAIN:  85%|█████████████████████████████████▏     | 17/20 [00:22<00:04,  1.33s/it, total=1.774, recon=0.484, kl=0.0421]
TRAIN:  85%|█████████████████████████████████▏     | 17/20 [00:23<00:04,  1.33s/it, total=1.630, recon=0.457, kl=0.0381]
TRAIN:  90%|███████████████████████████████████    | 18/20 [00:23<00:02,  1.31s/it, total=1.630, recon=0.457, kl=0.0381]
TRAIN:  90%|███████████████████████████████████    | 18/20 [00:24<00:02,  1.31s/it, total=1.482, recon=0.478, kl=0.0391]
TRAIN:  95%|█████████████████████████████████████  | 19/20 [00:24<00:01,  1.31s/it, total=1.482, recon=0.478, kl=0.0391]
TRAIN:  95%|█████████████████████████████████████  | 19/20 [00:25<00:01,  1.31s/it, total=1.089, recon=0.338, kl=0.0372]
TRAIN: 100%|███████████████████████████████████████| 20/20 [00:25<00:00,  1.17s/it, total=1.089, recon=0.338, kl=0.0372]
                                                                                                                        

VAL  :   0%|                                                                                      | 0/6 [00:00<?, ?it/s]
VAL  :   0%|                                                 | 0/6 [00:00<?, ?it/s, total=4.944, recon=2.188, kl=0.0392]
VAL  :  17%|██████▊                                  | 1/6 [00:00<00:01,  2.71it/s, total=4.944, recon=2.188, kl=0.0392]
VAL  :  17%|██████▊                                  | 1/6 [00:00<00:01,  2.71it/s, total=4.049, recon=1.929, kl=0.0362]
VAL  :  33%|█████████████▋                           | 2/6 [00:00<00:01,  2.68it/s, total=4.049, recon=1.929, kl=0.0362]
VAL  :  33%|█████████████▋                           | 2/6 [00:01<00:01,  2.68it/s, total=3.996, recon=1.957, kl=0.0356]
VAL  :  50%|████████████████████▌                    | 3/6 [00:01<00:01,  2.70it/s, total=3.996, recon=1.957, kl=0.0356]
VAL  :  50%|████████████████████▌                    | 3/6 [00:01<00:01,  2.70it/s, total=4.112, recon=1.893, kl=0.0365]
VAL  :  67%|███████████████████████████▎             | 4/6 [00:01<00:00,  2.71it/s, total=4.112, recon=1.893, kl=0.0365]
VAL  :  67%|███████████████████████████▎             | 4/6 [00:01<00:00,  2.71it/s, total=3.941, recon=1.903, kl=0.0384]
VAL  :  83%|██████████████████████████████████▏      | 5/6 [00:01<00:00,  2.82it/s, total=3.941, recon=1.903, kl=0.0384]
VAL  :  83%|██████████████████████████████████▏      | 5/6 [00:01<00:00,  2.82it/s, total=4.068, recon=1.664, kl=0.0380]
VAL  : 100%|█████████████████████████████████████████| 6/6 [00:01<00:00,  3.47it/s, total=4.068, recon=1.664, kl=0.0380]
                                                                                                                        

TRAIN:   0%|                                                                                     | 0/20 [00:00<?, ?it/s]
TRAIN:   0%|                                                | 0/20 [00:01<?, ?it/s, total=1.619, recon=0.476, kl=0.0391]
TRAIN:   5%|██                                      | 1/20 [00:01<00:29,  1.55s/it, total=1.619, recon=0.476, kl=0.0391]
TRAIN:   5%|██                                      | 1/20 [00:02<00:29,  1.55s/it, total=1.739, recon=0.509, kl=0.0400]
TRAIN:  10%|████                                    | 2/20 [00:02<00:26,  1.48s/it, total=1.739, recon=0.509, kl=0.0400]
TRAIN:  10%|████                                    | 2/20 [00:04<00:26,  1.48s/it, total=1.788, recon=0.471, kl=0.0388]
TRAIN:  15%|██████                                  | 3/20 [00:04<00:25,  1.48s/it, total=1.788, recon=0.471, kl=0.0388]
TRAIN:  15%|██████                                  | 3/20 [00:05<00:25,  1.48s/it, total=1.275, recon=0.420, kl=0.0392]
TRAIN:  20%|████████                                | 4/20 [00:05<00:22,  1.43s/it, total=1.275, recon=0.420, kl=0.0392]
TRAIN:  20%|████████                                | 4/20 [00:07<00:22,  1.43s/it, total=1.418, recon=0.437, kl=0.0371]
TRAIN:  25%|██████████                              | 5/20 [00:07<00:21,  1.42s/it, total=1.418, recon=0.437, kl=0.0371]
TRAIN:  25%|██████████                              | 5/20 [00:08<00:21,  1.42s/it, total=1.839, recon=0.506, kl=0.0382]
TRAIN:  30%|████████████                            | 6/20 [00:08<00:19,  1.38s/it, total=1.839, recon=0.506, kl=0.0382]
TRAIN:  30%|████████████                            | 6/20 [00:09<00:19,  1.38s/it, total=1.718, recon=0.493, kl=0.0394]
TRAIN:  35%|██████████████                          | 7/20 [00:09<00:18,  1.43s/it, total=1.718, recon=0.493, kl=0.0394]
TRAIN:  35%|██████████████                          | 7/20 [00:11<00:18,  1.43s/it, total=1.333, recon=0.428, kl=0.0383]
TRAIN:  40%|████████████████                        | 8/20 [00:11<00:17,  1.48s/it, total=1.333, recon=0.428, kl=0.0383]
TRAIN:  40%|████████████████                        | 8/20 [00:12<00:17,  1.48s/it, total=1.676, recon=0.516, kl=0.0382]
TRAIN:  45%|██████████████████                      | 9/20 [00:12<00:15,  1.43s/it, total=1.676, recon=0.516, kl=0.0382]
TRAIN:  45%|██████████████████                      | 9/20 [00:14<00:15,  1.43s/it, total=1.416, recon=0.472, kl=0.0397]
TRAIN:  50%|███████████████████▌                   | 10/20 [00:14<00:13,  1.38s/it, total=1.416, recon=0.472, kl=0.0397]
TRAIN:  50%|███████████████████▌                   | 10/20 [00:15<00:13,  1.38s/it, total=1.645, recon=0.480, kl=0.0374]
TRAIN:  55%|█████████████████████▍                 | 11/20 [00:15<00:11,  1.31s/it, total=1.645, recon=0.480, kl=0.0374]
TRAIN:  55%|█████████████████████▍                 | 11/20 [00:16<00:11,  1.31s/it, total=1.914, recon=0.522, kl=0.0385]
TRAIN:  60%|███████████████████████▍               | 12/20 [00:16<00:10,  1.29s/it, total=1.914, recon=0.522, kl=0.0385]
TRAIN:  60%|███████████████████████▍               | 12/20 [00:17<00:10,  1.29s/it, total=1.507, recon=0.456, kl=0.0377]
TRAIN:  65%|█████████████████████████▎             | 13/20 [00:17<00:09,  1.31s/it, total=1.507, recon=0.456, kl=0.0377]
TRAIN:  65%|█████████████████████████▎             | 13/20 [00:19<00:09,  1.31s/it, total=1.669, recon=0.510, kl=0.0394]
TRAIN:  70%|███████████████████████████▎           | 14/20 [00:19<00:07,  1.30s/it, total=1.669, recon=0.510, kl=0.0394]
TRAIN:  70%|███████████████████████████▎           | 14/20 [00:20<00:07,  1.30s/it, total=1.614, recon=0.463, kl=0.0400]
TRAIN:  75%|█████████████████████████████▎         | 15/20 [00:20<00:06,  1.29s/it, total=1.614, recon=0.463, kl=0.0400]
TRAIN:  75%|█████████████████████████████▎         | 15/20 [00:21<00:06,  1.29s/it, total=1.573, recon=0.470, kl=0.0388]
TRAIN:  80%|███████████████████████████████▏       | 16/20 [00:21<00:05,  1.30s/it, total=1.573, recon=0.470, kl=0.0388]
TRAIN:  80%|███████████████████████████████▏       | 16/20 [00:23<00:05,  1.30s/it, total=1.663, recon=0.470, kl=0.0378]
TRAIN:  85%|█████████████████████████████████▏     | 17/20 [00:23<00:03,  1.30s/it, total=1.663, recon=0.470, kl=0.0378]
TRAIN:  85%|█████████████████████████████████▏     | 17/20 [00:24<00:03,  1.30s/it, total=1.278, recon=0.421, kl=0.0381]
TRAIN:  90%|███████████████████████████████████    | 18/20 [00:24<00:02,  1.27s/it, total=1.278, recon=0.421, kl=0.0381]
TRAIN:  90%|███████████████████████████████████    | 18/20 [00:25<00:02,  1.27s/it, total=1.411, recon=0.399, kl=0.0372]
TRAIN:  95%|█████████████████████████████████████  | 19/20 [00:25<00:01,  1.25s/it, total=1.411, recon=0.399, kl=0.0372]
TRAIN:  95%|█████████████████████████████████████  | 19/20 [00:26<00:01,  1.25s/it, total=1.340, recon=0.426, kl=0.0395]
TRAIN: 100%|███████████████████████████████████████| 20/20 [00:26<00:00,  1.16s/it, total=1.340, recon=0.426, kl=0.0395]
                                                                                                                        

VAL  :   0%|                                                                                      | 0/6 [00:00<?, ?it/s]
VAL  :   0%|                                                 | 0/6 [00:00<?, ?it/s, total=4.831, recon=2.192, kl=0.0378]
VAL  :  17%|██████▊                                  | 1/6 [00:00<00:02,  2.32it/s, total=4.831, recon=2.192, kl=0.0378]
VAL  :  17%|██████▊                                  | 1/6 [00:00<00:02,  2.32it/s, total=4.244, recon=1.942, kl=0.0362]
VAL  :  33%|█████████████▋                           | 2/6 [00:00<00:01,  2.34it/s, total=4.244, recon=1.942, kl=0.0362]
VAL  :  33%|█████████████▋                           | 2/6 [00:01<00:01,  2.34it/s, total=4.293, recon=1.974, kl=0.0355]
VAL  :  50%|████████████████████▌                    | 3/6 [00:01<00:01,  2.49it/s, total=4.293, recon=1.974, kl=0.0355]
VAL  :  50%|████████████████████▌                    | 3/6 [00:01<00:01,  2.49it/s, total=3.919, recon=1.908, kl=0.0366]
VAL  :  67%|███████████████████████████▎             | 4/6 [00:01<00:00,  2.11it/s, total=3.919, recon=1.908, kl=0.0366]
VAL  :  67%|███████████████████████████▎             | 4/6 [00:02<00:00,  2.11it/s, total=3.992, recon=1.916, kl=0.0367]
VAL  :  83%|██████████████████████████████████▏      | 5/6 [00:02<00:00,  2.05it/s, total=3.992, recon=1.916, kl=0.0367]
VAL  :  83%|██████████████████████████████████▏      | 5/6 [00:02<00:00,  2.05it/s, total=3.704, recon=1.658, kl=0.0380]
VAL  : 100%|█████████████████████████████████████████| 6/6 [00:02<00:00,  2.58it/s, total=3.704, recon=1.658, kl=0.0380]
                                                                                                                        

TRAIN:   0%|                                                                                     | 0/20 [00:00<?, ?it/s]
TRAIN:   0%|                                                | 0/20 [00:01<?, ?it/s, total=1.680, recon=0.490, kl=0.0385]
TRAIN:   5%|██                                      | 1/20 [00:01<00:25,  1.33s/it, total=1.680, recon=0.490, kl=0.0385]
TRAIN:   5%|██                                      | 1/20 [00:02<00:25,  1.33s/it, total=1.683, recon=0.464, kl=0.0395]
TRAIN:  10%|████                                    | 2/20 [00:02<00:24,  1.34s/it, total=1.683, recon=0.464, kl=0.0395]
TRAIN:  10%|████                                    | 2/20 [00:04<00:24,  1.34s/it, total=1.520, recon=0.470, kl=0.0375]
TRAIN:  15%|██████                                  | 3/20 [00:04<00:23,  1.38s/it, total=1.520, recon=0.470, kl=0.0375]
TRAIN:  15%|██████                                  | 3/20 [00:05<00:23,  1.38s/it, total=1.660, recon=0.474, kl=0.0375]
TRAIN:  20%|████████                                | 4/20 [00:05<00:21,  1.33s/it, total=1.660, recon=0.474, kl=0.0375]
TRAIN:  20%|████████                                | 4/20 [00:06<00:21,  1.33s/it, total=1.446, recon=0.418, kl=0.0381]
TRAIN:  25%|██████████                              | 5/20 [00:06<00:19,  1.33s/it, total=1.446, recon=0.418, kl=0.0381]
TRAIN:  25%|██████████                              | 5/20 [00:07<00:19,  1.33s/it, total=1.435, recon=0.468, kl=0.0387]
TRAIN:  30%|████████████                            | 6/20 [00:07<00:18,  1.30s/it, total=1.435, recon=0.468, kl=0.0387]
TRAIN:  30%|████████████                            | 6/20 [00:09<00:18,  1.30s/it, total=1.417, recon=0.452, kl=0.0383]
TRAIN:  35%|██████████████                          | 7/20 [00:09<00:17,  1.35s/it, total=1.417, recon=0.452, kl=0.0383]
TRAIN:  35%|██████████████                          | 7/20 [00:10<00:17,  1.35s/it, total=1.648, recon=0.470, kl=0.0368]
TRAIN:  40%|████████████████                        | 8/20 [00:10<00:16,  1.41s/it, total=1.648, recon=0.470, kl=0.0368]
TRAIN:  40%|████████████████                        | 8/20 [00:12<00:16,  1.41s/it, total=1.481, recon=0.439, kl=0.0369]
TRAIN:  45%|██████████████████                      | 9/20 [00:12<00:15,  1.42s/it, total=1.481, recon=0.439, kl=0.0369]
TRAIN:  45%|██████████████████                      | 9/20 [00:13<00:15,  1.42s/it, total=1.503, recon=0.464, kl=0.0383]
TRAIN:  50%|███████████████████▌                   | 10/20 [00:13<00:14,  1.43s/it, total=1.503, recon=0.464, kl=0.0383]
TRAIN:  50%|███████████████████▌                   | 10/20 [00:15<00:14,  1.43s/it, total=1.578, recon=0.469, kl=0.0384]
TRAIN:  55%|█████████████████████▍                 | 11/20 [00:15<00:12,  1.43s/it, total=1.578, recon=0.469, kl=0.0384]
TRAIN:  55%|█████████████████████▍                 | 11/20 [00:16<00:12,  1.43s/it, total=1.417, recon=0.441, kl=0.0379]
TRAIN:  60%|███████████████████████▍               | 12/20 [00:16<00:10,  1.37s/it, total=1.417, recon=0.441, kl=0.0379]
TRAIN:  60%|███████████████████████▍               | 12/20 [00:18<00:10,  1.37s/it, total=1.851, recon=0.567, kl=0.0399]
TRAIN:  65%|█████████████████████████▎             | 13/20 [00:18<00:09,  1.41s/it, total=1.851, recon=0.567, kl=0.0399]
TRAIN:  65%|█████████████████████████▎             | 13/20 [00:19<00:09,  1.41s/it, total=1.615, recon=0.471, kl=0.0377]
TRAIN:  70%|███████████████████████████▎           | 14/20 [00:19<00:08,  1.40s/it, total=1.615, recon=0.471, kl=0.0377]
TRAIN:  70%|███████████████████████████▎           | 14/20 [00:20<00:08,  1.40s/it, total=1.630, recon=0.517, kl=0.0376]
TRAIN:  75%|█████████████████████████████▎         | 15/20 [00:20<00:07,  1.42s/it, total=1.630, recon=0.517, kl=0.0376]
TRAIN:  75%|█████████████████████████████▎         | 15/20 [00:22<00:07,  1.42s/it, total=1.391, recon=0.417, kl=0.0383]
TRAIN:  80%|███████████████████████████████▏       | 16/20 [00:22<00:05,  1.40s/it, total=1.391, recon=0.417, kl=0.0383]
TRAIN:  80%|███████████████████████████████▏       | 16/20 [00:23<00:05,  1.40s/it, total=1.591, recon=0.490, kl=0.0379]
TRAIN:  85%|█████████████████████████████████▏     | 17/20 [00:23<00:04,  1.41s/it, total=1.591, recon=0.490, kl=0.0379]
TRAIN:  85%|█████████████████████████████████▏     | 17/20 [00:25<00:04,  1.41s/it, total=1.560, recon=0.411, kl=0.0381]
TRAIN:  90%|███████████████████████████████████    | 18/20 [00:25<00:02,  1.45s/it, total=1.560, recon=0.411, kl=0.0381]
TRAIN:  90%|███████████████████████████████████    | 18/20 [00:26<00:02,  1.45s/it, total=1.464, recon=0.483, kl=0.0386]
TRAIN:  95%|█████████████████████████████████████  | 19/20 [00:26<00:01,  1.42s/it, total=1.464, recon=0.483, kl=0.0386]
TRAIN:  95%|█████████████████████████████████████  | 19/20 [00:27<00:01,  1.42s/it, total=1.655, recon=0.471, kl=0.0386]
TRAIN: 100%|███████████████████████████████████████| 20/20 [00:27<00:00,  1.23s/it, total=1.655, recon=0.471, kl=0.0386]
                                                                                                                        

VAL  :   0%|                                                                                      | 0/6 [00:00<?, ?it/s]
VAL  :   0%|                                                 | 0/6 [00:00<?, ?it/s, total=4.842, recon=2.219, kl=0.0383]
VAL  :  17%|██████▊                                  | 1/6 [00:00<00:02,  1.77it/s, total=4.842, recon=2.219, kl=0.0383]
VAL  :  17%|██████▊                                  | 1/6 [00:01<00:02,  1.77it/s, total=4.162, recon=1.950, kl=0.0353]
VAL  :  33%|█████████████▋                           | 2/6 [00:01<00:02,  1.81it/s, total=4.162, recon=1.950, kl=0.0353]
VAL  :  33%|█████████████▋                           | 2/6 [00:01<00:02,  1.81it/s, total=4.506, recon=1.973, kl=0.0354]
VAL  :  50%|████████████████████▌                    | 3/6 [00:01<00:01,  1.99it/s, total=4.506, recon=1.973, kl=0.0354]
VAL  :  50%|████████████████████▌                    | 3/6 [00:01<00:01,  1.99it/s, total=4.473, recon=1.927, kl=0.0355]
VAL  :  67%|███████████████████████████▎             | 4/6 [00:01<00:01,  1.98it/s, total=4.473, recon=1.927, kl=0.0355]
VAL  :  67%|███████████████████████████▎             | 4/6 [00:02<00:01,  1.98it/s, total=4.138, recon=1.921, kl=0.0370]
VAL  :  83%|██████████████████████████████████▏      | 5/6 [00:02<00:00,  2.15it/s, total=4.138, recon=1.921, kl=0.0370]
VAL  :  83%|██████████████████████████████████▏      | 5/6 [00:02<00:00,  2.15it/s, total=3.579, recon=1.677, kl=0.0346]
VAL  : 100%|█████████████████████████████████████████| 6/6 [00:02<00:00,  2.74it/s, total=3.579, recon=1.677, kl=0.0346]
                                                                                                                        

TRAIN:   0%|                                                                                     | 0/20 [00:00<?, ?it/s]
TRAIN:   0%|                                                | 0/20 [00:01<?, ?it/s, total=1.636, recon=0.459, kl=0.0384]
TRAIN:   5%|██                                      | 1/20 [00:01<00:24,  1.29s/it, total=1.636, recon=0.459, kl=0.0384]
TRAIN:   5%|██                                      | 1/20 [00:02<00:24,  1.29s/it, total=1.626, recon=0.521, kl=0.0378]
TRAIN:  10%|████                                    | 2/20 [00:02<00:24,  1.34s/it, total=1.626, recon=0.521, kl=0.0378]
TRAIN:  10%|████                                    | 2/20 [00:04<00:24,  1.34s/it, total=1.668, recon=0.480, kl=0.0378]
TRAIN:  15%|██████                                  | 3/20 [00:04<00:22,  1.32s/it, total=1.668, recon=0.480, kl=0.0378]
TRAIN:  15%|██████                                  | 3/20 [00:05<00:22,  1.32s/it, total=1.727, recon=0.462, kl=0.0382]
TRAIN:  20%|████████                                | 4/20 [00:05<00:20,  1.30s/it, total=1.727, recon=0.462, kl=0.0382]
TRAIN:  20%|████████                                | 4/20 [00:06<00:20,  1.30s/it, total=1.489, recon=0.505, kl=0.0405]
TRAIN:  25%|██████████                              | 5/20 [00:06<00:19,  1.29s/it, total=1.489, recon=0.505, kl=0.0405]
TRAIN:  25%|██████████                              | 5/20 [00:07<00:19,  1.29s/it, total=1.545, recon=0.489, kl=0.0394]
TRAIN:  30%|████████████                            | 6/20 [00:07<00:18,  1.30s/it, total=1.545, recon=0.489, kl=0.0394]
TRAIN:  30%|████████████                            | 6/20 [00:09<00:18,  1.30s/it, total=1.562, recon=0.464, kl=0.0378]
TRAIN:  35%|██████████████                          | 7/20 [00:09<00:16,  1.26s/it, total=1.562, recon=0.464, kl=0.0378]
TRAIN:  35%|██████████████                          | 7/20 [00:10<00:16,  1.26s/it, total=1.515, recon=0.450, kl=0.0368]
TRAIN:  40%|████████████████                        | 8/20 [00:10<00:14,  1.25s/it, total=1.515, recon=0.450, kl=0.0368]
TRAIN:  40%|████████████████                        | 8/20 [00:11<00:14,  1.25s/it, total=1.576, recon=0.458, kl=0.0372]
TRAIN:  45%|██████████████████                      | 9/20 [00:11<00:13,  1.25s/it, total=1.576, recon=0.458, kl=0.0372]
TRAIN:  45%|██████████████████                      | 9/20 [00:12<00:13,  1.25s/it, total=1.455, recon=0.440, kl=0.0365]
TRAIN:  50%|███████████████████▌                   | 10/20 [00:12<00:12,  1.26s/it, total=1.455, recon=0.440, kl=0.0365]
TRAIN:  50%|███████████████████▌                   | 10/20 [00:14<00:12,  1.26s/it, total=1.622, recon=0.458, kl=0.0389]
TRAIN:  55%|█████████████████████▍                 | 11/20 [00:14<00:11,  1.28s/it, total=1.622, recon=0.458, kl=0.0389]
TRAIN:  55%|█████████████████████▍                 | 11/20 [00:15<00:11,  1.28s/it, total=1.446, recon=0.430, kl=0.0364]
TRAIN:  60%|███████████████████████▍               | 12/20 [00:15<00:10,  1.26s/it, total=1.446, recon=0.430, kl=0.0364]
TRAIN:  60%|███████████████████████▍               | 12/20 [00:16<00:10,  1.26s/it, total=1.644, recon=0.447, kl=0.0377]
TRAIN:  65%|█████████████████████████▎             | 13/20 [00:16<00:08,  1.25s/it, total=1.644, recon=0.447, kl=0.0377]
TRAIN:  65%|█████████████████████████▎             | 13/20 [00:17<00:08,  1.25s/it, total=1.563, recon=0.499, kl=0.0377]
TRAIN:  70%|███████████████████████████▎           | 14/20 [00:17<00:07,  1.24s/it, total=1.563, recon=0.499, kl=0.0377]
TRAIN:  70%|███████████████████████████▎           | 14/20 [00:18<00:07,  1.24s/it, total=1.755, recon=0.472, kl=0.0408]
TRAIN:  75%|█████████████████████████████▎         | 15/20 [00:18<00:06,  1.23s/it, total=1.755, recon=0.472, kl=0.0408]
TRAIN:  75%|█████████████████████████████▎         | 15/20 [00:20<00:06,  1.23s/it, total=1.568, recon=0.467, kl=0.0396]
TRAIN:  80%|███████████████████████████████▏       | 16/20 [00:20<00:04,  1.24s/it, total=1.568, recon=0.467, kl=0.0396]
TRAIN:  80%|███████████████████████████████▏       | 16/20 [00:21<00:04,  1.24s/it, total=1.252, recon=0.419, kl=0.0365]
TRAIN:  85%|█████████████████████████████████▏     | 17/20 [00:21<00:03,  1.25s/it, total=1.252, recon=0.419, kl=0.0365]
TRAIN:  85%|█████████████████████████████████▏     | 17/20 [00:22<00:03,  1.25s/it, total=1.424, recon=0.440, kl=0.0374]
TRAIN:  90%|███████████████████████████████████    | 18/20 [00:22<00:02,  1.24s/it, total=1.424, recon=0.440, kl=0.0374]
TRAIN:  90%|███████████████████████████████████    | 18/20 [00:23<00:02,  1.24s/it, total=1.626, recon=0.468, kl=0.0363]
TRAIN:  95%|█████████████████████████████████████  | 19/20 [00:23<00:01,  1.24s/it, total=1.626, recon=0.468, kl=0.0363]
TRAIN:  95%|█████████████████████████████████████  | 19/20 [00:24<00:01,  1.24s/it, total=1.675, recon=0.476, kl=0.0394]
TRAIN: 100%|███████████████████████████████████████| 20/20 [00:24<00:00,  1.10s/it, total=1.675, recon=0.476, kl=0.0394]
                                                                                                                        

VAL  :   0%|                                                                                      | 0/6 [00:00<?, ?it/s]
VAL  :   0%|                                                 | 0/6 [00:00<?, ?it/s, total=4.741, recon=2.208, kl=0.0376]
VAL  :  17%|██████▊                                  | 1/6 [00:00<00:02,  1.82it/s, total=4.741, recon=2.208, kl=0.0376]
VAL  :  17%|██████▊                                  | 1/6 [00:01<00:02,  1.82it/s, total=4.075, recon=1.924, kl=0.0357]
VAL  :  33%|█████████████▋                           | 2/6 [00:01<00:02,  1.90it/s, total=4.075, recon=1.924, kl=0.0357]
VAL  :  33%|█████████████▋                           | 2/6 [00:01<00:02,  1.90it/s, total=4.033, recon=1.974, kl=0.0336]
VAL  :  50%|████████████████████▌                    | 3/6 [00:01<00:01,  2.10it/s, total=4.033, recon=1.974, kl=0.0336]
VAL  :  50%|████████████████████▌                    | 3/6 [00:01<00:01,  2.10it/s, total=4.041, recon=1.904, kl=0.0350]
VAL  :  67%|███████████████████████████▎             | 4/6 [00:01<00:00,  2.17it/s, total=4.041, recon=1.904, kl=0.0350]
VAL  :  67%|███████████████████████████▎             | 4/6 [00:02<00:00,  2.17it/s, total=4.096, recon=1.901, kl=0.0363]
VAL  :  83%|██████████████████████████████████▏      | 5/6 [00:02<00:00,  2.32it/s, total=4.096, recon=1.901, kl=0.0363]
VAL  :  83%|██████████████████████████████████▏      | 5/6 [00:02<00:00,  2.32it/s, total=3.651, recon=1.682, kl=0.0340]
VAL  : 100%|█████████████████████████████████████████| 6/6 [00:02<00:00,  2.94it/s, total=3.651, recon=1.682, kl=0.0340]
                                                                                                                        

TRAIN:   0%|                                                                                     | 0/20 [00:00<?, ?it/s]
TRAIN:   0%|                                                | 0/20 [00:01<?, ?it/s, total=1.499, recon=0.453, kl=0.0360]
TRAIN:   5%|██                                      | 1/20 [00:01<00:23,  1.23s/it, total=1.499, recon=0.453, kl=0.0360]
TRAIN:   5%|██                                      | 1/20 [00:02<00:23,  1.23s/it, total=1.490, recon=0.451, kl=0.0351]
TRAIN:  10%|████                                    | 2/20 [00:02<00:22,  1.25s/it, total=1.490, recon=0.451, kl=0.0351]
TRAIN:  10%|████                                    | 2/20 [00:03<00:22,  1.25s/it, total=1.732, recon=0.459, kl=0.0390]
TRAIN:  15%|██████                                  | 3/20 [00:03<00:21,  1.25s/it, total=1.732, recon=0.459, kl=0.0390]
TRAIN:  15%|██████                                  | 3/20 [00:05<00:21,  1.25s/it, total=1.604, recon=0.520, kl=0.0384]
TRAIN:  20%|████████                                | 4/20 [00:05<00:19,  1.25s/it, total=1.604, recon=0.520, kl=0.0384]
TRAIN:  20%|████████                                | 4/20 [00:06<00:19,  1.25s/it, total=1.761, recon=0.483, kl=0.0371]
TRAIN:  25%|██████████                              | 5/20 [00:06<00:18,  1.23s/it, total=1.761, recon=0.483, kl=0.0371]
TRAIN:  25%|██████████                              | 5/20 [00:07<00:18,  1.23s/it, total=1.468, recon=0.434, kl=0.0360]
TRAIN:  30%|████████████                            | 6/20 [00:07<00:17,  1.24s/it, total=1.468, recon=0.434, kl=0.0360]
TRAIN:  30%|████████████                            | 6/20 [00:08<00:17,  1.24s/it, total=1.412, recon=0.445, kl=0.0360]
TRAIN:  35%|██████████████                          | 7/20 [00:08<00:15,  1.22s/it, total=1.412, recon=0.445, kl=0.0360]
TRAIN:  35%|██████████████                          | 7/20 [00:09<00:15,  1.22s/it, total=1.559, recon=0.442, kl=0.0383]
TRAIN:  40%|████████████████                        | 8/20 [00:09<00:14,  1.24s/it, total=1.559, recon=0.442, kl=0.0383]
TRAIN:  40%|████████████████                        | 8/20 [00:11<00:14,  1.24s/it, total=1.450, recon=0.494, kl=0.0387]
TRAIN:  45%|██████████████████                      | 9/20 [00:11<00:13,  1.24s/it, total=1.450, recon=0.494, kl=0.0387]
TRAIN:  45%|██████████████████                      | 9/20 [00:12<00:13,  1.24s/it, total=1.479, recon=0.451, kl=0.0367]
TRAIN:  50%|███████████████████▌                   | 10/20 [00:12<00:12,  1.25s/it, total=1.479, recon=0.451, kl=0.0367]
TRAIN:  50%|███████████████████▌                   | 10/20 [00:13<00:12,  1.25s/it, total=1.711, recon=0.505, kl=0.0373]
TRAIN:  55%|█████████████████████▍                 | 11/20 [00:13<00:11,  1.26s/it, total=1.711, recon=0.505, kl=0.0373]
TRAIN:  55%|█████████████████████▍                 | 11/20 [00:15<00:11,  1.26s/it, total=1.828, recon=0.500, kl=0.0367]
TRAIN:  60%|███████████████████████▍               | 12/20 [00:15<00:10,  1.29s/it, total=1.828, recon=0.500, kl=0.0367]
TRAIN:  60%|███████████████████████▍               | 12/20 [00:16<00:10,  1.29s/it, total=1.568, recon=0.472, kl=0.0368]
TRAIN:  65%|█████████████████████████▎             | 13/20 [00:16<00:08,  1.28s/it, total=1.568, recon=0.472, kl=0.0368]
TRAIN:  65%|█████████████████████████▎             | 13/20 [00:17<00:08,  1.28s/it, total=1.642, recon=0.417, kl=0.0360]
TRAIN:  70%|███████████████████████████▎           | 14/20 [00:17<00:07,  1.29s/it, total=1.642, recon=0.417, kl=0.0360]
TRAIN:  70%|███████████████████████████▎           | 14/20 [00:19<00:07,  1.29s/it, total=1.509, recon=0.428, kl=0.0344]
TRAIN:  75%|█████████████████████████████▎         | 15/20 [00:19<00:06,  1.37s/it, total=1.509, recon=0.428, kl=0.0344]
TRAIN:  75%|█████████████████████████████▎         | 15/20 [00:20<00:06,  1.37s/it, total=1.742, recon=0.484, kl=0.0389]
TRAIN:  80%|███████████████████████████████▏       | 16/20 [00:20<00:05,  1.37s/it, total=1.742, recon=0.484, kl=0.0389]
TRAIN:  80%|███████████████████████████████▏       | 16/20 [00:22<00:05,  1.37s/it, total=1.813, recon=0.475, kl=0.0373]
TRAIN:  85%|█████████████████████████████████▏     | 17/20 [00:22<00:04,  1.40s/it, total=1.813, recon=0.475, kl=0.0373]
TRAIN:  85%|█████████████████████████████████▏     | 17/20 [00:23<00:04,  1.40s/it, total=1.328, recon=0.428, kl=0.0366]
TRAIN:  90%|███████████████████████████████████    | 18/20 [00:23<00:02,  1.35s/it, total=1.328, recon=0.428, kl=0.0366]
TRAIN:  90%|███████████████████████████████████    | 18/20 [00:24<00:02,  1.35s/it, total=1.511, recon=0.469, kl=0.0365]
TRAIN:  95%|█████████████████████████████████████  | 19/20 [00:24<00:01,  1.39s/it, total=1.511, recon=0.469, kl=0.0365]
TRAIN:  95%|█████████████████████████████████████  | 19/20 [00:25<00:01,  1.39s/it, total=1.264, recon=0.403, kl=0.0372]
TRAIN: 100%|███████████████████████████████████████| 20/20 [00:25<00:00,  1.23s/it, total=1.264, recon=0.403, kl=0.0372]
                                                                                                                        

VAL  :   0%|                                                                                      | 0/6 [00:00<?, ?it/s]
VAL  :   0%|                                                 | 0/6 [00:00<?, ?it/s, total=4.905, recon=2.201, kl=0.0359]
VAL  :  17%|██████▊                                  | 1/6 [00:00<00:02,  2.30it/s, total=4.905, recon=2.201, kl=0.0359]
VAL  :  17%|██████▊                                  | 1/6 [00:00<00:02,  2.30it/s, total=4.116, recon=1.949, kl=0.0342]
VAL  :  33%|█████████████▋                           | 2/6 [00:00<00:01,  2.19it/s, total=4.116, recon=1.949, kl=0.0342]
VAL  :  33%|█████████████▋                           | 2/6 [00:01<00:01,  2.19it/s, total=4.062, recon=1.952, kl=0.0331]
VAL  :  50%|████████████████████▌                    | 3/6 [00:01<00:01,  2.28it/s, total=4.062, recon=1.952, kl=0.0331]
VAL  :  50%|████████████████████▌                    | 3/6 [00:01<00:01,  2.28it/s, total=4.332, recon=1.906, kl=0.0339]
VAL  :  67%|███████████████████████████▎             | 4/6 [00:01<00:00,  2.13it/s, total=4.332, recon=1.906, kl=0.0339]
VAL  :  67%|███████████████████████████▎             | 4/6 [00:02<00:00,  2.13it/s, total=4.139, recon=1.916, kl=0.0353]
VAL  :  83%|██████████████████████████████████▏      | 5/6 [00:02<00:00,  2.29it/s, total=4.139, recon=1.916, kl=0.0353]
VAL  :  83%|██████████████████████████████████▏      | 5/6 [00:02<00:00,  2.29it/s, total=3.530, recon=1.673, kl=0.0333]
VAL  : 100%|█████████████████████████████████████████| 6/6 [00:02<00:00,  2.87it/s, total=3.530, recon=1.673, kl=0.0333]
                                                                                                                        

TRAIN:   0%|                                                                                     | 0/20 [00:00<?, ?it/s]
TRAIN:   0%|                                                | 0/20 [00:01<?, ?it/s, total=1.680, recon=0.474, kl=0.0388]
TRAIN:   5%|██                                      | 1/20 [00:01<00:24,  1.31s/it, total=1.680, recon=0.474, kl=0.0388]
TRAIN:   5%|██                                      | 1/20 [00:02<00:24,  1.31s/it, total=1.595, recon=0.447, kl=0.0356]
TRAIN:  10%|████                                    | 2/20 [00:02<00:23,  1.28s/it, total=1.595, recon=0.447, kl=0.0356]
TRAIN:  10%|████                                    | 2/20 [00:03<00:23,  1.28s/it, total=1.881, recon=0.508, kl=0.0379]
TRAIN:  15%|██████                                  | 3/20 [00:03<00:22,  1.32s/it, total=1.881, recon=0.508, kl=0.0379]
TRAIN:  15%|██████                                  | 3/20 [00:05<00:22,  1.32s/it, total=1.494, recon=0.419, kl=0.0352]
TRAIN:  20%|████████                                | 4/20 [00:05<00:21,  1.34s/it, total=1.494, recon=0.419, kl=0.0352]
TRAIN:  20%|████████                                | 4/20 [00:06<00:21,  1.34s/it, total=1.397, recon=0.434, kl=0.0352]
TRAIN:  25%|██████████                              | 5/20 [00:06<00:20,  1.36s/it, total=1.397, recon=0.434, kl=0.0352]
TRAIN:  25%|██████████                              | 5/20 [00:07<00:20,  1.36s/it, total=1.717, recon=0.509, kl=0.0363]
TRAIN:  30%|████████████                            | 6/20 [00:07<00:18,  1.31s/it, total=1.717, recon=0.509, kl=0.0363]
TRAIN:  30%|████████████                            | 6/20 [00:09<00:18,  1.31s/it, total=1.443, recon=0.442, kl=0.0355]
TRAIN:  35%|██████████████                          | 7/20 [00:09<00:16,  1.30s/it, total=1.443, recon=0.442, kl=0.0355]
TRAIN:  35%|██████████████                          | 7/20 [00:10<00:16,  1.30s/it, total=1.738, recon=0.492, kl=0.0372]
TRAIN:  40%|████████████████                        | 8/20 [00:10<00:15,  1.32s/it, total=1.738, recon=0.492, kl=0.0372]
TRAIN:  40%|████████████████                        | 8/20 [00:11<00:15,  1.32s/it, total=1.427, recon=0.418, kl=0.0362]
TRAIN:  45%|██████████████████                      | 9/20 [00:11<00:14,  1.34s/it, total=1.427, recon=0.418, kl=0.0362]
TRAIN:  45%|██████████████████                      | 9/20 [00:13<00:14,  1.34s/it, total=1.307, recon=0.438, kl=0.0361]
TRAIN:  50%|███████████████████▌                   | 10/20 [00:13<00:13,  1.33s/it, total=1.307, recon=0.438, kl=0.0361]
TRAIN:  50%|███████████████████▌                   | 10/20 [00:14<00:13,  1.33s/it, total=1.561, recon=0.470, kl=0.0361]
TRAIN:  55%|█████████████████████▍                 | 11/20 [00:14<00:12,  1.39s/it, total=1.561, recon=0.470, kl=0.0361]
TRAIN:  55%|█████████████████████▍                 | 11/20 [00:16<00:12,  1.39s/it, total=1.826, recon=0.429, kl=0.0379]
TRAIN:  60%|███████████████████████▍               | 12/20 [00:16<00:10,  1.35s/it, total=1.826, recon=0.429, kl=0.0379]
TRAIN:  60%|███████████████████████▍               | 12/20 [00:17<00:10,  1.35s/it, total=1.326, recon=0.469, kl=0.0374]
TRAIN:  65%|█████████████████████████▎             | 13/20 [00:17<00:09,  1.38s/it, total=1.326, recon=0.469, kl=0.0374]
TRAIN:  65%|█████████████████████████▎             | 13/20 [00:18<00:09,  1.38s/it, total=1.545, recon=0.447, kl=0.0373]
TRAIN:  70%|███████████████████████████▎           | 14/20 [00:18<00:08,  1.35s/it, total=1.545, recon=0.447, kl=0.0373]
TRAIN:  70%|███████████████████████████▎           | 14/20 [00:20<00:08,  1.35s/it, total=1.399, recon=0.463, kl=0.0394]
TRAIN:  75%|█████████████████████████████▎         | 15/20 [00:20<00:06,  1.34s/it, total=1.399, recon=0.463, kl=0.0394]
TRAIN:  75%|█████████████████████████████▎         | 15/20 [00:21<00:06,  1.34s/it, total=1.468, recon=0.434, kl=0.0377]
TRAIN:  80%|███████████████████████████████▏       | 16/20 [00:21<00:05,  1.35s/it, total=1.468, recon=0.434, kl=0.0377]
TRAIN:  80%|███████████████████████████████▏       | 16/20 [00:22<00:05,  1.35s/it, total=1.499, recon=0.444, kl=0.0364]
TRAIN:  85%|█████████████████████████████████▏     | 17/20 [00:22<00:04,  1.39s/it, total=1.499, recon=0.444, kl=0.0364]
TRAIN:  85%|█████████████████████████████████▏     | 17/20 [00:24<00:04,  1.39s/it, total=1.574, recon=0.456, kl=0.0352]
TRAIN:  90%|███████████████████████████████████    | 18/20 [00:24<00:02,  1.39s/it, total=1.574, recon=0.456, kl=0.0352]
TRAIN:  90%|███████████████████████████████████    | 18/20 [00:25<00:02,  1.39s/it, total=1.568, recon=0.483, kl=0.0364]
TRAIN:  95%|█████████████████████████████████████  | 19/20 [00:25<00:01,  1.41s/it, total=1.568, recon=0.483, kl=0.0364]
TRAIN:  95%|█████████████████████████████████████  | 19/20 [00:26<00:01,  1.41s/it, total=1.854, recon=0.574, kl=0.0367]
TRAIN: 100%|███████████████████████████████████████| 20/20 [00:26<00:00,  1.26s/it, total=1.854, recon=0.574, kl=0.0367]
                                                                                                                        

VAL  :   0%|                                                                                      | 0/6 [00:00<?, ?it/s]
VAL  :   0%|                                                 | 0/6 [00:00<?, ?it/s, total=4.581, recon=2.214, kl=0.0375]
VAL  :  17%|██████▊                                  | 1/6 [00:00<00:01,  2.75it/s, total=4.581, recon=2.214, kl=0.0375]
VAL  :  17%|██████▊                                  | 1/6 [00:00<00:01,  2.75it/s, total=4.238, recon=1.953, kl=0.0342]
VAL  :  33%|█████████████▋                           | 2/6 [00:00<00:01,  2.39it/s, total=4.238, recon=1.953, kl=0.0342]
VAL  :  33%|█████████████▋                           | 2/6 [00:01<00:01,  2.39it/s, total=4.256, recon=1.961, kl=0.0333]
VAL  :  50%|████████████████████▌                    | 3/6 [00:01<00:01,  2.39it/s, total=4.256, recon=1.961, kl=0.0333]
VAL  :  50%|████████████████████▌                    | 3/6 [00:01<00:01,  2.39it/s, total=4.227, recon=1.901, kl=0.0340]
VAL  :  67%|███████████████████████████▎             | 4/6 [00:01<00:00,  2.44it/s, total=4.227, recon=1.901, kl=0.0340]
VAL  :  67%|███████████████████████████▎             | 4/6 [00:02<00:00,  2.44it/s, total=4.024, recon=1.937, kl=0.0359]
VAL  :  83%|██████████████████████████████████▏      | 5/6 [00:02<00:00,  2.29it/s, total=4.024, recon=1.937, kl=0.0359]
VAL  :  83%|██████████████████████████████████▏      | 5/6 [00:02<00:00,  2.29it/s, total=3.526, recon=1.650, kl=0.0336]
VAL  : 100%|█████████████████████████████████████████| 6/6 [00:02<00:00,  2.88it/s, total=3.526, recon=1.650, kl=0.0336]
                                                                                                                        

TRAIN:   0%|                                                                                     | 0/20 [00:00<?, ?it/s]
TRAIN:   0%|                                                | 0/20 [00:01<?, ?it/s, total=1.635, recon=0.440, kl=0.0352]
TRAIN:   5%|██                                      | 1/20 [00:01<00:28,  1.52s/it, total=1.635, recon=0.440, kl=0.0352]
TRAIN:   5%|██                                      | 1/20 [00:02<00:28,  1.52s/it, total=1.594, recon=0.457, kl=0.0369]
TRAIN:  10%|████                                    | 2/20 [00:02<00:26,  1.45s/it, total=1.594, recon=0.457, kl=0.0369]
TRAIN:  10%|████                                    | 2/20 [00:04<00:26,  1.45s/it, total=1.393, recon=0.463, kl=0.0360]
TRAIN:  15%|██████                                  | 3/20 [00:04<00:23,  1.40s/it, total=1.393, recon=0.463, kl=0.0360]
TRAIN:  15%|██████                                  | 3/20 [00:05<00:23,  1.40s/it, total=1.195, recon=0.410, kl=0.0358]
TRAIN:  20%|████████                                | 4/20 [00:05<00:22,  1.42s/it, total=1.195, recon=0.410, kl=0.0358]
TRAIN:  20%|████████                                | 4/20 [00:07<00:22,  1.42s/it, total=1.506, recon=0.510, kl=0.0357]
TRAIN:  25%|██████████                              | 5/20 [00:07<00:21,  1.44s/it, total=1.506, recon=0.510, kl=0.0357]
TRAIN:  25%|██████████                              | 5/20 [00:08<00:21,  1.44s/it, total=1.519, recon=0.441, kl=0.0364]
TRAIN:  30%|████████████                            | 6/20 [00:08<00:21,  1.50s/it, total=1.519, recon=0.441, kl=0.0364]
TRAIN:  30%|████████████                            | 6/20 [00:09<00:21,  1.50s/it, total=1.357, recon=0.430, kl=0.0371]
TRAIN:  35%|██████████████                          | 7/20 [00:09<00:18,  1.43s/it, total=1.357, recon=0.430, kl=0.0371]
TRAIN:  35%|██████████████                          | 7/20 [00:11<00:18,  1.43s/it, total=1.590, recon=0.459, kl=0.0351]
TRAIN:  40%|████████████████                        | 8/20 [00:11<00:17,  1.50s/it, total=1.590, recon=0.459, kl=0.0351]
TRAIN:  40%|████████████████                        | 8/20 [00:12<00:17,  1.50s/it, total=1.405, recon=0.477, kl=0.0363]
TRAIN:  45%|██████████████████                      | 9/20 [00:12<00:15,  1.41s/it, total=1.405, recon=0.477, kl=0.0363]
TRAIN:  45%|██████████████████                      | 9/20 [00:14<00:15,  1.41s/it, total=1.535, recon=0.466, kl=0.0365]
TRAIN:  50%|███████████████████▌                   | 10/20 [00:14<00:14,  1.41s/it, total=1.535, recon=0.466, kl=0.0365]
TRAIN:  50%|███████████████████▌                   | 10/20 [00:15<00:14,  1.41s/it, total=1.654, recon=0.519, kl=0.0380]
TRAIN:  55%|█████████████████████▍                 | 11/20 [00:15<00:12,  1.37s/it, total=1.654, recon=0.519, kl=0.0380]
TRAIN:  55%|█████████████████████▍                 | 11/20 [00:16<00:12,  1.37s/it, total=1.726, recon=0.489, kl=0.0372]
TRAIN:  60%|███████████████████████▍               | 12/20 [00:16<00:10,  1.33s/it, total=1.726, recon=0.489, kl=0.0372]
TRAIN:  60%|███████████████████████▍               | 12/20 [00:17<00:10,  1.33s/it, total=1.580, recon=0.439, kl=0.0355]
TRAIN:  65%|█████████████████████████▎             | 13/20 [00:17<00:09,  1.30s/it, total=1.580, recon=0.439, kl=0.0355]
TRAIN:  65%|█████████████████████████▎             | 13/20 [00:19<00:09,  1.30s/it, total=1.513, recon=0.471, kl=0.0360]
TRAIN:  70%|███████████████████████████▎           | 14/20 [00:19<00:07,  1.30s/it, total=1.513, recon=0.471, kl=0.0360]
TRAIN:  70%|███████████████████████████▎           | 14/20 [00:20<00:07,  1.30s/it, total=1.574, recon=0.461, kl=0.0360]
TRAIN:  75%|█████████████████████████████▎         | 15/20 [00:20<00:06,  1.29s/it, total=1.574, recon=0.461, kl=0.0360]
TRAIN:  75%|█████████████████████████████▎         | 15/20 [00:21<00:06,  1.29s/it, total=1.303, recon=0.372, kl=0.0336]
TRAIN:  80%|███████████████████████████████▏       | 16/20 [00:21<00:05,  1.27s/it, total=1.303, recon=0.372, kl=0.0336]
TRAIN:  80%|███████████████████████████████▏       | 16/20 [00:22<00:05,  1.27s/it, total=1.444, recon=0.434, kl=0.0372]
TRAIN:  85%|█████████████████████████████████▏     | 17/20 [00:22<00:03,  1.23s/it, total=1.444, recon=0.434, kl=0.0372]
TRAIN:  85%|█████████████████████████████████▏     | 17/20 [00:23<00:03,  1.23s/it, total=1.263, recon=0.443, kl=0.0362]
TRAIN:  90%|███████████████████████████████████    | 18/20 [00:23<00:02,  1.19s/it, total=1.263, recon=0.443, kl=0.0362]
TRAIN:  90%|███████████████████████████████████    | 18/20 [00:25<00:02,  1.19s/it, total=1.620, recon=0.499, kl=0.0373]
TRAIN:  95%|█████████████████████████████████████  | 19/20 [00:25<00:01,  1.19s/it, total=1.620, recon=0.499, kl=0.0373]
TRAIN:  95%|█████████████████████████████████████  | 19/20 [00:25<00:01,  1.19s/it, total=1.536, recon=0.465, kl=0.0368]
TRAIN: 100%|███████████████████████████████████████| 20/20 [00:25<00:00,  1.07s/it, total=1.536, recon=0.465, kl=0.0368]
                                                                                                                        

VAL  :   0%|                                                                                      | 0/6 [00:00<?, ?it/s]
VAL  :   0%|                                                 | 0/6 [00:00<?, ?it/s, total=4.733, recon=2.210, kl=0.0350]
VAL  :  17%|██████▊                                  | 1/6 [00:00<00:01,  2.62it/s, total=4.733, recon=2.210, kl=0.0350]
VAL  :  17%|██████▊                                  | 1/6 [00:00<00:01,  2.62it/s, total=4.080, recon=1.957, kl=0.0338]
VAL  :  33%|█████████████▋                           | 2/6 [00:00<00:01,  2.48it/s, total=4.080, recon=1.957, kl=0.0338]
VAL  :  33%|█████████████▋                           | 2/6 [00:01<00:01,  2.48it/s, total=4.269, recon=1.977, kl=0.0337]
VAL  :  50%|████████████████████▌                    | 3/6 [00:01<00:01,  2.50it/s, total=4.269, recon=1.977, kl=0.0337]
VAL  :  50%|████████████████████▌                    | 3/6 [00:01<00:01,  2.50it/s, total=4.221, recon=1.905, kl=0.0332]
VAL  :  67%|███████████████████████████▎             | 4/6 [00:01<00:00,  2.51it/s, total=4.221, recon=1.905, kl=0.0332]
VAL  :  67%|███████████████████████████▎             | 4/6 [00:01<00:00,  2.51it/s, total=4.064, recon=1.929, kl=0.0348]
VAL  :  83%|██████████████████████████████████▏      | 5/6 [00:01<00:00,  2.61it/s, total=4.064, recon=1.929, kl=0.0348]
VAL  :  83%|██████████████████████████████████▏      | 5/6 [00:02<00:00,  2.61it/s, total=3.669, recon=1.665, kl=0.0349]
VAL  : 100%|█████████████████████████████████████████| 6/6 [00:02<00:00,  3.18it/s, total=3.669, recon=1.665, kl=0.0349]
                                                                                                                        

TRAIN:   0%|                                                                                     | 0/20 [00:00<?, ?it/s]
TRAIN:   0%|                                                | 0/20 [00:01<?, ?it/s, total=1.574, recon=0.465, kl=0.0362]
TRAIN:   5%|██                                      | 1/20 [00:01<00:25,  1.33s/it, total=1.574, recon=0.465, kl=0.0362]
TRAIN:   5%|██                                      | 1/20 [00:02<00:25,  1.33s/it, total=1.535, recon=0.445, kl=0.0349]
TRAIN:  10%|████                                    | 2/20 [00:02<00:23,  1.33s/it, total=1.535, recon=0.445, kl=0.0349]
TRAIN:  10%|████                                    | 2/20 [00:03<00:23,  1.33s/it, total=1.651, recon=0.454, kl=0.0362]
TRAIN:  15%|██████                                  | 3/20 [00:03<00:21,  1.28s/it, total=1.651, recon=0.454, kl=0.0362]
TRAIN:  15%|██████                                  | 3/20 [00:05<00:21,  1.28s/it, total=1.453, recon=0.454, kl=0.0367]
TRAIN:  20%|████████                                | 4/20 [00:05<00:20,  1.31s/it, total=1.453, recon=0.454, kl=0.0367]
TRAIN:  20%|████████                                | 4/20 [00:06<00:20,  1.31s/it, total=1.574, recon=0.478, kl=0.0356]
TRAIN:  25%|██████████                              | 5/20 [00:06<00:20,  1.35s/it, total=1.574, recon=0.478, kl=0.0356]
TRAIN:  25%|██████████                              | 5/20 [00:08<00:20,  1.35s/it, total=1.574, recon=0.422, kl=0.0348]
TRAIN:  30%|████████████                            | 6/20 [00:08<00:19,  1.39s/it, total=1.574, recon=0.422, kl=0.0348]
TRAIN:  30%|████████████                            | 6/20 [00:09<00:19,  1.39s/it, total=1.486, recon=0.419, kl=0.0352]
TRAIN:  35%|██████████████                          | 7/20 [00:09<00:18,  1.45s/it, total=1.486, recon=0.419, kl=0.0352]
TRAIN:  35%|██████████████                          | 7/20 [00:11<00:18,  1.45s/it, total=1.653, recon=0.479, kl=0.0358]
TRAIN:  40%|████████████████                        | 8/20 [00:11<00:17,  1.44s/it, total=1.653, recon=0.479, kl=0.0358]
TRAIN:  40%|████████████████                        | 8/20 [00:12<00:17,  1.44s/it, total=1.449, recon=0.449, kl=0.0361]
TRAIN:  45%|██████████████████                      | 9/20 [00:12<00:15,  1.41s/it, total=1.449, recon=0.449, kl=0.0361]
TRAIN:  45%|██████████████████                      | 9/20 [00:13<00:15,  1.41s/it, total=1.451, recon=0.447, kl=0.0337]
TRAIN:  50%|███████████████████▌                   | 10/20 [00:13<00:14,  1.43s/it, total=1.451, recon=0.447, kl=0.0337]
TRAIN:  50%|███████████████████▌                   | 10/20 [00:15<00:14,  1.43s/it, total=1.449, recon=0.428, kl=0.0361]
TRAIN:  55%|█████████████████████▍                 | 11/20 [00:15<00:12,  1.43s/it, total=1.449, recon=0.428, kl=0.0361]
TRAIN:  55%|█████████████████████▍                 | 11/20 [00:16<00:12,  1.43s/it, total=1.692, recon=0.514, kl=0.0357]
TRAIN:  60%|███████████████████████▍               | 12/20 [00:16<00:11,  1.43s/it, total=1.692, recon=0.514, kl=0.0357]
TRAIN:  60%|███████████████████████▍               | 12/20 [00:18<00:11,  1.43s/it, total=1.463, recon=0.423, kl=0.0343]
TRAIN:  65%|█████████████████████████▎             | 13/20 [00:18<00:09,  1.38s/it, total=1.463, recon=0.423, kl=0.0343]
TRAIN:  65%|█████████████████████████▎             | 13/20 [00:19<00:09,  1.38s/it, total=1.358, recon=0.420, kl=0.0363]
TRAIN:  70%|███████████████████████████▎           | 14/20 [00:19<00:08,  1.34s/it, total=1.358, recon=0.420, kl=0.0363]
TRAIN:  70%|███████████████████████████▎           | 14/20 [00:20<00:08,  1.34s/it, total=1.643, recon=0.500, kl=0.0360]
TRAIN:  75%|█████████████████████████████▎         | 15/20 [00:20<00:06,  1.29s/it, total=1.643, recon=0.500, kl=0.0360]
TRAIN:  75%|█████████████████████████████▎         | 15/20 [00:21<00:06,  1.29s/it, total=1.314, recon=0.435, kl=0.0364]
TRAIN:  80%|███████████████████████████████▏       | 16/20 [00:21<00:05,  1.32s/it, total=1.314, recon=0.435, kl=0.0364]
TRAIN:  80%|███████████████████████████████▏       | 16/20 [00:23<00:05,  1.32s/it, total=1.574, recon=0.511, kl=0.0371]
TRAIN:  85%|█████████████████████████████████▏     | 17/20 [00:23<00:04,  1.34s/it, total=1.574, recon=0.511, kl=0.0371]
TRAIN:  85%|█████████████████████████████████▏     | 17/20 [00:24<00:04,  1.34s/it, total=1.645, recon=0.465, kl=0.0361]
TRAIN:  90%|███████████████████████████████████    | 18/20 [00:24<00:02,  1.33s/it, total=1.645, recon=0.465, kl=0.0361]
TRAIN:  90%|███████████████████████████████████    | 18/20 [00:25<00:02,  1.33s/it, total=1.496, recon=0.455, kl=0.0361]
TRAIN:  95%|█████████████████████████████████████  | 19/20 [00:25<00:01,  1.34s/it, total=1.496, recon=0.455, kl=0.0361]
TRAIN:  95%|█████████████████████████████████████  | 19/20 [00:26<00:01,  1.34s/it, total=1.439, recon=0.430, kl=0.0348]
TRAIN: 100%|███████████████████████████████████████| 20/20 [00:26<00:00,  1.20s/it, total=1.439, recon=0.430, kl=0.0348]
                                                                                                                        

VAL  :   0%|                                                                                      | 0/6 [00:00<?, ?it/s]
VAL  :   0%|                                                 | 0/6 [00:00<?, ?it/s, total=4.739, recon=2.215, kl=0.0355]
VAL  :  17%|██████▊                                  | 1/6 [00:00<00:01,  2.62it/s, total=4.739, recon=2.215, kl=0.0355]
VAL  :  17%|██████▊                                  | 1/6 [00:00<00:01,  2.62it/s, total=4.189, recon=1.950, kl=0.0331]
VAL  :  33%|█████████████▋                           | 2/6 [00:00<00:01,  2.62it/s, total=4.189, recon=1.950, kl=0.0331]
VAL  :  33%|█████████████▋                           | 2/6 [00:01<00:01,  2.62it/s, total=4.105, recon=1.983, kl=0.0330]
VAL  :  50%|████████████████████▌                    | 3/6 [00:01<00:01,  2.46it/s, total=4.105, recon=1.983, kl=0.0330]
VAL  :  50%|████████████████████▌                    | 3/6 [00:01<00:01,  2.46it/s, total=4.220, recon=1.940, kl=0.0330]
VAL  :  67%|███████████████████████████▎             | 4/6 [00:01<00:00,  2.28it/s, total=4.220, recon=1.940, kl=0.0330]
VAL  :  67%|███████████████████████████▎             | 4/6 [00:02<00:00,  2.28it/s, total=4.165, recon=1.931, kl=0.0342]
VAL  :  83%|██████████████████████████████████▏      | 5/6 [00:02<00:00,  2.26it/s, total=4.165, recon=1.931, kl=0.0342]
VAL  :  83%|██████████████████████████████████▏      | 5/6 [00:02<00:00,  2.26it/s, total=3.886, recon=1.691, kl=0.0343]
VAL  : 100%|█████████████████████████████████████████| 6/6 [00:02<00:00,  2.66it/s, total=3.886, recon=1.691, kl=0.0343]
                                                                                                                        

TRAIN:   0%|                                                                                     | 0/20 [00:00<?, ?it/s]
TRAIN:   0%|                                                | 0/20 [00:01<?, ?it/s, total=1.507, recon=0.465, kl=0.0358]
TRAIN:   5%|██                                      | 1/20 [00:01<00:24,  1.32s/it, total=1.507, recon=0.465, kl=0.0358]
TRAIN:   5%|██                                      | 1/20 [00:02<00:24,  1.32s/it, total=1.411, recon=0.430, kl=0.0363]
TRAIN:  10%|████                                    | 2/20 [00:02<00:24,  1.39s/it, total=1.411, recon=0.430, kl=0.0363]
TRAIN:  10%|████                                    | 2/20 [00:04<00:24,  1.39s/it, total=1.340, recon=0.411, kl=0.0342]
TRAIN:  15%|██████                                  | 3/20 [00:04<00:23,  1.37s/it, total=1.340, recon=0.411, kl=0.0342]
TRAIN:  15%|██████                                  | 3/20 [00:05<00:23,  1.37s/it, total=1.539, recon=0.438, kl=0.0330]
TRAIN:  20%|████████                                | 4/20 [00:05<00:21,  1.33s/it, total=1.539, recon=0.438, kl=0.0330]
TRAIN:  20%|████████                                | 4/20 [00:06<00:21,  1.33s/it, total=1.502, recon=0.478, kl=0.0341]
TRAIN:  25%|██████████                              | 5/20 [00:06<00:19,  1.33s/it, total=1.502, recon=0.478, kl=0.0341]
TRAIN:  25%|██████████                              | 5/20 [00:08<00:19,  1.33s/it, total=1.628, recon=0.492, kl=0.0351]
TRAIN:  30%|████████████                            | 6/20 [00:08<00:19,  1.39s/it, total=1.628, recon=0.492, kl=0.0351]
TRAIN:  30%|████████████                            | 6/20 [00:09<00:19,  1.39s/it, total=1.732, recon=0.475, kl=0.0375]
TRAIN:  35%|██████████████                          | 7/20 [00:09<00:18,  1.45s/it, total=1.732, recon=0.475, kl=0.0375]
TRAIN:  35%|██████████████                          | 7/20 [00:11<00:18,  1.45s/it, total=1.335, recon=0.431, kl=0.0352]
TRAIN:  40%|████████████████                        | 8/20 [00:11<00:16,  1.37s/it, total=1.335, recon=0.431, kl=0.0352]
TRAIN:  40%|████████████████                        | 8/20 [00:12<00:16,  1.37s/it, total=1.348, recon=0.414, kl=0.0356]
TRAIN:  45%|██████████████████                      | 9/20 [00:12<00:14,  1.32s/it, total=1.348, recon=0.414, kl=0.0356]
TRAIN:  45%|██████████████████                      | 9/20 [00:13<00:14,  1.32s/it, total=1.762, recon=0.433, kl=0.0352]
TRAIN:  50%|███████████████████▌                   | 10/20 [00:13<00:13,  1.33s/it, total=1.762, recon=0.433, kl=0.0352]
TRAIN:  50%|███████████████████▌                   | 10/20 [00:14<00:13,  1.33s/it, total=1.359, recon=0.428, kl=0.0336]
TRAIN:  55%|█████████████████████▍                 | 11/20 [00:14<00:11,  1.32s/it, total=1.359, recon=0.428, kl=0.0336]
TRAIN:  55%|█████████████████████▍                 | 11/20 [00:16<00:11,  1.32s/it, total=1.558, recon=0.442, kl=0.0348]
TRAIN:  60%|███████████████████████▍               | 12/20 [00:16<00:11,  1.43s/it, total=1.558, recon=0.442, kl=0.0348]
TRAIN:  60%|███████████████████████▍               | 12/20 [00:18<00:11,  1.43s/it, total=1.423, recon=0.461, kl=0.0342]
TRAIN:  65%|█████████████████████████▎             | 13/20 [00:18<00:10,  1.44s/it, total=1.423, recon=0.461, kl=0.0342]
TRAIN:  65%|█████████████████████████▎             | 13/20 [00:19<00:10,  1.44s/it, total=1.839, recon=0.470, kl=0.0351]
TRAIN:  70%|███████████████████████████▎           | 14/20 [00:19<00:08,  1.43s/it, total=1.839, recon=0.470, kl=0.0351]
TRAIN:  70%|███████████████████████████▎           | 14/20 [00:21<00:08,  1.43s/it, total=1.246, recon=0.443, kl=0.0345]
TRAIN:  75%|█████████████████████████████▎         | 15/20 [00:21<00:07,  1.51s/it, total=1.246, recon=0.443, kl=0.0345]
TRAIN:  75%|█████████████████████████████▎         | 15/20 [00:22<00:07,  1.51s/it, total=1.689, recon=0.463, kl=0.0335]
TRAIN:  80%|███████████████████████████████▏       | 16/20 [00:22<00:05,  1.46s/it, total=1.689, recon=0.463, kl=0.0335]
TRAIN:  80%|███████████████████████████████▏       | 16/20 [00:23<00:05,  1.46s/it, total=1.592, recon=0.452, kl=0.0358]
TRAIN:  85%|█████████████████████████████████▏     | 17/20 [00:23<00:04,  1.42s/it, total=1.592, recon=0.452, kl=0.0358]
TRAIN:  85%|█████████████████████████████████▏     | 17/20 [00:25<00:04,  1.42s/it, total=1.390, recon=0.470, kl=0.0363]
TRAIN:  90%|███████████████████████████████████    | 18/20 [00:25<00:02,  1.40s/it, total=1.390, recon=0.470, kl=0.0363]
TRAIN:  90%|███████████████████████████████████    | 18/20 [00:26<00:02,  1.40s/it, total=1.502, recon=0.464, kl=0.0351]
TRAIN:  95%|█████████████████████████████████████  | 19/20 [00:26<00:01,  1.40s/it, total=1.502, recon=0.464, kl=0.0351]
TRAIN:  95%|█████████████████████████████████████  | 19/20 [00:27<00:01,  1.40s/it, total=1.766, recon=0.544, kl=0.0389]
TRAIN: 100%|███████████████████████████████████████| 20/20 [00:27<00:00,  1.22s/it, total=1.766, recon=0.544, kl=0.0389]
                                                                                                                        

VAL  :   0%|                                                                                      | 0/6 [00:00<?, ?it/s]
VAL  :   0%|                                                 | 0/6 [00:00<?, ?it/s, total=4.814, recon=2.215, kl=0.0344]
VAL  :  17%|██████▊                                  | 1/6 [00:00<00:01,  3.03it/s, total=4.814, recon=2.215, kl=0.0344]
VAL  :  17%|██████▊                                  | 1/6 [00:00<00:01,  3.03it/s, total=4.211, recon=1.956, kl=0.0317]
VAL  :  33%|█████████████▋                           | 2/6 [00:00<00:01,  2.82it/s, total=4.211, recon=1.956, kl=0.0317]
VAL  :  33%|█████████████▋                           | 2/6 [00:01<00:01,  2.82it/s, total=4.446, recon=1.967, kl=0.0317]
VAL  :  50%|████████████████████▌                    | 3/6 [00:01<00:01,  2.69it/s, total=4.446, recon=1.967, kl=0.0317]
VAL  :  50%|████████████████████▌                    | 3/6 [00:01<00:01,  2.69it/s, total=3.914, recon=1.912, kl=0.0325]
VAL  :  67%|███████████████████████████▎             | 4/6 [00:01<00:00,  2.30it/s, total=3.914, recon=1.912, kl=0.0325]
VAL  :  67%|███████████████████████████▎             | 4/6 [00:02<00:00,  2.30it/s, total=4.018, recon=1.927, kl=0.0333]
VAL  :  83%|██████████████████████████████████▏      | 5/6 [00:02<00:00,  2.23it/s, total=4.018, recon=1.927, kl=0.0333]
VAL  :  83%|██████████████████████████████████▏      | 5/6 [00:02<00:00,  2.23it/s, total=3.511, recon=1.663, kl=0.0316]
VAL  : 100%|█████████████████████████████████████████| 6/6 [00:02<00:00,  2.65it/s, total=3.511, recon=1.663, kl=0.0316]
                                                                                                                        

TRAIN:   0%|                                                                                     | 0/20 [00:00<?, ?it/s]
TRAIN:   0%|                                                | 0/20 [00:01<?, ?it/s, total=1.439, recon=0.415, kl=0.0357]
TRAIN:   5%|██                                      | 1/20 [00:01<00:27,  1.46s/it, total=1.439, recon=0.415, kl=0.0357]
TRAIN:   5%|██                                      | 1/20 [00:02<00:27,  1.46s/it, total=1.567, recon=0.493, kl=0.0352]
TRAIN:  10%|████                                    | 2/20 [00:02<00:26,  1.46s/it, total=1.567, recon=0.493, kl=0.0352]
TRAIN:  10%|████                                    | 2/20 [00:04<00:26,  1.46s/it, total=1.375, recon=0.429, kl=0.0347]
TRAIN:  15%|██████                                  | 3/20 [00:04<00:24,  1.41s/it, total=1.375, recon=0.429, kl=0.0347]
TRAIN:  15%|██████                                  | 3/20 [00:05<00:24,  1.41s/it, total=1.545, recon=0.440, kl=0.0347]
TRAIN:  20%|████████                                | 4/20 [00:05<00:22,  1.42s/it, total=1.545, recon=0.440, kl=0.0347]
TRAIN:  20%|████████                                | 4/20 [00:07<00:22,  1.42s/it, total=1.448, recon=0.434, kl=0.0345]
TRAIN:  25%|██████████                              | 5/20 [00:07<00:21,  1.44s/it, total=1.448, recon=0.434, kl=0.0345]
TRAIN:  25%|██████████                              | 5/20 [00:08<00:21,  1.44s/it, total=1.419, recon=0.443, kl=0.0347]
TRAIN:  30%|████████████                            | 6/20 [00:08<00:19,  1.39s/it, total=1.419, recon=0.443, kl=0.0347]
TRAIN:  30%|████████████                            | 6/20 [00:09<00:19,  1.39s/it, total=1.704, recon=0.455, kl=0.0342]
TRAIN:  35%|██████████████                          | 7/20 [00:09<00:18,  1.45s/it, total=1.704, recon=0.455, kl=0.0342]
TRAIN:  35%|██████████████                          | 7/20 [00:11<00:18,  1.45s/it, total=1.601, recon=0.449, kl=0.0351]
TRAIN:  40%|████████████████                        | 8/20 [00:11<00:17,  1.45s/it, total=1.601, recon=0.449, kl=0.0351]
TRAIN:  40%|████████████████                        | 8/20 [00:12<00:17,  1.45s/it, total=1.505, recon=0.433, kl=0.0339]
TRAIN:  45%|██████████████████                      | 9/20 [00:12<00:15,  1.42s/it, total=1.505, recon=0.433, kl=0.0339]
TRAIN:  45%|██████████████████                      | 9/20 [00:14<00:15,  1.42s/it, total=1.393, recon=0.473, kl=0.0330]
TRAIN:  50%|███████████████████▌                   | 10/20 [00:14<00:13,  1.40s/it, total=1.393, recon=0.473, kl=0.0330]
TRAIN:  50%|███████████████████▌                   | 10/20 [00:15<00:13,  1.40s/it, total=1.540, recon=0.467, kl=0.0352]
TRAIN:  55%|█████████████████████▍                 | 11/20 [00:15<00:12,  1.37s/it, total=1.540, recon=0.467, kl=0.0352]
TRAIN:  55%|█████████████████████▍                 | 11/20 [00:16<00:12,  1.37s/it, total=1.741, recon=0.480, kl=0.0354]
TRAIN:  60%|███████████████████████▍               | 12/20 [00:16<00:11,  1.39s/it, total=1.741, recon=0.480, kl=0.0354]
TRAIN:  60%|███████████████████████▍               | 12/20 [00:18<00:11,  1.39s/it, total=1.531, recon=0.497, kl=0.0360]
TRAIN:  65%|█████████████████████████▎             | 13/20 [00:18<00:09,  1.37s/it, total=1.531, recon=0.497, kl=0.0360]
TRAIN:  65%|█████████████████████████▎             | 13/20 [00:19<00:09,  1.37s/it, total=1.436, recon=0.433, kl=0.0342]
TRAIN:  70%|███████████████████████████▎           | 14/20 [00:19<00:08,  1.35s/it, total=1.436, recon=0.433, kl=0.0342]
TRAIN:  70%|███████████████████████████▎           | 14/20 [00:20<00:08,  1.35s/it, total=1.544, recon=0.493, kl=0.0363]
TRAIN:  75%|█████████████████████████████▎         | 15/20 [00:20<00:06,  1.33s/it, total=1.544, recon=0.493, kl=0.0363]
TRAIN:  75%|█████████████████████████████▎         | 15/20 [00:22<00:06,  1.33s/it, total=1.284, recon=0.399, kl=0.0343]
TRAIN:  80%|███████████████████████████████▏       | 16/20 [00:22<00:05,  1.38s/it, total=1.284, recon=0.399, kl=0.0343]
TRAIN:  80%|███████████████████████████████▏       | 16/20 [00:23<00:05,  1.38s/it, total=1.652, recon=0.440, kl=0.0351]
TRAIN:  85%|█████████████████████████████████▏     | 17/20 [00:23<00:04,  1.37s/it, total=1.652, recon=0.440, kl=0.0351]
TRAIN:  85%|█████████████████████████████████▏     | 17/20 [00:24<00:04,  1.37s/it, total=1.266, recon=0.384, kl=0.0346]
TRAIN:  90%|███████████████████████████████████    | 18/20 [00:24<00:02,  1.34s/it, total=1.266, recon=0.384, kl=0.0346]
TRAIN:  90%|███████████████████████████████████    | 18/20 [00:26<00:02,  1.34s/it, total=1.686, recon=0.482, kl=0.0356]
TRAIN:  95%|█████████████████████████████████████  | 19/20 [00:26<00:01,  1.33s/it, total=1.686, recon=0.482, kl=0.0356]
TRAIN:  95%|█████████████████████████████████████  | 19/20 [00:27<00:01,  1.33s/it, total=1.385, recon=0.458, kl=0.0351]
TRAIN: 100%|███████████████████████████████████████| 20/20 [00:27<00:00,  1.19s/it, total=1.385, recon=0.458, kl=0.0351]
                                                                                                                        

VAL  :   0%|                                                                                      | 0/6 [00:00<?, ?it/s]
VAL  :   0%|                                                 | 0/6 [00:00<?, ?it/s, total=5.012, recon=2.218, kl=0.0342]
VAL  :  17%|██████▊                                  | 1/6 [00:00<00:02,  1.75it/s, total=5.012, recon=2.218, kl=0.0342]
VAL  :  17%|██████▊                                  | 1/6 [00:01<00:02,  1.75it/s, total=4.250, recon=1.945, kl=0.0321]
VAL  :  33%|█████████████▋                           | 2/6 [00:01<00:02,  1.78it/s, total=4.250, recon=1.945, kl=0.0321]
VAL  :  33%|█████████████▋                           | 2/6 [00:01<00:02,  1.78it/s, total=4.239, recon=1.976, kl=0.0315]
VAL  :  50%|████████████████████▌                    | 3/6 [00:01<00:01,  1.91it/s, total=4.239, recon=1.976, kl=0.0315]
VAL  :  50%|████████████████████▌                    | 3/6 [00:02<00:01,  1.91it/s, total=4.280, recon=1.916, kl=0.0312]
VAL  :  67%|███████████████████████████▎             | 4/6 [00:02<00:01,  1.95it/s, total=4.280, recon=1.916, kl=0.0312]
VAL  :  67%|███████████████████████████▎             | 4/6 [00:02<00:01,  1.95it/s, total=4.179, recon=1.937, kl=0.0332]
VAL  :  83%|██████████████████████████████████▏      | 5/6 [00:02<00:00,  2.06it/s, total=4.179, recon=1.937, kl=0.0332]
VAL  :  83%|██████████████████████████████████▏      | 5/6 [00:02<00:00,  2.06it/s, total=3.551, recon=1.663, kl=0.0330]
VAL  : 100%|█████████████████████████████████████████| 6/6 [00:02<00:00,  2.56it/s, total=3.551, recon=1.663, kl=0.0330]
                                                                                                                        

TRAIN:   0%|                                                                                     | 0/20 [00:00<?, ?it/s]
TRAIN:   0%|                                                | 0/20 [00:01<?, ?it/s, total=1.579, recon=0.488, kl=0.0351]
TRAIN:   5%|██                                      | 1/20 [00:01<00:26,  1.42s/it, total=1.579, recon=0.488, kl=0.0351]
TRAIN:   5%|██                                      | 1/20 [00:02<00:26,  1.42s/it, total=1.426, recon=0.421, kl=0.0342]
TRAIN:  10%|████                                    | 2/20 [00:02<00:25,  1.39s/it, total=1.426, recon=0.421, kl=0.0342]
TRAIN:  10%|████                                    | 2/20 [00:04<00:25,  1.39s/it, total=1.409, recon=0.431, kl=0.0339]
TRAIN:  15%|██████                                  | 3/20 [00:04<00:23,  1.39s/it, total=1.409, recon=0.431, kl=0.0339]
TRAIN:  15%|██████                                  | 3/20 [00:05<00:23,  1.39s/it, total=1.581, recon=0.459, kl=0.0344]
TRAIN:  20%|████████                                | 4/20 [00:05<00:21,  1.37s/it, total=1.581, recon=0.459, kl=0.0344]
TRAIN:  20%|████████                                | 4/20 [00:06<00:21,  1.37s/it, total=1.441, recon=0.397, kl=0.0335]
TRAIN:  25%|██████████                              | 5/20 [00:06<00:19,  1.30s/it, total=1.441, recon=0.397, kl=0.0335]
TRAIN:  25%|██████████                              | 5/20 [00:08<00:19,  1.30s/it, total=1.543, recon=0.490, kl=0.0330]
TRAIN:  30%|████████████                            | 6/20 [00:08<00:19,  1.41s/it, total=1.543, recon=0.490, kl=0.0330]
TRAIN:  30%|████████████                            | 6/20 [00:09<00:19,  1.41s/it, total=1.518, recon=0.446, kl=0.0345]
TRAIN:  35%|██████████████                          | 7/20 [00:09<00:18,  1.45s/it, total=1.518, recon=0.446, kl=0.0345]
TRAIN:  35%|██████████████                          | 7/20 [00:11<00:18,  1.45s/it, total=1.443, recon=0.436, kl=0.0333]
TRAIN:  40%|████████████████                        | 8/20 [00:11<00:17,  1.45s/it, total=1.443, recon=0.436, kl=0.0333]
TRAIN:  40%|████████████████                        | 8/20 [00:12<00:17,  1.45s/it, total=1.274, recon=0.371, kl=0.0329]
TRAIN:  45%|██████████████████                      | 9/20 [00:12<00:15,  1.45s/it, total=1.274, recon=0.371, kl=0.0329]
TRAIN:  45%|██████████████████                      | 9/20 [00:14<00:15,  1.45s/it, total=1.235, recon=0.453, kl=0.0360]
TRAIN:  50%|███████████████████▌                   | 10/20 [00:14<00:14,  1.42s/it, total=1.235, recon=0.453, kl=0.0360]
TRAIN:  50%|███████████████████▌                   | 10/20 [00:15<00:14,  1.42s/it, total=1.595, recon=0.438, kl=0.0340]
TRAIN:  55%|█████████████████████▍                 | 11/20 [00:15<00:12,  1.37s/it, total=1.595, recon=0.438, kl=0.0340]
TRAIN:  55%|█████████████████████▍                 | 11/20 [00:16<00:12,  1.37s/it, total=1.421, recon=0.464, kl=0.0362]
TRAIN:  60%|███████████████████████▍               | 12/20 [00:16<00:10,  1.35s/it, total=1.421, recon=0.464, kl=0.0362]
TRAIN:  60%|███████████████████████▍               | 12/20 [00:17<00:10,  1.35s/it, total=1.675, recon=0.506, kl=0.0352]
TRAIN:  65%|█████████████████████████▎             | 13/20 [00:17<00:09,  1.33s/it, total=1.675, recon=0.506, kl=0.0352]
TRAIN:  65%|█████████████████████████▎             | 13/20 [00:19<00:09,  1.33s/it, total=1.392, recon=0.396, kl=0.0338]
TRAIN:  70%|███████████████████████████▎           | 14/20 [00:19<00:07,  1.33s/it, total=1.392, recon=0.396, kl=0.0338]
TRAIN:  70%|███████████████████████████▎           | 14/20 [00:20<00:07,  1.33s/it, total=1.758, recon=0.489, kl=0.0352]
TRAIN:  75%|█████████████████████████████▎         | 15/20 [00:20<00:06,  1.30s/it, total=1.758, recon=0.489, kl=0.0352]
TRAIN:  75%|█████████████████████████████▎         | 15/20 [00:21<00:06,  1.30s/it, total=1.412, recon=0.424, kl=0.0340]
TRAIN:  80%|███████████████████████████████▏       | 16/20 [00:21<00:05,  1.34s/it, total=1.412, recon=0.424, kl=0.0340]
TRAIN:  80%|███████████████████████████████▏       | 16/20 [00:23<00:05,  1.34s/it, total=1.538, recon=0.469, kl=0.0365]
TRAIN:  85%|█████████████████████████████████▏     | 17/20 [00:23<00:04,  1.35s/it, total=1.538, recon=0.469, kl=0.0365]
TRAIN:  85%|█████████████████████████████████▏     | 17/20 [00:24<00:04,  1.35s/it, total=1.613, recon=0.483, kl=0.0362]
TRAIN:  90%|███████████████████████████████████    | 18/20 [00:24<00:02,  1.37s/it, total=1.613, recon=0.483, kl=0.0362]
TRAIN:  90%|███████████████████████████████████    | 18/20 [00:26<00:02,  1.37s/it, total=1.601, recon=0.441, kl=0.0328]
TRAIN:  95%|█████████████████████████████████████  | 19/20 [00:26<00:01,  1.47s/it, total=1.601, recon=0.441, kl=0.0328]
TRAIN:  95%|█████████████████████████████████████  | 19/20 [00:27<00:01,  1.47s/it, total=1.339, recon=0.453, kl=0.0350]
TRAIN: 100%|███████████████████████████████████████| 20/20 [00:27<00:00,  1.34s/it, total=1.339, recon=0.453, kl=0.0350]
                                                                                                                        

VAL  :   0%|                                                                                      | 0/6 [00:00<?, ?it/s]
VAL  :   0%|                                                 | 0/6 [00:00<?, ?it/s, total=4.842, recon=2.232, kl=0.0339]
VAL  :  17%|██████▊                                  | 1/6 [00:00<00:02,  2.34it/s, total=4.842, recon=2.232, kl=0.0339]
VAL  :  17%|██████▊                                  | 1/6 [00:00<00:02,  2.34it/s, total=4.376, recon=1.967, kl=0.0317]
VAL  :  33%|█████████████▋                           | 2/6 [00:00<00:01,  2.23it/s, total=4.376, recon=1.967, kl=0.0317]
VAL  :  33%|█████████████▋                           | 2/6 [00:01<00:01,  2.23it/s, total=4.188, recon=1.970, kl=0.0314]
VAL  :  50%|████████████████████▌                    | 3/6 [00:01<00:01,  2.35it/s, total=4.188, recon=1.970, kl=0.0314]
VAL  :  50%|████████████████████▌                    | 3/6 [00:01<00:01,  2.35it/s, total=4.120, recon=1.921, kl=0.0309]
VAL  :  67%|███████████████████████████▎             | 4/6 [00:01<00:00,  2.12it/s, total=4.120, recon=1.921, kl=0.0309]
VAL  :  67%|███████████████████████████▎             | 4/6 [00:02<00:00,  2.12it/s, total=4.235, recon=1.923, kl=0.0337]
VAL  :  83%|██████████████████████████████████▏      | 5/6 [00:02<00:00,  2.27it/s, total=4.235, recon=1.923, kl=0.0337]
VAL  :  83%|██████████████████████████████████▏      | 5/6 [00:02<00:00,  2.27it/s, total=4.114, recon=1.675, kl=0.0310]
VAL  : 100%|█████████████████████████████████████████| 6/6 [00:02<00:00,  2.69it/s, total=4.114, recon=1.675, kl=0.0310]
                                                                                                                        

TRAIN:   0%|                                                                                     | 0/20 [00:00<?, ?it/s]
TRAIN:   0%|                                                | 0/20 [00:01<?, ?it/s, total=1.584, recon=0.450, kl=0.0331]
TRAIN:   5%|██                                      | 1/20 [00:01<00:29,  1.56s/it, total=1.584, recon=0.450, kl=0.0331]
TRAIN:   5%|██                                      | 1/20 [00:02<00:29,  1.56s/it, total=1.239, recon=0.404, kl=0.0332]
TRAIN:  10%|████                                    | 2/20 [00:02<00:26,  1.50s/it, total=1.239, recon=0.404, kl=0.0332]
TRAIN:  10%|████                                    | 2/20 [00:04<00:26,  1.50s/it, total=1.347, recon=0.444, kl=0.0350]
TRAIN:  15%|██████                                  | 3/20 [00:04<00:24,  1.45s/it, total=1.347, recon=0.444, kl=0.0350]
TRAIN:  15%|██████                                  | 3/20 [00:05<00:24,  1.45s/it, total=1.617, recon=0.461, kl=0.0359]
TRAIN:  20%|████████                                | 4/20 [00:05<00:22,  1.42s/it, total=1.617, recon=0.461, kl=0.0359]
TRAIN:  20%|████████                                | 4/20 [00:07<00:22,  1.42s/it, total=1.493, recon=0.468, kl=0.0364]
TRAIN:  25%|██████████                              | 5/20 [00:07<00:22,  1.48s/it, total=1.493, recon=0.468, kl=0.0364]
TRAIN:  25%|██████████                              | 5/20 [00:08<00:22,  1.48s/it, total=1.463, recon=0.457, kl=0.0345]
TRAIN:  30%|████████████                            | 6/20 [00:08<00:20,  1.46s/it, total=1.463, recon=0.457, kl=0.0345]
TRAIN:  30%|████████████                            | 6/20 [00:09<00:20,  1.46s/it, total=1.216, recon=0.422, kl=0.0339]
TRAIN:  35%|██████████████                          | 7/20 [00:09<00:18,  1.40s/it, total=1.216, recon=0.422, kl=0.0339]
TRAIN:  35%|██████████████                          | 7/20 [00:11<00:18,  1.40s/it, total=1.694, recon=0.465, kl=0.0347]
TRAIN:  40%|████████████████                        | 8/20 [00:11<00:16,  1.41s/it, total=1.694, recon=0.465, kl=0.0347]
TRAIN:  40%|████████████████                        | 8/20 [00:12<00:16,  1.41s/it, total=1.535, recon=0.469, kl=0.0343]
TRAIN:  45%|██████████████████                      | 9/20 [00:12<00:15,  1.40s/it, total=1.535, recon=0.469, kl=0.0343]
TRAIN:  45%|██████████████████                      | 9/20 [00:14<00:15,  1.40s/it, total=1.575, recon=0.473, kl=0.0345]
TRAIN:  50%|███████████████████▌                   | 10/20 [00:14<00:13,  1.38s/it, total=1.575, recon=0.473, kl=0.0345]
TRAIN:  50%|███████████████████▌                   | 10/20 [00:15<00:13,  1.38s/it, total=1.442, recon=0.476, kl=0.0349]
TRAIN:  55%|█████████████████████▍                 | 11/20 [00:15<00:13,  1.47s/it, total=1.442, recon=0.476, kl=0.0349]
TRAIN:  55%|█████████████████████▍                 | 11/20 [00:17<00:13,  1.47s/it, total=1.298, recon=0.427, kl=0.0346]
TRAIN:  60%|███████████████████████▍               | 12/20 [00:17<00:11,  1.46s/it, total=1.298, recon=0.427, kl=0.0346]
TRAIN:  60%|███████████████████████▍               | 12/20 [00:18<00:11,  1.46s/it, total=1.524, recon=0.490, kl=0.0334]
TRAIN:  65%|█████████████████████████▎             | 13/20 [00:18<00:10,  1.47s/it, total=1.524, recon=0.490, kl=0.0334]
TRAIN:  65%|█████████████████████████▎             | 13/20 [00:20<00:10,  1.47s/it, total=1.494, recon=0.405, kl=0.0328]
TRAIN:  70%|███████████████████████████▎           | 14/20 [00:20<00:08,  1.44s/it, total=1.494, recon=0.405, kl=0.0328]
TRAIN:  70%|███████████████████████████▎           | 14/20 [00:21<00:08,  1.44s/it, total=1.519, recon=0.404, kl=0.0345]
TRAIN:  75%|█████████████████████████████▎         | 15/20 [00:21<00:07,  1.42s/it, total=1.519, recon=0.404, kl=0.0345]
TRAIN:  75%|█████████████████████████████▎         | 15/20 [00:22<00:07,  1.42s/it, total=1.582, recon=0.458, kl=0.0340]
TRAIN:  80%|███████████████████████████████▏       | 16/20 [00:22<00:05,  1.44s/it, total=1.582, recon=0.458, kl=0.0340]
TRAIN:  80%|███████████████████████████████▏       | 16/20 [00:24<00:05,  1.44s/it, total=1.476, recon=0.435, kl=0.0342]
TRAIN:  85%|█████████████████████████████████▏     | 17/20 [00:24<00:04,  1.43s/it, total=1.476, recon=0.435, kl=0.0342]
TRAIN:  85%|█████████████████████████████████▏     | 17/20 [00:25<00:04,  1.43s/it, total=1.285, recon=0.396, kl=0.0348]
TRAIN:  90%|███████████████████████████████████    | 18/20 [00:25<00:02,  1.40s/it, total=1.285, recon=0.396, kl=0.0348]
TRAIN:  90%|███████████████████████████████████    | 18/20 [00:27<00:02,  1.40s/it, total=1.679, recon=0.513, kl=0.0333]
TRAIN:  95%|█████████████████████████████████████  | 19/20 [00:27<00:01,  1.41s/it, total=1.679, recon=0.513, kl=0.0333]
TRAIN:  95%|█████████████████████████████████████  | 19/20 [00:27<00:01,  1.41s/it, total=1.192, recon=0.377, kl=0.0337]
TRAIN: 100%|███████████████████████████████████████| 20/20 [00:27<00:00,  1.26s/it, total=1.192, recon=0.377, kl=0.0337]
                                                                                                                        

VAL  :   0%|                                                                                      | 0/6 [00:00<?, ?it/s]
VAL  :   0%|                                                 | 0/6 [00:00<?, ?it/s, total=4.748, recon=2.212, kl=0.0334]
VAL  :  17%|██████▊                                  | 1/6 [00:00<00:01,  2.53it/s, total=4.748, recon=2.212, kl=0.0334]
VAL  :  17%|██████▊                                  | 1/6 [00:00<00:01,  2.53it/s, total=4.186, recon=1.956, kl=0.0324]
VAL  :  33%|█████████████▋                           | 2/6 [00:00<00:01,  2.58it/s, total=4.186, recon=1.956, kl=0.0324]
VAL  :  33%|█████████████▋                           | 2/6 [00:01<00:01,  2.58it/s, total=4.154, recon=1.979, kl=0.0307]
VAL  :  50%|████████████████████▌                    | 3/6 [00:01<00:01,  2.56it/s, total=4.154, recon=1.979, kl=0.0307]
VAL  :  50%|████████████████████▌                    | 3/6 [00:01<00:01,  2.56it/s, total=4.015, recon=1.922, kl=0.0315]
VAL  :  67%|███████████████████████████▎             | 4/6 [00:01<00:00,  2.30it/s, total=4.015, recon=1.922, kl=0.0315]
VAL  :  67%|███████████████████████████▎             | 4/6 [00:02<00:00,  2.30it/s, total=4.372, recon=1.919, kl=0.0333]
VAL  :  83%|██████████████████████████████████▏      | 5/6 [00:02<00:00,  2.43it/s, total=4.372, recon=1.919, kl=0.0333]
VAL  :  83%|██████████████████████████████████▏      | 5/6 [00:02<00:00,  2.43it/s, total=3.360, recon=1.664, kl=0.0346]
VAL  : 100%|█████████████████████████████████████████| 6/6 [00:02<00:00,  3.02it/s, total=3.360, recon=1.664, kl=0.0346]
                                                                                                                        

TRAIN:   0%|                                                                                     | 0/20 [00:00<?, ?it/s]
TRAIN:   0%|                                                | 0/20 [00:01<?, ?it/s, total=1.546, recon=0.476, kl=0.0339]
TRAIN:   5%|██                                      | 1/20 [00:01<00:24,  1.27s/it, total=1.546, recon=0.476, kl=0.0339]
TRAIN:   5%|██                                      | 1/20 [00:02<00:24,  1.27s/it, total=1.482, recon=0.419, kl=0.0327]
TRAIN:  10%|████                                    | 2/20 [00:02<00:22,  1.28s/it, total=1.482, recon=0.419, kl=0.0327]
TRAIN:  10%|████                                    | 2/20 [00:03<00:22,  1.28s/it, total=1.360, recon=0.436, kl=0.0322]
TRAIN:  15%|██████                                  | 3/20 [00:03<00:22,  1.30s/it, total=1.360, recon=0.436, kl=0.0322]
TRAIN:  15%|██████                                  | 3/20 [00:05<00:22,  1.30s/it, total=1.442, recon=0.435, kl=0.0328]
TRAIN:  20%|████████                                | 4/20 [00:05<00:21,  1.33s/it, total=1.442, recon=0.435, kl=0.0328]
TRAIN:  20%|████████                                | 4/20 [00:06<00:21,  1.33s/it, total=1.646, recon=0.489, kl=0.0343]
TRAIN:  25%|██████████                              | 5/20 [00:06<00:20,  1.36s/it, total=1.646, recon=0.489, kl=0.0343]
TRAIN:  25%|██████████                              | 5/20 [00:07<00:20,  1.36s/it, total=1.543, recon=0.404, kl=0.0336]
TRAIN:  30%|████████████                            | 6/20 [00:07<00:18,  1.32s/it, total=1.543, recon=0.404, kl=0.0336]
TRAIN:  30%|████████████                            | 6/20 [00:09<00:18,  1.32s/it, total=1.276, recon=0.425, kl=0.0325]
TRAIN:  35%|██████████████                          | 7/20 [00:09<00:17,  1.36s/it, total=1.276, recon=0.425, kl=0.0325]
TRAIN:  35%|██████████████                          | 7/20 [00:11<00:17,  1.36s/it, total=1.506, recon=0.449, kl=0.0344]
TRAIN:  40%|████████████████                        | 8/20 [00:11<00:17,  1.43s/it, total=1.506, recon=0.449, kl=0.0344]
TRAIN:  40%|████████████████                        | 8/20 [00:12<00:17,  1.43s/it, total=1.341, recon=0.408, kl=0.0324]
TRAIN:  45%|██████████████████                      | 9/20 [00:12<00:15,  1.41s/it, total=1.341, recon=0.408, kl=0.0324]
TRAIN:  45%|██████████████████                      | 9/20 [00:13<00:15,  1.41s/it, total=1.524, recon=0.427, kl=0.0338]
TRAIN:  50%|███████████████████▌                   | 10/20 [00:13<00:14,  1.41s/it, total=1.524, recon=0.427, kl=0.0338]
TRAIN:  50%|███████████████████▌                   | 10/20 [00:15<00:14,  1.41s/it, total=1.565, recon=0.476, kl=0.0345]
TRAIN:  55%|█████████████████████▍                 | 11/20 [00:15<00:13,  1.46s/it, total=1.565, recon=0.476, kl=0.0345]
TRAIN:  55%|█████████████████████▍                 | 11/20 [00:16<00:13,  1.46s/it, total=1.453, recon=0.434, kl=0.0341]
TRAIN:  60%|███████████████████████▍               | 12/20 [00:16<00:11,  1.46s/it, total=1.453, recon=0.434, kl=0.0341]
TRAIN:  60%|███████████████████████▍               | 12/20 [00:18<00:11,  1.46s/it, total=1.651, recon=0.430, kl=0.0334]
TRAIN:  65%|█████████████████████████▎             | 13/20 [00:18<00:10,  1.49s/it, total=1.651, recon=0.430, kl=0.0334]
TRAIN:  65%|█████████████████████████▎             | 13/20 [00:19<00:10,  1.49s/it, total=1.502, recon=0.476, kl=0.0343]
TRAIN:  70%|███████████████████████████▎           | 14/20 [00:19<00:08,  1.48s/it, total=1.502, recon=0.476, kl=0.0343]
TRAIN:  70%|███████████████████████████▎           | 14/20 [00:21<00:08,  1.48s/it, total=1.609, recon=0.454, kl=0.0355]
TRAIN:  75%|█████████████████████████████▎         | 15/20 [00:21<00:06,  1.39s/it, total=1.609, recon=0.454, kl=0.0355]
TRAIN:  75%|█████████████████████████████▎         | 15/20 [00:22<00:06,  1.39s/it, total=1.664, recon=0.490, kl=0.0344]
TRAIN:  80%|███████████████████████████████▏       | 16/20 [00:22<00:05,  1.40s/it, total=1.664, recon=0.490, kl=0.0344]
TRAIN:  80%|███████████████████████████████▏       | 16/20 [00:23<00:05,  1.40s/it, total=1.644, recon=0.466, kl=0.0344]
TRAIN:  85%|█████████████████████████████████▏     | 17/20 [00:23<00:04,  1.37s/it, total=1.644, recon=0.466, kl=0.0344]
TRAIN:  85%|█████████████████████████████████▏     | 17/20 [00:25<00:04,  1.37s/it, total=1.483, recon=0.432, kl=0.0331]
TRAIN:  90%|███████████████████████████████████    | 18/20 [00:25<00:02,  1.34s/it, total=1.483, recon=0.432, kl=0.0331]
TRAIN:  90%|███████████████████████████████████    | 18/20 [00:26<00:02,  1.34s/it, total=1.559, recon=0.479, kl=0.0325]
TRAIN:  95%|█████████████████████████████████████  | 19/20 [00:26<00:01,  1.30s/it, total=1.559, recon=0.479, kl=0.0325]
TRAIN:  95%|█████████████████████████████████████  | 19/20 [00:27<00:01,  1.30s/it, total=1.262, recon=0.409, kl=0.0346]
TRAIN: 100%|███████████████████████████████████████| 20/20 [00:27<00:00,  1.22s/it, total=1.262, recon=0.409, kl=0.0346]
                                                                                                                        

VAL  :   0%|                                                                                      | 0/6 [00:00<?, ?it/s]
VAL  :   0%|                                                 | 0/6 [00:00<?, ?it/s, total=5.016, recon=2.232, kl=0.0333]
VAL  :  17%|██████▊                                  | 1/6 [00:00<00:02,  2.10it/s, total=5.016, recon=2.232, kl=0.0333]
VAL  :  17%|██████▊                                  | 1/6 [00:00<00:02,  2.10it/s, total=4.046, recon=1.949, kl=0.0322]
VAL  :  33%|█████████████▋                           | 2/6 [00:00<00:01,  2.07it/s, total=4.046, recon=1.949, kl=0.0322]
VAL  :  33%|█████████████▋                           | 2/6 [00:01<00:01,  2.07it/s, total=4.124, recon=1.991, kl=0.0314]
VAL  :  50%|████████████████████▌                    | 3/6 [00:01<00:01,  2.12it/s, total=4.124, recon=1.991, kl=0.0314]
VAL  :  50%|████████████████████▌                    | 3/6 [00:01<00:01,  2.12it/s, total=3.868, recon=1.927, kl=0.0312]
VAL  :  67%|███████████████████████████▎             | 4/6 [00:01<00:00,  2.24it/s, total=3.868, recon=1.927, kl=0.0312]
VAL  :  67%|███████████████████████████▎             | 4/6 [00:02<00:00,  2.24it/s, total=4.207, recon=1.920, kl=0.0318]
VAL  :  83%|██████████████████████████████████▏      | 5/6 [00:02<00:00,  2.18it/s, total=4.207, recon=1.920, kl=0.0318]
VAL  :  83%|██████████████████████████████████▏      | 5/6 [00:02<00:00,  2.18it/s, total=3.697, recon=1.666, kl=0.0338]
VAL  : 100%|█████████████████████████████████████████| 6/6 [00:02<00:00,  2.61it/s, total=3.697, recon=1.666, kl=0.0338]
                                                                                                                        

TRAIN:   0%|                                                                                     | 0/20 [00:00<?, ?it/s]
TRAIN:   0%|                                                | 0/20 [00:01<?, ?it/s, total=1.515, recon=0.491, kl=0.0344]
TRAIN:   5%|██                                      | 1/20 [00:01<00:23,  1.24s/it, total=1.515, recon=0.491, kl=0.0344]
TRAIN:   5%|██                                      | 1/20 [00:02<00:23,  1.24s/it, total=1.511, recon=0.478, kl=0.0333]
TRAIN:  10%|████                                    | 2/20 [00:02<00:24,  1.38s/it, total=1.511, recon=0.478, kl=0.0333]
TRAIN:  10%|████                                    | 2/20 [00:04<00:24,  1.38s/it, total=1.503, recon=0.429, kl=0.0315]
TRAIN:  15%|██████                                  | 3/20 [00:04<00:23,  1.41s/it, total=1.503, recon=0.429, kl=0.0315]
TRAIN:  15%|██████                                  | 3/20 [00:05<00:23,  1.41s/it, total=1.594, recon=0.506, kl=0.0355]
TRAIN:  20%|████████                                | 4/20 [00:05<00:22,  1.43s/it, total=1.594, recon=0.506, kl=0.0355]
TRAIN:  20%|████████                                | 4/20 [00:07<00:22,  1.43s/it, total=1.422, recon=0.402, kl=0.0329]
TRAIN:  25%|██████████                              | 5/20 [00:07<00:21,  1.44s/it, total=1.422, recon=0.402, kl=0.0329]
TRAIN:  25%|██████████                              | 5/20 [00:08<00:21,  1.44s/it, total=1.587, recon=0.495, kl=0.0339]
TRAIN:  30%|████████████                            | 6/20 [00:08<00:20,  1.47s/it, total=1.587, recon=0.495, kl=0.0339]
TRAIN:  30%|████████████                            | 6/20 [00:10<00:20,  1.47s/it, total=1.408, recon=0.528, kl=0.0342]
TRAIN:  35%|██████████████                          | 7/20 [00:10<00:18,  1.43s/it, total=1.408, recon=0.528, kl=0.0342]
TRAIN:  35%|██████████████                          | 7/20 [00:11<00:18,  1.43s/it, total=1.719, recon=0.512, kl=0.0353]
TRAIN:  40%|████████████████                        | 8/20 [00:11<00:17,  1.45s/it, total=1.719, recon=0.512, kl=0.0353]
TRAIN:  40%|████████████████                        | 8/20 [00:13<00:17,  1.45s/it, total=1.354, recon=0.400, kl=0.0338]
TRAIN:  45%|██████████████████                      | 9/20 [00:13<00:15,  1.43s/it, total=1.354, recon=0.400, kl=0.0338]
TRAIN:  45%|██████████████████                      | 9/20 [00:14<00:15,  1.43s/it, total=1.704, recon=0.465, kl=0.0345]
TRAIN:  50%|███████████████████▌                   | 10/20 [00:14<00:13,  1.36s/it, total=1.704, recon=0.465, kl=0.0345]
TRAIN:  50%|███████████████████▌                   | 10/20 [00:15<00:13,  1.36s/it, total=1.398, recon=0.413, kl=0.0328]
TRAIN:  55%|█████████████████████▍                 | 11/20 [00:15<00:11,  1.29s/it, total=1.398, recon=0.413, kl=0.0328]
TRAIN:  55%|█████████████████████▍                 | 11/20 [00:16<00:11,  1.29s/it, total=1.588, recon=0.443, kl=0.0346]
TRAIN:  60%|███████████████████████▍               | 12/20 [00:16<00:10,  1.35s/it, total=1.588, recon=0.443, kl=0.0346]
TRAIN:  60%|███████████████████████▍               | 12/20 [00:18<00:10,  1.35s/it, total=1.336, recon=0.435, kl=0.0334]
TRAIN:  65%|█████████████████████████▎             | 13/20 [00:18<00:09,  1.33s/it, total=1.336, recon=0.435, kl=0.0334]
TRAIN:  65%|█████████████████████████▎             | 13/20 [00:19<00:09,  1.33s/it, total=1.819, recon=0.492, kl=0.0351]
TRAIN:  70%|███████████████████████████▎           | 14/20 [00:19<00:07,  1.30s/it, total=1.819, recon=0.492, kl=0.0351]
TRAIN:  70%|███████████████████████████▎           | 14/20 [00:20<00:07,  1.30s/it, total=1.361, recon=0.391, kl=0.0332]
TRAIN:  75%|█████████████████████████████▎         | 15/20 [00:20<00:06,  1.28s/it, total=1.361, recon=0.391, kl=0.0332]
TRAIN:  75%|█████████████████████████████▎         | 15/20 [00:22<00:06,  1.28s/it, total=1.284, recon=0.444, kl=0.0335]
TRAIN:  80%|███████████████████████████████▏       | 16/20 [00:22<00:05,  1.31s/it, total=1.284, recon=0.444, kl=0.0335]
TRAIN:  80%|███████████████████████████████▏       | 16/20 [00:23<00:05,  1.31s/it, total=1.636, recon=0.422, kl=0.0334]
TRAIN:  85%|█████████████████████████████████▏     | 17/20 [00:23<00:04,  1.35s/it, total=1.636, recon=0.422, kl=0.0334]
TRAIN:  85%|█████████████████████████████████▏     | 17/20 [00:24<00:04,  1.35s/it, total=1.684, recon=0.455, kl=0.0336]
TRAIN:  90%|███████████████████████████████████    | 18/20 [00:24<00:02,  1.34s/it, total=1.684, recon=0.455, kl=0.0336]
TRAIN:  90%|███████████████████████████████████    | 18/20 [00:25<00:02,  1.34s/it, total=1.220, recon=0.363, kl=0.0319]
TRAIN:  95%|█████████████████████████████████████  | 19/20 [00:25<00:01,  1.29s/it, total=1.220, recon=0.363, kl=0.0319]
TRAIN:  95%|█████████████████████████████████████  | 19/20 [00:26<00:01,  1.29s/it, total=1.485, recon=0.401, kl=0.0324]
TRAIN: 100%|███████████████████████████████████████| 20/20 [00:26<00:00,  1.16s/it, total=1.485, recon=0.401, kl=0.0324]
                                                                                                                        

VAL  :   0%|                                                                                      | 0/6 [00:00<?, ?it/s]
VAL  :   0%|                                                 | 0/6 [00:00<?, ?it/s, total=4.750, recon=2.229, kl=0.0321]
VAL  :  17%|██████▊                                  | 1/6 [00:00<00:02,  2.47it/s, total=4.750, recon=2.229, kl=0.0321]
VAL  :  17%|██████▊                                  | 1/6 [00:00<00:02,  2.47it/s, total=4.134, recon=1.955, kl=0.0315]
VAL  :  33%|█████████████▋                           | 2/6 [00:00<00:01,  2.21it/s, total=4.134, recon=1.955, kl=0.0315]
VAL  :  33%|█████████████▋                           | 2/6 [00:01<00:01,  2.21it/s, total=3.956, recon=1.978, kl=0.0300]
VAL  :  50%|████████████████████▌                    | 3/6 [00:01<00:01,  2.33it/s, total=3.956, recon=1.978, kl=0.0300]
VAL  :  50%|████████████████████▌                    | 3/6 [00:01<00:01,  2.33it/s, total=4.037, recon=1.929, kl=0.0315]
VAL  :  67%|███████████████████████████▎             | 4/6 [00:01<00:00,  2.46it/s, total=4.037, recon=1.929, kl=0.0315]
VAL  :  67%|███████████████████████████▎             | 4/6 [00:02<00:00,  2.46it/s, total=3.998, recon=1.930, kl=0.0319]
VAL  :  83%|██████████████████████████████████▏      | 5/6 [00:02<00:00,  2.32it/s, total=3.998, recon=1.930, kl=0.0319]
VAL  :  83%|██████████████████████████████████▏      | 5/6 [00:02<00:00,  2.32it/s, total=3.261, recon=1.675, kl=0.0299]
VAL  : 100%|█████████████████████████████████████████| 6/6 [00:02<00:00,  2.71it/s, total=3.261, recon=1.675, kl=0.0299]
                                                                                                                        

TRAIN:   0%|                                                                                     | 0/20 [00:00<?, ?it/s]
TRAIN:   0%|                                                | 0/20 [00:01<?, ?it/s, total=1.535, recon=0.472, kl=0.0335]
TRAIN:   5%|██                                      | 1/20 [00:01<00:26,  1.42s/it, total=1.535, recon=0.472, kl=0.0335]
TRAIN:   5%|██                                      | 1/20 [00:02<00:26,  1.42s/it, total=1.172, recon=0.376, kl=0.0340]
TRAIN:  10%|████                                    | 2/20 [00:02<00:25,  1.39s/it, total=1.172, recon=0.376, kl=0.0340]
TRAIN:  10%|████                                    | 2/20 [00:04<00:25,  1.39s/it, total=1.552, recon=0.451, kl=0.0358]
TRAIN:  15%|██████                                  | 3/20 [00:04<00:23,  1.36s/it, total=1.552, recon=0.451, kl=0.0358]
TRAIN:  15%|██████                                  | 3/20 [00:05<00:23,  1.36s/it, total=1.683, recon=0.494, kl=0.0339]
TRAIN:  20%|████████                                | 4/20 [00:05<00:23,  1.45s/it, total=1.683, recon=0.494, kl=0.0339]
TRAIN:  20%|████████                                | 4/20 [00:07<00:23,  1.45s/it, total=1.444, recon=0.466, kl=0.0351]
TRAIN:  25%|██████████                              | 5/20 [00:07<00:21,  1.44s/it, total=1.444, recon=0.466, kl=0.0351]
TRAIN:  25%|██████████                              | 5/20 [00:08<00:21,  1.44s/it, total=1.550, recon=0.450, kl=0.0340]
TRAIN:  30%|████████████                            | 6/20 [00:08<00:19,  1.39s/it, total=1.550, recon=0.450, kl=0.0340]
TRAIN:  30%|████████████                            | 6/20 [00:09<00:19,  1.39s/it, total=1.567, recon=0.495, kl=0.0337]
TRAIN:  35%|██████████████                          | 7/20 [00:09<00:18,  1.45s/it, total=1.567, recon=0.495, kl=0.0337]
TRAIN:  35%|██████████████                          | 7/20 [00:11<00:18,  1.45s/it, total=1.375, recon=0.414, kl=0.0343]
TRAIN:  40%|████████████████                        | 8/20 [00:11<00:17,  1.42s/it, total=1.375, recon=0.414, kl=0.0343]
TRAIN:  40%|████████████████                        | 8/20 [00:12<00:17,  1.42s/it, total=1.447, recon=0.394, kl=0.0332]
TRAIN:  45%|██████████████████                      | 9/20 [00:12<00:15,  1.41s/it, total=1.447, recon=0.394, kl=0.0332]
TRAIN:  45%|██████████████████                      | 9/20 [00:14<00:15,  1.41s/it, total=1.452, recon=0.429, kl=0.0327]
TRAIN:  50%|███████████████████▌                   | 10/20 [00:14<00:14,  1.45s/it, total=1.452, recon=0.429, kl=0.0327]
TRAIN:  50%|███████████████████▌                   | 10/20 [00:15<00:14,  1.45s/it, total=1.267, recon=0.355, kl=0.0315]
TRAIN:  55%|█████████████████████▍                 | 11/20 [00:15<00:13,  1.45s/it, total=1.267, recon=0.355, kl=0.0315]
TRAIN:  55%|█████████████████████▍                 | 11/20 [00:16<00:13,  1.45s/it, total=1.347, recon=0.414, kl=0.0338]
TRAIN:  60%|███████████████████████▍               | 12/20 [00:16<00:10,  1.37s/it, total=1.347, recon=0.414, kl=0.0338]
TRAIN:  60%|███████████████████████▍               | 12/20 [00:18<00:10,  1.37s/it, total=1.743, recon=0.505, kl=0.0340]
TRAIN:  65%|█████████████████████████▎             | 13/20 [00:18<00:09,  1.32s/it, total=1.743, recon=0.505, kl=0.0340]
TRAIN:  65%|█████████████████████████▎             | 13/20 [00:19<00:09,  1.32s/it, total=1.404, recon=0.423, kl=0.0342]
TRAIN:  70%|███████████████████████████▎           | 14/20 [00:19<00:08,  1.35s/it, total=1.404, recon=0.423, kl=0.0342]
TRAIN:  70%|███████████████████████████▎           | 14/20 [00:20<00:08,  1.35s/it, total=1.579, recon=0.420, kl=0.0332]
TRAIN:  75%|█████████████████████████████▎         | 15/20 [00:20<00:06,  1.38s/it, total=1.579, recon=0.420, kl=0.0332]
TRAIN:  75%|█████████████████████████████▎         | 15/20 [00:22<00:06,  1.38s/it, total=1.720, recon=0.456, kl=0.0335]
TRAIN:  80%|███████████████████████████████▏       | 16/20 [00:22<00:05,  1.35s/it, total=1.720, recon=0.456, kl=0.0335]
TRAIN:  80%|███████████████████████████████▏       | 16/20 [00:23<00:05,  1.35s/it, total=1.643, recon=0.476, kl=0.0337]
TRAIN:  85%|█████████████████████████████████▏     | 17/20 [00:23<00:03,  1.30s/it, total=1.643, recon=0.476, kl=0.0337]
TRAIN:  85%|█████████████████████████████████▏     | 17/20 [00:24<00:03,  1.30s/it, total=1.678, recon=0.483, kl=0.0340]
TRAIN:  90%|███████████████████████████████████    | 18/20 [00:24<00:02,  1.29s/it, total=1.678, recon=0.483, kl=0.0340]
TRAIN:  90%|███████████████████████████████████    | 18/20 [00:25<00:02,  1.29s/it, total=1.416, recon=0.399, kl=0.0336]
TRAIN:  95%|█████████████████████████████████████  | 19/20 [00:25<00:01,  1.27s/it, total=1.416, recon=0.399, kl=0.0336]
TRAIN:  95%|█████████████████████████████████████  | 19/20 [00:26<00:01,  1.27s/it, total=1.423, recon=0.419, kl=0.0332]
TRAIN: 100%|███████████████████████████████████████| 20/20 [00:26<00:00,  1.11s/it, total=1.423, recon=0.419, kl=0.0332]
                                                                                                                        

VAL  :   0%|                                                                                      | 0/6 [00:00<?, ?it/s]
VAL  :   0%|                                                 | 0/6 [00:00<?, ?it/s, total=5.100, recon=2.215, kl=0.0324]
VAL  :  17%|██████▊                                  | 1/6 [00:00<00:01,  3.00it/s, total=5.100, recon=2.215, kl=0.0324]
VAL  :  17%|██████▊                                  | 1/6 [00:00<00:01,  3.00it/s, total=4.200, recon=1.957, kl=0.0322]
VAL  :  33%|█████████████▋                           | 2/6 [00:00<00:01,  2.93it/s, total=4.200, recon=1.957, kl=0.0322]
VAL  :  33%|█████████████▋                           | 2/6 [00:01<00:01,  2.93it/s, total=4.174, recon=1.989, kl=0.0300]
VAL  :  50%|████████████████████▌                    | 3/6 [00:01<00:01,  2.83it/s, total=4.174, recon=1.989, kl=0.0300]
VAL  :  50%|████████████████████▌                    | 3/6 [00:01<00:01,  2.83it/s, total=4.165, recon=1.916, kl=0.0307]
VAL  :  67%|███████████████████████████▎             | 4/6 [00:01<00:00,  2.58it/s, total=4.165, recon=1.916, kl=0.0307]
VAL  :  67%|███████████████████████████▎             | 4/6 [00:01<00:00,  2.58it/s, total=4.355, recon=1.944, kl=0.0310]
VAL  :  83%|██████████████████████████████████▏      | 5/6 [00:01<00:00,  2.52it/s, total=4.355, recon=1.944, kl=0.0310]
VAL  :  83%|██████████████████████████████████▏      | 5/6 [00:02<00:00,  2.52it/s, total=3.237, recon=1.660, kl=0.0312]
VAL  : 100%|█████████████████████████████████████████| 6/6 [00:02<00:00,  2.92it/s, total=3.237, recon=1.660, kl=0.0312]
                                                                                                                        

TRAIN:   0%|                                                                                     | 0/20 [00:00<?, ?it/s]
TRAIN:   0%|                                                | 0/20 [00:01<?, ?it/s, total=1.578, recon=0.461, kl=0.0332]
TRAIN:   5%|██                                      | 1/20 [00:01<00:29,  1.56s/it, total=1.578, recon=0.461, kl=0.0332]
TRAIN:   5%|██                                      | 1/20 [00:02<00:29,  1.56s/it, total=1.600, recon=0.430, kl=0.0346]
TRAIN:  10%|████                                    | 2/20 [00:02<00:26,  1.46s/it, total=1.600, recon=0.430, kl=0.0346]
TRAIN:  10%|████                                    | 2/20 [00:04<00:26,  1.46s/it, total=1.571, recon=0.465, kl=0.0340]
TRAIN:  15%|██████                                  | 3/20 [00:04<00:26,  1.55s/it, total=1.571, recon=0.465, kl=0.0340]
TRAIN:  15%|██████                                  | 3/20 [00:05<00:26,  1.55s/it, total=1.427, recon=0.439, kl=0.0340]
TRAIN:  20%|████████                                | 4/20 [00:05<00:23,  1.47s/it, total=1.427, recon=0.439, kl=0.0340]
TRAIN:  20%|████████                                | 4/20 [00:07<00:23,  1.47s/it, total=1.640, recon=0.480, kl=0.0340]
TRAIN:  25%|██████████                              | 5/20 [00:07<00:21,  1.41s/it, total=1.640, recon=0.480, kl=0.0340]
TRAIN:  25%|██████████                              | 5/20 [00:08<00:21,  1.41s/it, total=1.543, recon=0.428, kl=0.0324]
TRAIN:  30%|████████████                            | 6/20 [00:08<00:19,  1.39s/it, total=1.543, recon=0.428, kl=0.0324]
TRAIN:  30%|████████████                            | 6/20 [00:10<00:19,  1.39s/it, total=1.373, recon=0.467, kl=0.0338]
TRAIN:  35%|██████████████                          | 7/20 [00:10<00:19,  1.48s/it, total=1.373, recon=0.467, kl=0.0338]
TRAIN:  35%|██████████████                          | 7/20 [00:11<00:19,  1.48s/it, total=1.540, recon=0.409, kl=0.0332]
TRAIN:  40%|████████████████                        | 8/20 [00:11<00:17,  1.49s/it, total=1.540, recon=0.409, kl=0.0332]
TRAIN:  40%|████████████████                        | 8/20 [00:12<00:17,  1.49s/it, total=1.328, recon=0.430, kl=0.0325]
TRAIN:  45%|██████████████████                      | 9/20 [00:12<00:15,  1.40s/it, total=1.328, recon=0.430, kl=0.0325]
TRAIN:  45%|██████████████████                      | 9/20 [00:14<00:15,  1.40s/it, total=1.591, recon=0.486, kl=0.0354]
TRAIN:  50%|███████████████████▌                   | 10/20 [00:14<00:14,  1.44s/it, total=1.591, recon=0.486, kl=0.0354]
TRAIN:  50%|███████████████████▌                   | 10/20 [00:15<00:14,  1.44s/it, total=1.600, recon=0.436, kl=0.0338]
TRAIN:  55%|█████████████████████▍                 | 11/20 [00:15<00:12,  1.39s/it, total=1.600, recon=0.436, kl=0.0338]
TRAIN:  55%|█████████████████████▍                 | 11/20 [00:17<00:12,  1.39s/it, total=1.304, recon=0.445, kl=0.0340]
TRAIN:  60%|███████████████████████▍               | 12/20 [00:17<00:11,  1.41s/it, total=1.304, recon=0.445, kl=0.0340]
TRAIN:  60%|███████████████████████▍               | 12/20 [00:18<00:11,  1.41s/it, total=1.421, recon=0.463, kl=0.0340]
TRAIN:  65%|█████████████████████████▎             | 13/20 [00:18<00:09,  1.38s/it, total=1.421, recon=0.463, kl=0.0340]
TRAIN:  65%|█████████████████████████▎             | 13/20 [00:19<00:09,  1.38s/it, total=1.411, recon=0.473, kl=0.0331]
TRAIN:  70%|███████████████████████████▎           | 14/20 [00:19<00:08,  1.40s/it, total=1.411, recon=0.473, kl=0.0331]
TRAIN:  70%|███████████████████████████▎           | 14/20 [00:21<00:08,  1.40s/it, total=1.385, recon=0.410, kl=0.0330]
TRAIN:  75%|█████████████████████████████▎         | 15/20 [00:21<00:06,  1.35s/it, total=1.385, recon=0.410, kl=0.0330]
TRAIN:  75%|█████████████████████████████▎         | 15/20 [00:22<00:06,  1.35s/it, total=1.471, recon=0.488, kl=0.0359]
TRAIN:  80%|███████████████████████████████▏       | 16/20 [00:22<00:05,  1.32s/it, total=1.471, recon=0.488, kl=0.0359]
TRAIN:  80%|███████████████████████████████▏       | 16/20 [00:23<00:05,  1.32s/it, total=1.692, recon=0.436, kl=0.0323]
TRAIN:  85%|█████████████████████████████████▏     | 17/20 [00:23<00:04,  1.34s/it, total=1.692, recon=0.436, kl=0.0323]
TRAIN:  85%|█████████████████████████████████▏     | 17/20 [00:25<00:04,  1.34s/it, total=1.522, recon=0.433, kl=0.0339]
TRAIN:  90%|███████████████████████████████████    | 18/20 [00:25<00:02,  1.33s/it, total=1.522, recon=0.433, kl=0.0339]
TRAIN:  90%|███████████████████████████████████    | 18/20 [00:26<00:02,  1.33s/it, total=1.483, recon=0.444, kl=0.0329]
TRAIN:  95%|█████████████████████████████████████  | 19/20 [00:26<00:01,  1.35s/it, total=1.483, recon=0.444, kl=0.0329]
TRAIN:  95%|█████████████████████████████████████  | 19/20 [00:27<00:01,  1.35s/it, total=1.136, recon=0.374, kl=0.0316]
TRAIN: 100%|███████████████████████████████████████| 20/20 [00:27<00:00,  1.22s/it, total=1.136, recon=0.374, kl=0.0316]
                                                                                                                        

VAL  :   0%|                                                                                      | 0/6 [00:00<?, ?it/s]
VAL  :   0%|                                                 | 0/6 [00:00<?, ?it/s, total=4.814, recon=2.228, kl=0.0329]
VAL  :  17%|██████▊                                  | 1/6 [00:00<00:01,  2.51it/s, total=4.814, recon=2.228, kl=0.0329]
VAL  :  17%|██████▊                                  | 1/6 [00:00<00:01,  2.51it/s, total=4.121, recon=1.953, kl=0.0306]
VAL  :  33%|█████████████▋                           | 2/6 [00:00<00:01,  2.19it/s, total=4.121, recon=1.953, kl=0.0306]
VAL  :  33%|█████████████▋                           | 2/6 [00:01<00:01,  2.19it/s, total=4.082, recon=1.979, kl=0.0307]
VAL  :  50%|████████████████████▌                    | 3/6 [00:01<00:01,  2.30it/s, total=4.082, recon=1.979, kl=0.0307]
VAL  :  50%|████████████████████▌                    | 3/6 [00:01<00:01,  2.30it/s, total=4.305, recon=1.919, kl=0.0308]
VAL  :  67%|███████████████████████████▎             | 4/6 [00:01<00:00,  2.25it/s, total=4.305, recon=1.919, kl=0.0308]
VAL  :  67%|███████████████████████████▎             | 4/6 [00:02<00:00,  2.25it/s, total=4.121, recon=1.919, kl=0.0311]
VAL  :  83%|██████████████████████████████████▏      | 5/6 [00:02<00:00,  2.04it/s, total=4.121, recon=1.919, kl=0.0311]
VAL  :  83%|██████████████████████████████████▏      | 5/6 [00:02<00:00,  2.04it/s, total=3.254, recon=1.646, kl=0.0321]
VAL  : 100%|█████████████████████████████████████████| 6/6 [00:02<00:00,  2.46it/s, total=3.254, recon=1.646, kl=0.0321]
                                                                                                                        

TRAIN:   0%|                                                                                     | 0/20 [00:00<?, ?it/s]
TRAIN:   0%|                                                | 0/20 [00:01<?, ?it/s, total=1.319, recon=0.457, kl=0.0349]
TRAIN:   5%|██                                      | 1/20 [00:01<00:24,  1.30s/it, total=1.319, recon=0.457, kl=0.0349]
TRAIN:   5%|██                                      | 1/20 [00:02<00:24,  1.30s/it, total=1.476, recon=0.444, kl=0.0313]
TRAIN:  10%|████                                    | 2/20 [00:02<00:23,  1.28s/it, total=1.476, recon=0.444, kl=0.0313]
TRAIN:  10%|████                                    | 2/20 [00:04<00:23,  1.28s/it, total=1.199, recon=0.393, kl=0.0318]
TRAIN:  15%|██████                                  | 3/20 [00:04<00:22,  1.34s/it, total=1.199, recon=0.393, kl=0.0318]
TRAIN:  15%|██████                                  | 3/20 [00:05<00:22,  1.34s/it, total=1.606, recon=0.466, kl=0.0354]
TRAIN:  20%|████████                                | 4/20 [00:05<00:21,  1.33s/it, total=1.606, recon=0.466, kl=0.0354]
TRAIN:  20%|████████                                | 4/20 [00:06<00:21,  1.33s/it, total=1.813, recon=0.414, kl=0.0338]
TRAIN:  25%|██████████                              | 5/20 [00:06<00:20,  1.39s/it, total=1.813, recon=0.414, kl=0.0338]
TRAIN:  25%|██████████                              | 5/20 [00:08<00:20,  1.39s/it, total=1.345, recon=0.423, kl=0.0330]
TRAIN:  30%|████████████                            | 6/20 [00:08<00:19,  1.38s/it, total=1.345, recon=0.423, kl=0.0330]
TRAIN:  30%|████████████                            | 6/20 [00:09<00:19,  1.38s/it, total=1.612, recon=0.468, kl=0.0332]
TRAIN:  35%|██████████████                          | 7/20 [00:09<00:17,  1.36s/it, total=1.612, recon=0.468, kl=0.0332]
TRAIN:  35%|██████████████                          | 7/20 [00:10<00:17,  1.36s/it, total=1.540, recon=0.419, kl=0.0314]
TRAIN:  40%|████████████████                        | 8/20 [00:10<00:15,  1.33s/it, total=1.540, recon=0.419, kl=0.0314]
TRAIN:  40%|████████████████                        | 8/20 [00:11<00:15,  1.33s/it, total=1.684, recon=0.463, kl=0.0342]
TRAIN:  45%|██████████████████                      | 9/20 [00:11<00:14,  1.28s/it, total=1.684, recon=0.463, kl=0.0342]
TRAIN:  45%|██████████████████                      | 9/20 [00:13<00:14,  1.28s/it, total=1.557, recon=0.463, kl=0.0324]
TRAIN:  50%|███████████████████▌                   | 10/20 [00:13<00:12,  1.28s/it, total=1.557, recon=0.463, kl=0.0324]
TRAIN:  50%|███████████████████▌                   | 10/20 [00:14<00:12,  1.28s/it, total=1.642, recon=0.468, kl=0.0329]
TRAIN:  55%|█████████████████████▍                 | 11/20 [00:14<00:11,  1.27s/it, total=1.642, recon=0.468, kl=0.0329]
TRAIN:  55%|█████████████████████▍                 | 11/20 [00:15<00:11,  1.27s/it, total=1.441, recon=0.442, kl=0.0321]
TRAIN:  60%|███████████████████████▍               | 12/20 [00:15<00:10,  1.25s/it, total=1.441, recon=0.442, kl=0.0321]
TRAIN:  60%|███████████████████████▍               | 12/20 [00:17<00:10,  1.25s/it, total=1.653, recon=0.476, kl=0.0338]
TRAIN:  65%|█████████████████████████▎             | 13/20 [00:17<00:09,  1.30s/it, total=1.653, recon=0.476, kl=0.0338]
TRAIN:  65%|█████████████████████████▎             | 13/20 [00:18<00:09,  1.30s/it, total=1.379, recon=0.416, kl=0.0336]
TRAIN:  70%|███████████████████████████▎           | 14/20 [00:18<00:08,  1.34s/it, total=1.379, recon=0.416, kl=0.0336]
TRAIN:  70%|███████████████████████████▎           | 14/20 [00:19<00:08,  1.34s/it, total=1.391, recon=0.419, kl=0.0335]
TRAIN:  75%|█████████████████████████████▎         | 15/20 [00:19<00:06,  1.32s/it, total=1.391, recon=0.419, kl=0.0335]
TRAIN:  75%|█████████████████████████████▎         | 15/20 [00:21<00:06,  1.32s/it, total=1.483, recon=0.415, kl=0.0329]
TRAIN:  80%|███████████████████████████████▏       | 16/20 [00:21<00:05,  1.32s/it, total=1.483, recon=0.415, kl=0.0329]
TRAIN:  80%|███████████████████████████████▏       | 16/20 [00:22<00:05,  1.32s/it, total=1.314, recon=0.405, kl=0.0329]
TRAIN:  85%|█████████████████████████████████▏     | 17/20 [00:22<00:04,  1.34s/it, total=1.314, recon=0.405, kl=0.0329]
TRAIN:  85%|█████████████████████████████████▏     | 17/20 [00:23<00:04,  1.34s/it, total=1.786, recon=0.531, kl=0.0330]
TRAIN:  90%|███████████████████████████████████    | 18/20 [00:23<00:02,  1.29s/it, total=1.786, recon=0.531, kl=0.0330]
TRAIN:  90%|███████████████████████████████████    | 18/20 [00:24<00:02,  1.29s/it, total=1.395, recon=0.450, kl=0.0332]
TRAIN:  95%|█████████████████████████████████████  | 19/20 [00:24<00:01,  1.29s/it, total=1.395, recon=0.450, kl=0.0332]
TRAIN:  95%|█████████████████████████████████████  | 19/20 [00:25<00:01,  1.29s/it, total=1.501, recon=0.482, kl=0.0333]
TRAIN: 100%|███████████████████████████████████████| 20/20 [00:25<00:00,  1.17s/it, total=1.501, recon=0.482, kl=0.0333]
                                                                                                                        

VAL  :   0%|                                                                                      | 0/6 [00:00<?, ?it/s]
VAL  :   0%|                                                 | 0/6 [00:00<?, ?it/s, total=4.749, recon=2.237, kl=0.0330]
VAL  :  17%|██████▊                                  | 1/6 [00:00<00:02,  2.14it/s, total=4.749, recon=2.237, kl=0.0330]
VAL  :  17%|██████▊                                  | 1/6 [00:00<00:02,  2.14it/s, total=4.292, recon=1.953, kl=0.0315]
VAL  :  33%|█████████████▋                           | 2/6 [00:00<00:01,  2.25it/s, total=4.292, recon=1.953, kl=0.0315]
VAL  :  33%|█████████████▋                           | 2/6 [00:01<00:01,  2.25it/s, total=4.123, recon=1.980, kl=0.0308]
VAL  :  50%|████████████████████▌                    | 3/6 [00:01<00:01,  2.37it/s, total=4.123, recon=1.980, kl=0.0308]
VAL  :  50%|████████████████████▌                    | 3/6 [00:01<00:01,  2.37it/s, total=3.860, recon=1.912, kl=0.0300]
VAL  :  67%|███████████████████████████▎             | 4/6 [00:01<00:00,  2.22it/s, total=3.860, recon=1.912, kl=0.0300]
VAL  :  67%|███████████████████████████▎             | 4/6 [00:02<00:00,  2.22it/s, total=4.072, recon=1.926, kl=0.0318]
VAL  :  83%|██████████████████████████████████▏      | 5/6 [00:02<00:00,  2.34it/s, total=4.072, recon=1.926, kl=0.0318]
VAL  :  83%|██████████████████████████████████▏      | 5/6 [00:02<00:00,  2.34it/s, total=3.617, recon=1.639, kl=0.0301]
VAL  : 100%|█████████████████████████████████████████| 6/6 [00:02<00:00,  2.68it/s, total=3.617, recon=1.639, kl=0.0301]
                                                                                                                        

TRAIN:   0%|                                                                                     | 0/20 [00:00<?, ?it/s]
TRAIN:   0%|                                                | 0/20 [00:01<?, ?it/s, total=1.641, recon=0.479, kl=0.0340]
TRAIN:   5%|██                                      | 1/20 [00:01<00:23,  1.26s/it, total=1.641, recon=0.479, kl=0.0340]
TRAIN:   5%|██                                      | 1/20 [00:02<00:23,  1.26s/it, total=1.486, recon=0.424, kl=0.0343]
TRAIN:  10%|████                                    | 2/20 [00:02<00:23,  1.29s/it, total=1.486, recon=0.424, kl=0.0343]
TRAIN:  10%|████                                    | 2/20 [00:04<00:23,  1.29s/it, total=1.475, recon=0.388, kl=0.0340]
TRAIN:  15%|██████                                  | 3/20 [00:04<00:23,  1.37s/it, total=1.475, recon=0.388, kl=0.0340]
TRAIN:  15%|██████                                  | 3/20 [00:05<00:23,  1.37s/it, total=1.561, recon=0.499, kl=0.0333]
TRAIN:  20%|████████                                | 4/20 [00:05<00:21,  1.37s/it, total=1.561, recon=0.499, kl=0.0333]
TRAIN:  20%|████████                                | 4/20 [00:06<00:21,  1.37s/it, total=1.114, recon=0.375, kl=0.0306]
TRAIN:  25%|██████████                              | 5/20 [00:06<00:20,  1.35s/it, total=1.114, recon=0.375, kl=0.0306]
TRAIN:  25%|██████████                              | 5/20 [00:08<00:20,  1.35s/it, total=1.325, recon=0.434, kl=0.0331]
TRAIN:  30%|████████████                            | 6/20 [00:08<00:19,  1.37s/it, total=1.325, recon=0.434, kl=0.0331]
TRAIN:  30%|████████████                            | 6/20 [00:09<00:19,  1.37s/it, total=1.313, recon=0.452, kl=0.0347]
TRAIN:  35%|██████████████                          | 7/20 [00:09<00:17,  1.36s/it, total=1.313, recon=0.452, kl=0.0347]
TRAIN:  35%|██████████████                          | 7/20 [00:10<00:17,  1.36s/it, total=1.666, recon=0.454, kl=0.0325]
TRAIN:  40%|████████████████                        | 8/20 [00:10<00:16,  1.36s/it, total=1.666, recon=0.454, kl=0.0325]
TRAIN:  40%|████████████████                        | 8/20 [00:12<00:16,  1.36s/it, total=1.518, recon=0.403, kl=0.0318]
TRAIN:  45%|██████████████████                      | 9/20 [00:12<00:15,  1.38s/it, total=1.518, recon=0.403, kl=0.0318]
TRAIN:  45%|██████████████████                      | 9/20 [00:13<00:15,  1.38s/it, total=1.435, recon=0.438, kl=0.0339]
TRAIN:  50%|███████████████████▌                   | 10/20 [00:13<00:13,  1.33s/it, total=1.435, recon=0.438, kl=0.0339]
TRAIN:  50%|███████████████████▌                   | 10/20 [00:14<00:13,  1.33s/it, total=1.570, recon=0.460, kl=0.0341]
TRAIN:  55%|█████████████████████▍                 | 11/20 [00:14<00:11,  1.33s/it, total=1.570, recon=0.460, kl=0.0341]
TRAIN:  55%|█████████████████████▍                 | 11/20 [00:16<00:11,  1.33s/it, total=1.387, recon=0.410, kl=0.0327]
TRAIN:  60%|███████████████████████▍               | 12/20 [00:16<00:10,  1.33s/it, total=1.387, recon=0.410, kl=0.0327]
TRAIN:  60%|███████████████████████▍               | 12/20 [00:17<00:10,  1.33s/it, total=1.407, recon=0.458, kl=0.0319]
TRAIN:  65%|█████████████████████████▎             | 13/20 [00:17<00:09,  1.34s/it, total=1.407, recon=0.458, kl=0.0319]
TRAIN:  65%|█████████████████████████▎             | 13/20 [00:18<00:09,  1.34s/it, total=1.460, recon=0.440, kl=0.0335]
TRAIN:  70%|███████████████████████████▎           | 14/20 [00:18<00:07,  1.33s/it, total=1.460, recon=0.440, kl=0.0335]
TRAIN:  70%|███████████████████████████▎           | 14/20 [00:20<00:07,  1.33s/it, total=1.454, recon=0.417, kl=0.0332]
TRAIN:  75%|█████████████████████████████▎         | 15/20 [00:20<00:06,  1.31s/it, total=1.454, recon=0.417, kl=0.0332]
TRAIN:  75%|█████████████████████████████▎         | 15/20 [00:21<00:06,  1.31s/it, total=1.388, recon=0.408, kl=0.0322]
TRAIN:  80%|███████████████████████████████▏       | 16/20 [00:21<00:05,  1.28s/it, total=1.388, recon=0.408, kl=0.0322]
TRAIN:  80%|███████████████████████████████▏       | 16/20 [00:22<00:05,  1.28s/it, total=1.326, recon=0.469, kl=0.0330]
TRAIN:  85%|█████████████████████████████████▏     | 17/20 [00:22<00:03,  1.30s/it, total=1.326, recon=0.469, kl=0.0330]
TRAIN:  85%|█████████████████████████████████▏     | 17/20 [00:24<00:03,  1.30s/it, total=1.391, recon=0.445, kl=0.0324]
TRAIN:  90%|███████████████████████████████████    | 18/20 [00:24<00:02,  1.30s/it, total=1.391, recon=0.445, kl=0.0324]
TRAIN:  90%|███████████████████████████████████    | 18/20 [00:25<00:02,  1.30s/it, total=1.606, recon=0.487, kl=0.0344]
TRAIN:  95%|█████████████████████████████████████  | 19/20 [00:25<00:01,  1.27s/it, total=1.606, recon=0.487, kl=0.0344]
TRAIN:  95%|█████████████████████████████████████  | 19/20 [00:26<00:01,  1.27s/it, total=1.784, recon=0.501, kl=0.0379]
TRAIN: 100%|███████████████████████████████████████| 20/20 [00:26<00:00,  1.12s/it, total=1.784, recon=0.501, kl=0.0379]
                                                                                                                        

VAL  :   0%|                                                                                      | 0/6 [00:00<?, ?it/s]
VAL  :   0%|                                                 | 0/6 [00:00<?, ?it/s, total=4.875, recon=2.228, kl=0.0325]
VAL  :  17%|██████▊                                  | 1/6 [00:00<00:02,  1.96it/s, total=4.875, recon=2.228, kl=0.0325]
VAL  :  17%|██████▊                                  | 1/6 [00:00<00:02,  1.96it/s, total=4.029, recon=1.941, kl=0.0315]
VAL  :  33%|█████████████▋                           | 2/6 [00:00<00:01,  2.04it/s, total=4.029, recon=1.941, kl=0.0315]
VAL  :  33%|█████████████▋                           | 2/6 [00:01<00:01,  2.04it/s, total=3.934, recon=1.982, kl=0.0299]
VAL  :  50%|████████████████████▌                    | 3/6 [00:01<00:01,  2.05it/s, total=3.934, recon=1.982, kl=0.0299]
VAL  :  50%|████████████████████▌                    | 3/6 [00:01<00:01,  2.05it/s, total=4.038, recon=1.929, kl=0.0307]
VAL  :  67%|███████████████████████████▎             | 4/6 [00:01<00:00,  2.04it/s, total=4.038, recon=1.929, kl=0.0307]
VAL  :  67%|███████████████████████████▎             | 4/6 [00:02<00:00,  2.04it/s, total=4.295, recon=1.925, kl=0.0330]
VAL  :  83%|██████████████████████████████████▏      | 5/6 [00:02<00:00,  2.20it/s, total=4.295, recon=1.925, kl=0.0330]
VAL  :  83%|██████████████████████████████████▏      | 5/6 [00:02<00:00,  2.20it/s, total=3.155, recon=1.674, kl=0.0312]
VAL  : 100%|█████████████████████████████████████████| 6/6 [00:02<00:00,  2.73it/s, total=3.155, recon=1.674, kl=0.0312]
                                                                                                                        

TRAIN:   0%|                                                                                     | 0/20 [00:00<?, ?it/s]
TRAIN:   0%|                                                | 0/20 [00:01<?, ?it/s, total=1.534, recon=0.403, kl=0.0328]
TRAIN:   5%|██                                      | 1/20 [00:01<00:31,  1.67s/it, total=1.534, recon=0.403, kl=0.0328]
TRAIN:   5%|██                                      | 1/20 [00:03<00:31,  1.67s/it, total=1.343, recon=0.440, kl=0.0320]
TRAIN:  10%|████                                    | 2/20 [00:03<00:28,  1.57s/it, total=1.343, recon=0.440, kl=0.0320]
TRAIN:  10%|████                                    | 2/20 [00:04<00:28,  1.57s/it, total=1.538, recon=0.488, kl=0.0332]
TRAIN:  15%|██████                                  | 3/20 [00:04<00:26,  1.53s/it, total=1.538, recon=0.488, kl=0.0332]
TRAIN:  15%|██████                                  | 3/20 [00:05<00:26,  1.53s/it, total=1.326, recon=0.409, kl=0.0320]
TRAIN:  20%|████████                                | 4/20 [00:05<00:23,  1.44s/it, total=1.326, recon=0.409, kl=0.0320]
TRAIN:  20%|████████                                | 4/20 [00:07<00:23,  1.44s/it, total=1.600, recon=0.470, kl=0.0333]
TRAIN:  25%|██████████                              | 5/20 [00:07<00:21,  1.45s/it, total=1.600, recon=0.470, kl=0.0333]
TRAIN:  25%|██████████                              | 5/20 [00:08<00:21,  1.45s/it, total=1.532, recon=0.473, kl=0.0327]
TRAIN:  30%|████████████                            | 6/20 [00:08<00:19,  1.40s/it, total=1.532, recon=0.473, kl=0.0327]
TRAIN:  30%|████████████                            | 6/20 [00:09<00:19,  1.40s/it, total=1.711, recon=0.475, kl=0.0322]
TRAIN:  35%|██████████████                          | 7/20 [00:09<00:17,  1.36s/it, total=1.711, recon=0.475, kl=0.0322]
TRAIN:  35%|██████████████                          | 7/20 [00:11<00:17,  1.36s/it, total=1.303, recon=0.457, kl=0.0328]
TRAIN:  40%|████████████████                        | 8/20 [00:11<00:16,  1.38s/it, total=1.303, recon=0.457, kl=0.0328]
TRAIN:  40%|████████████████                        | 8/20 [00:12<00:16,  1.38s/it, total=1.585, recon=0.437, kl=0.0339]
TRAIN:  45%|██████████████████                      | 9/20 [00:12<00:15,  1.38s/it, total=1.585, recon=0.437, kl=0.0339]
TRAIN:  45%|██████████████████                      | 9/20 [00:13<00:15,  1.38s/it, total=1.558, recon=0.481, kl=0.0327]
TRAIN:  50%|███████████████████▌                   | 10/20 [00:13<00:13,  1.39s/it, total=1.558, recon=0.481, kl=0.0327]
TRAIN:  50%|███████████████████▌                   | 10/20 [00:15<00:13,  1.39s/it, total=1.493, recon=0.456, kl=0.0315]
TRAIN:  55%|█████████████████████▍                 | 11/20 [00:15<00:12,  1.43s/it, total=1.493, recon=0.456, kl=0.0315]
TRAIN:  55%|█████████████████████▍                 | 11/20 [00:16<00:12,  1.43s/it, total=1.461, recon=0.482, kl=0.0332]
TRAIN:  60%|███████████████████████▍               | 12/20 [00:16<00:10,  1.37s/it, total=1.461, recon=0.482, kl=0.0332]
TRAIN:  60%|███████████████████████▍               | 12/20 [00:17<00:10,  1.37s/it, total=1.403, recon=0.444, kl=0.0355]
TRAIN:  65%|█████████████████████████▎             | 13/20 [00:17<00:09,  1.33s/it, total=1.403, recon=0.444, kl=0.0355]
TRAIN:  65%|█████████████████████████▎             | 13/20 [00:19<00:09,  1.33s/it, total=1.629, recon=0.422, kl=0.0320]
TRAIN:  70%|███████████████████████████▎           | 14/20 [00:19<00:07,  1.31s/it, total=1.629, recon=0.422, kl=0.0320]
TRAIN:  70%|███████████████████████████▎           | 14/20 [00:20<00:07,  1.31s/it, total=1.556, recon=0.413, kl=0.0332]
TRAIN:  75%|█████████████████████████████▎         | 15/20 [00:20<00:06,  1.32s/it, total=1.556, recon=0.413, kl=0.0332]
TRAIN:  75%|█████████████████████████████▎         | 15/20 [00:21<00:06,  1.32s/it, total=1.477, recon=0.436, kl=0.0321]
TRAIN:  80%|███████████████████████████████▏       | 16/20 [00:21<00:05,  1.30s/it, total=1.477, recon=0.436, kl=0.0321]
TRAIN:  80%|███████████████████████████████▏       | 16/20 [00:23<00:05,  1.30s/it, total=1.612, recon=0.423, kl=0.0329]
TRAIN:  85%|█████████████████████████████████▏     | 17/20 [00:23<00:03,  1.29s/it, total=1.612, recon=0.423, kl=0.0329]
TRAIN:  85%|█████████████████████████████████▏     | 17/20 [00:24<00:03,  1.29s/it, total=1.419, recon=0.468, kl=0.0344]
TRAIN:  90%|███████████████████████████████████    | 18/20 [00:24<00:02,  1.32s/it, total=1.419, recon=0.468, kl=0.0344]
TRAIN:  90%|███████████████████████████████████    | 18/20 [00:25<00:02,  1.32s/it, total=1.322, recon=0.443, kl=0.0335]
TRAIN:  95%|█████████████████████████████████████  | 19/20 [00:25<00:01,  1.34s/it, total=1.322, recon=0.443, kl=0.0335]
TRAIN:  95%|█████████████████████████████████████  | 19/20 [00:26<00:01,  1.34s/it, total=1.383, recon=0.436, kl=0.0352]
TRAIN: 100%|███████████████████████████████████████| 20/20 [00:26<00:00,  1.17s/it, total=1.383, recon=0.436, kl=0.0352]
                                                                                                                        

VAL  :   0%|                                                                                      | 0/6 [00:00<?, ?it/s]
VAL  :   0%|                                                 | 0/6 [00:00<?, ?it/s, total=4.793, recon=2.232, kl=0.0335]
VAL  :  17%|██████▊                                  | 1/6 [00:00<00:02,  2.22it/s, total=4.793, recon=2.232, kl=0.0335]
VAL  :  17%|██████▊                                  | 1/6 [00:00<00:02,  2.22it/s, total=4.237, recon=1.943, kl=0.0312]
VAL  :  33%|█████████████▋                           | 2/6 [00:00<00:01,  2.19it/s, total=4.237, recon=1.943, kl=0.0312]
VAL  :  33%|█████████████▋                           | 2/6 [00:01<00:01,  2.19it/s, total=4.173, recon=1.984, kl=0.0311]
VAL  :  50%|████████████████████▌                    | 3/6 [00:01<00:01,  2.39it/s, total=4.173, recon=1.984, kl=0.0311]
VAL  :  50%|████████████████████▌                    | 3/6 [00:01<00:01,  2.39it/s, total=4.145, recon=1.915, kl=0.0301]
VAL  :  67%|███████████████████████████▎             | 4/6 [00:01<00:00,  2.42it/s, total=4.145, recon=1.915, kl=0.0301]
VAL  :  67%|███████████████████████████▎             | 4/6 [00:02<00:00,  2.42it/s, total=4.032, recon=1.929, kl=0.0321]
VAL  :  83%|██████████████████████████████████▏      | 5/6 [00:02<00:00,  2.40it/s, total=4.032, recon=1.929, kl=0.0321]
VAL  :  83%|██████████████████████████████████▏      | 5/6 [00:02<00:00,  2.40it/s, total=4.089, recon=1.617, kl=0.0312]
VAL  : 100%|█████████████████████████████████████████| 6/6 [00:02<00:00,  2.98it/s, total=4.089, recon=1.617, kl=0.0312]
                                                                                                                        

TRAIN:   0%|                                                                                     | 0/20 [00:00<?, ?it/s]
TRAIN:   0%|                                                | 0/20 [00:01<?, ?it/s, total=1.282, recon=0.428, kl=0.0324]
TRAIN:   5%|██                                      | 1/20 [00:01<00:27,  1.43s/it, total=1.282, recon=0.428, kl=0.0324]
TRAIN:   5%|██                                      | 1/20 [00:02<00:27,  1.43s/it, total=1.411, recon=0.429, kl=0.0339]
TRAIN:  10%|████                                    | 2/20 [00:02<00:25,  1.42s/it, total=1.411, recon=0.429, kl=0.0339]
TRAIN:  10%|████                                    | 2/20 [00:04<00:25,  1.42s/it, total=1.443, recon=0.473, kl=0.0333]
TRAIN:  15%|██████                                  | 3/20 [00:04<00:23,  1.36s/it, total=1.443, recon=0.473, kl=0.0333]
TRAIN:  15%|██████                                  | 3/20 [00:05<00:23,  1.36s/it, total=1.386, recon=0.481, kl=0.0350]
TRAIN:  20%|████████                                | 4/20 [00:05<00:22,  1.39s/it, total=1.386, recon=0.481, kl=0.0350]
TRAIN:  20%|████████                                | 4/20 [00:06<00:22,  1.39s/it, total=1.524, recon=0.454, kl=0.0323]
TRAIN:  25%|██████████                              | 5/20 [00:06<00:20,  1.39s/it, total=1.524, recon=0.454, kl=0.0323]
TRAIN:  25%|██████████                              | 5/20 [00:08<00:20,  1.39s/it, total=1.274, recon=0.433, kl=0.0323]
TRAIN:  30%|████████████                            | 6/20 [00:08<00:19,  1.38s/it, total=1.274, recon=0.433, kl=0.0323]
TRAIN:  30%|████████████                            | 6/20 [00:09<00:19,  1.38s/it, total=1.613, recon=0.512, kl=0.0338]
TRAIN:  35%|██████████████                          | 7/20 [00:09<00:19,  1.47s/it, total=1.613, recon=0.512, kl=0.0338]
TRAIN:  35%|██████████████                          | 7/20 [00:11<00:19,  1.47s/it, total=1.568, recon=0.464, kl=0.0328]
TRAIN:  40%|████████████████                        | 8/20 [00:11<00:17,  1.46s/it, total=1.568, recon=0.464, kl=0.0328]
TRAIN:  40%|████████████████                        | 8/20 [00:12<00:17,  1.46s/it, total=1.537, recon=0.469, kl=0.0326]
TRAIN:  45%|██████████████████                      | 9/20 [00:12<00:15,  1.41s/it, total=1.537, recon=0.469, kl=0.0326]
TRAIN:  45%|██████████████████                      | 9/20 [00:13<00:15,  1.41s/it, total=1.447, recon=0.429, kl=0.0336]
TRAIN:  50%|███████████████████▌                   | 10/20 [00:13<00:13,  1.38s/it, total=1.447, recon=0.429, kl=0.0336]
TRAIN:  50%|███████████████████▌                   | 10/20 [00:15<00:13,  1.38s/it, total=1.447, recon=0.426, kl=0.0311]
TRAIN:  55%|█████████████████████▍                 | 11/20 [00:15<00:12,  1.38s/it, total=1.447, recon=0.426, kl=0.0311]
TRAIN:  55%|█████████████████████▍                 | 11/20 [00:16<00:12,  1.38s/it, total=1.350, recon=0.403, kl=0.0337]
TRAIN:  60%|███████████████████████▍               | 12/20 [00:16<00:11,  1.38s/it, total=1.350, recon=0.403, kl=0.0337]
TRAIN:  60%|███████████████████████▍               | 12/20 [00:18<00:11,  1.38s/it, total=1.270, recon=0.394, kl=0.0330]
TRAIN:  65%|█████████████████████████▎             | 13/20 [00:18<00:09,  1.40s/it, total=1.270, recon=0.394, kl=0.0330]
TRAIN:  65%|█████████████████████████▎             | 13/20 [00:19<00:09,  1.40s/it, total=1.633, recon=0.437, kl=0.0349]
TRAIN:  70%|███████████████████████████▎           | 14/20 [00:19<00:08,  1.39s/it, total=1.633, recon=0.437, kl=0.0349]
TRAIN:  70%|███████████████████████████▎           | 14/20 [00:20<00:08,  1.39s/it, total=1.488, recon=0.426, kl=0.0336]
TRAIN:  75%|█████████████████████████████▎         | 15/20 [00:20<00:06,  1.33s/it, total=1.488, recon=0.426, kl=0.0336]
TRAIN:  75%|█████████████████████████████▎         | 15/20 [00:22<00:06,  1.33s/it, total=1.779, recon=0.487, kl=0.0346]
TRAIN:  80%|███████████████████████████████▏       | 16/20 [00:22<00:05,  1.35s/it, total=1.779, recon=0.487, kl=0.0346]
TRAIN:  80%|███████████████████████████████▏       | 16/20 [00:23<00:05,  1.35s/it, total=1.407, recon=0.419, kl=0.0330]
TRAIN:  85%|█████████████████████████████████▏     | 17/20 [00:23<00:04,  1.41s/it, total=1.407, recon=0.419, kl=0.0330]
TRAIN:  85%|█████████████████████████████████▏     | 17/20 [00:24<00:04,  1.41s/it, total=1.560, recon=0.479, kl=0.0345]
TRAIN:  90%|███████████████████████████████████    | 18/20 [00:24<00:02,  1.37s/it, total=1.560, recon=0.479, kl=0.0345]
TRAIN:  90%|███████████████████████████████████    | 18/20 [00:26<00:02,  1.37s/it, total=1.265, recon=0.435, kl=0.0349]
TRAIN:  95%|█████████████████████████████████████  | 19/20 [00:26<00:01,  1.30s/it, total=1.265, recon=0.435, kl=0.0349]
TRAIN:  95%|█████████████████████████████████████  | 19/20 [00:26<00:01,  1.30s/it, total=1.638, recon=0.468, kl=0.0332]
TRAIN: 100%|███████████████████████████████████████| 20/20 [00:26<00:00,  1.14s/it, total=1.638, recon=0.468, kl=0.0332]
                                                                                                                        

VAL  :   0%|                                                                                      | 0/6 [00:00<?, ?it/s]
VAL  :   0%|                                                 | 0/6 [00:00<?, ?it/s, total=4.817, recon=2.243, kl=0.0326]
VAL  :  17%|██████▊                                  | 1/6 [00:00<00:01,  2.69it/s, total=4.817, recon=2.243, kl=0.0326]
VAL  :  17%|██████▊                                  | 1/6 [00:00<00:01,  2.69it/s, total=4.229, recon=1.946, kl=0.0309]
VAL  :  33%|█████████████▋                           | 2/6 [00:00<00:01,  2.46it/s, total=4.229, recon=1.946, kl=0.0309]
VAL  :  33%|█████████████▋                           | 2/6 [00:01<00:01,  2.46it/s, total=4.230, recon=1.984, kl=0.0296]
VAL  :  50%|████████████████████▌                    | 3/6 [00:01<00:01,  2.49it/s, total=4.230, recon=1.984, kl=0.0296]
VAL  :  50%|████████████████████▌                    | 3/6 [00:01<00:01,  2.49it/s, total=4.042, recon=1.917, kl=0.0303]
VAL  :  67%|███████████████████████████▎             | 4/6 [00:01<00:00,  2.38it/s, total=4.042, recon=1.917, kl=0.0303]
VAL  :  67%|███████████████████████████▎             | 4/6 [00:02<00:00,  2.38it/s, total=4.069, recon=1.935, kl=0.0322]
VAL  :  83%|██████████████████████████████████▏      | 5/6 [00:02<00:00,  2.17it/s, total=4.069, recon=1.935, kl=0.0322]
VAL  :  83%|██████████████████████████████████▏      | 5/6 [00:02<00:00,  2.17it/s, total=3.200, recon=1.657, kl=0.0323]
VAL  : 100%|█████████████████████████████████████████| 6/6 [00:02<00:00,  2.73it/s, total=3.200, recon=1.657, kl=0.0323]
                                                                                                                        

TRAIN:   0%|                                                                                     | 0/20 [00:00<?, ?it/s]
TRAIN:   0%|                                                | 0/20 [00:01<?, ?it/s, total=1.444, recon=0.396, kl=0.0330]
TRAIN:   5%|██                                      | 1/20 [00:01<00:24,  1.31s/it, total=1.444, recon=0.396, kl=0.0330]
TRAIN:   5%|██                                      | 1/20 [00:03<00:24,  1.31s/it, total=1.475, recon=0.449, kl=0.0338]
TRAIN:  10%|████                                    | 2/20 [00:03<00:26,  1.46s/it, total=1.475, recon=0.449, kl=0.0338]
TRAIN:  10%|████                                    | 2/20 [00:04<00:26,  1.46s/it, total=1.553, recon=0.421, kl=0.0338]
TRAIN:  15%|██████                                  | 3/20 [00:04<00:24,  1.44s/it, total=1.553, recon=0.421, kl=0.0338]
TRAIN:  15%|██████                                  | 3/20 [00:06<00:24,  1.44s/it, total=1.384, recon=0.455, kl=0.0343]
TRAIN:  20%|████████                                | 4/20 [00:06<00:23,  1.49s/it, total=1.384, recon=0.455, kl=0.0343]
TRAIN:  20%|████████                                | 4/20 [00:07<00:23,  1.49s/it, total=1.616, recon=0.448, kl=0.0320]
TRAIN:  25%|██████████                              | 5/20 [00:07<00:22,  1.48s/it, total=1.616, recon=0.448, kl=0.0320]
TRAIN:  25%|██████████                              | 5/20 [00:09<00:22,  1.48s/it, total=1.554, recon=0.449, kl=0.0342]
TRAIN:  30%|████████████                            | 6/20 [00:09<00:21,  1.55s/it, total=1.554, recon=0.449, kl=0.0342]
TRAIN:  30%|████████████                            | 6/20 [00:10<00:21,  1.55s/it, total=1.724, recon=0.471, kl=0.0329]
TRAIN:  35%|██████████████                          | 7/20 [00:10<00:19,  1.49s/it, total=1.724, recon=0.471, kl=0.0329]
TRAIN:  35%|██████████████                          | 7/20 [00:11<00:19,  1.49s/it, total=1.566, recon=0.394, kl=0.0319]
TRAIN:  40%|████████████████                        | 8/20 [00:11<00:17,  1.43s/it, total=1.566, recon=0.394, kl=0.0319]
TRAIN:  40%|████████████████                        | 8/20 [00:13<00:17,  1.43s/it, total=1.464, recon=0.467, kl=0.0335]
TRAIN:  45%|██████████████████                      | 9/20 [00:13<00:15,  1.42s/it, total=1.464, recon=0.467, kl=0.0335]
TRAIN:  45%|██████████████████                      | 9/20 [00:14<00:15,  1.42s/it, total=1.408, recon=0.411, kl=0.0334]
TRAIN:  50%|███████████████████▌                   | 10/20 [00:14<00:14,  1.41s/it, total=1.408, recon=0.411, kl=0.0334]
TRAIN:  50%|███████████████████▌                   | 10/20 [00:16<00:14,  1.41s/it, total=1.456, recon=0.440, kl=0.0324]
TRAIN:  55%|█████████████████████▍                 | 11/20 [00:16<00:12,  1.43s/it, total=1.456, recon=0.440, kl=0.0324]
TRAIN:  55%|█████████████████████▍                 | 11/20 [00:17<00:12,  1.43s/it, total=1.551, recon=0.482, kl=0.0340]
TRAIN:  60%|███████████████████████▍               | 12/20 [00:17<00:11,  1.39s/it, total=1.551, recon=0.482, kl=0.0340]
TRAIN:  60%|███████████████████████▍               | 12/20 [00:18<00:11,  1.39s/it, total=1.392, recon=0.449, kl=0.0345]
TRAIN:  65%|█████████████████████████▎             | 13/20 [00:18<00:09,  1.37s/it, total=1.392, recon=0.449, kl=0.0345]
TRAIN:  65%|█████████████████████████▎             | 13/20 [00:20<00:09,  1.37s/it, total=1.639, recon=0.508, kl=0.0334]
TRAIN:  70%|███████████████████████████▎           | 14/20 [00:20<00:08,  1.40s/it, total=1.639, recon=0.508, kl=0.0334]
TRAIN:  70%|███████████████████████████▎           | 14/20 [00:21<00:08,  1.40s/it, total=1.348, recon=0.436, kl=0.0322]
TRAIN:  75%|█████████████████████████████▎         | 15/20 [00:21<00:06,  1.37s/it, total=1.348, recon=0.436, kl=0.0322]
TRAIN:  75%|█████████████████████████████▎         | 15/20 [00:22<00:06,  1.37s/it, total=1.506, recon=0.445, kl=0.0331]
TRAIN:  80%|███████████████████████████████▏       | 16/20 [00:22<00:05,  1.37s/it, total=1.506, recon=0.445, kl=0.0331]
TRAIN:  80%|███████████████████████████████▏       | 16/20 [00:24<00:05,  1.37s/it, total=1.408, recon=0.456, kl=0.0333]
TRAIN:  85%|█████████████████████████████████▏     | 17/20 [00:24<00:04,  1.46s/it, total=1.408, recon=0.456, kl=0.0333]
TRAIN:  85%|█████████████████████████████████▏     | 17/20 [00:25<00:04,  1.46s/it, total=1.328, recon=0.440, kl=0.0331]
TRAIN:  90%|███████████████████████████████████    | 18/20 [00:25<00:02,  1.38s/it, total=1.328, recon=0.440, kl=0.0331]
TRAIN:  90%|███████████████████████████████████    | 18/20 [00:27<00:02,  1.38s/it, total=1.374, recon=0.458, kl=0.0330]
TRAIN:  95%|█████████████████████████████████████  | 19/20 [00:27<00:01,  1.39s/it, total=1.374, recon=0.458, kl=0.0330]
TRAIN:  95%|█████████████████████████████████████  | 19/20 [00:28<00:01,  1.39s/it, total=1.266, recon=0.361, kl=0.0314]
TRAIN: 100%|███████████████████████████████████████| 20/20 [00:28<00:00,  1.25s/it, total=1.266, recon=0.361, kl=0.0314]
                                                                                                                        

VAL  :   0%|                                                                                      | 0/6 [00:00<?, ?it/s]
VAL  :   0%|                                                 | 0/6 [00:00<?, ?it/s, total=4.801, recon=2.222, kl=0.0338]
VAL  :  17%|██████▊                                  | 1/6 [00:00<00:02,  2.25it/s, total=4.801, recon=2.222, kl=0.0338]
VAL  :  17%|██████▊                                  | 1/6 [00:00<00:02,  2.25it/s, total=4.202, recon=1.952, kl=0.0312]
VAL  :  33%|█████████████▋                           | 2/6 [00:00<00:01,  2.25it/s, total=4.202, recon=1.952, kl=0.0312]
VAL  :  33%|█████████████▋                           | 2/6 [00:01<00:01,  2.25it/s, total=4.212, recon=1.994, kl=0.0309]
VAL  :  50%|████████████████████▌                    | 3/6 [00:01<00:01,  2.41it/s, total=4.212, recon=1.994, kl=0.0309]
VAL  :  50%|████████████████████▌                    | 3/6 [00:01<00:01,  2.41it/s, total=3.941, recon=1.916, kl=0.0303]
VAL  :  67%|███████████████████████████▎             | 4/6 [00:01<00:00,  2.53it/s, total=3.941, recon=1.916, kl=0.0303]
VAL  :  67%|███████████████████████████▎             | 4/6 [00:02<00:00,  2.53it/s, total=3.980, recon=1.919, kl=0.0326]
VAL  :  83%|██████████████████████████████████▏      | 5/6 [00:02<00:00,  2.46it/s, total=3.980, recon=1.919, kl=0.0326]
VAL  :  83%|██████████████████████████████████▏      | 5/6 [00:02<00:00,  2.46it/s, total=3.333, recon=1.663, kl=0.0299]
VAL  : 100%|█████████████████████████████████████████| 6/6 [00:02<00:00,  3.03it/s, total=3.333, recon=1.663, kl=0.0299]
                                                                                                                        
