sequence,lead_id,lead_sequence,mask_strategy,composite_score,edit_distance_from_lead,descriptor,predicted_activity,hemolysis_risk,toxicity_risk,aggregation_propensity,novelty,nearest_neighbor_similarity,length,molecular_weight,net_charge,KRH_ratio,positive_density,GRAVY,hydrophobic_ratio,aliphatic_index,hydrophobic_moment,aromatic_ratio,helix_propensity,turn_propensity,disorder_tendency,instability_index,Boman_index,repeat_ratio,gram_negative_active
LKILKKIGKIFK,DBAASPS_3365,LNWKAILKHIIK,lead_opt_random,9.3989,9,12;1212.715;4.9965;0.4167;0.4164;0.3333;0.5;162.5;0.5456;0.0833;1.0967;0.8233;0.2925;2.6153;-0.1483;0.0;0.0006;0.0002;0.0;1.0,1.0,0.0006,0.0002,0.0,1.0,0.4444,12,1212.715,4.9965,0.4167,0.4164,0.3333,0.5,162.5,0.5456,0.0833,1.0967,0.8233,0.2925,2.6153,-0.1483,0.0,1.0
GLWKHIKKLLGK,DBAASPS_3367,LNWGAKLKHIIK,lead_opt_contiguous,9.3988,9,12;1204.605;4.0877;0.4167;0.3406;-0.3833;0.4167;130.0;0.405;0.0833;1.0475;0.9558;0.31;2.5353;-0.0925;0.0;0.0006;0.0002;0.0;1.0,1.0,0.0006,0.0002,0.0,1.0,0.5833,12,1204.605,4.0877,0.4167,0.3406,-0.3833,0.4167,130.0,0.405,0.0833,1.0475,0.9558,0.31,2.5353,-0.0925,0.0,1.0
IKKLFKKIGKVL,DBAASPS_3365,LNWKAILKHIIK,lead_opt_random,9.3981,12,12;1198.685;4.9965;0.4167;0.4164;0.3083;0.5;154.1667;0.5424;0.0833;1.095;0.8258;0.295;2.6801;-0.1325;0.0;0.0009;0.0004;0.0;1.0,1.0,0.0009,0.0004,0.0,1.0,0.5778,12,1198.685,4.9965,0.4167,0.4164,0.3083,0.5,154.1667,0.5424,0.0833,1.095,0.8258,0.295,2.6801,-0.1325,0.0,1.0
GKILKFIKKLK,DBAASPS_3367,LNWGAKLKHIIK,lead_opt_random,9.3981,11,11;1117.57;4.9965;0.4545;0.4542;-0.0455;0.4545;141.8182;0.3984;0.0909;1.0982;0.8555;0.3082;2.5547;-0.1073;0.0;0.001;0.0004;0.0;1.0,1.0,0.001,0.0004,0.0,1.0,0.5152,11,1117.57,4.9965,0.4545,0.4542,-0.0455,0.4545,141.8182,0.3984,0.0909,1.0982,0.8555,0.3082,2.5547,-0.1073,0.0,1.0
GKIIKVIKKVAK,DBAASPS_3365,LNWKAILKHIIK,lead_opt_random,9.3981,10,12;1108.555;4.9965;0.4167;0.4164;0.3167;0.5;154.1667;0.5157;0.0;1.0958;0.8083;0.2975;2.4897;-0.0875;0.0;0.001;0.0004;0.0;1.0,1.0,0.001,0.0004,0.0,1.0,0.4722,12,1108.555,4.9965,0.4167,0.4164,0.3167,0.5,154.1667,0.5157,0.0,1.0958,0.8083,0.2975,2.4897,-0.0875,0.0,1.0
GIKKIFKVAKKL,DBAASPS_3367,LNWGAKLKHIIK,lead_opt_random,9.398,12,12;1156.605;4.9965;0.4167;0.4164;0.1417;0.5;130.0;0.5282;0.0833;1.1125;0.8267;0.3;2.6284;-0.0967;0.0;0.001;0.0004;0.0;1.0,1.0,0.001,0.0004,0.0,1.0,0.4578,12,1156.605,4.9965,0.4167,0.4164,0.1417,0.5,130.0,0.5282,0.0833,1.1125,0.8267,0.3,2.6284,-0.0967,0.0,1.0
GLFKRIKKVVKV,DBAASPS_3367,LNWGAKLKHIIK,lead_opt_motif,9.3978,11,12;1198.645;4.9968;0.4167;0.4164;0.2667;0.5;137.5;0.4859;0.0833;1.0633;0.8158;0.2933;2.5194;-0.0633;0.0;0.0011;0.0004;0.0;1.0,0.9999,0.0011,0.0004,0.0,1.0,0.5128,12,1198.645,4.9968,0.4167,0.4164,0.2667,0.5,137.5,0.4859,0.0833,1.0633,0.8158,0.2933,2.5194,-0.0633,0.0,1.0
GIKKFLKMLKK,DBAASPS_3367,LNWGAKLKHIIK,lead_opt_motif,9.3978,12,11;1135.61;4.9965;0.4545;0.4542;-0.2818;0.4545;106.3636;0.5237;0.0909;1.1318;0.8673;0.3173;2.6535;-0.09;0.0;0.0011;0.0004;0.0;1.0,0.9999,0.0011,0.0004,0.0,1.0,0.4231,11,1135.61,4.9965,0.4545,0.4542,-0.2818,0.4545,106.3636,0.5237,0.0909,1.1318,0.8673,0.3173,2.6535,-0.09,0.0,1.0
AGLFKRIKKVAK,DBAASPS_3367,LNWGAKLKHIIK,lead_opt_contiguous,9.3977,10,12;1142.545;4.9968;0.4167;0.4164;-0.1333;0.5;105.8333;0.4301;0.0833;1.1233;0.8325;0.3117;2.5362;-0.0267;0.0;0.0012;0.0005;0.0;1.0,0.9999,0.0012,0.0005,0.0,1.0,0.4444,12,1142.545,4.9968,0.4167,0.4164,-0.1333,0.5,105.8333,0.4301,0.0833,1.1233,0.8325,0.3117,2.5362,-0.0267,0.0,1.0
GLKRIVKVFKKL,DBAASPS_3367,LNWGAKLKHIIK,lead_opt_contiguous,9.3977,12,12;1212.675;4.9968;0.4167;0.4164;0.2333;0.5;145.8333;0.5767;0.0833;1.0758;0.8233;0.2975;2.4942;-0.0808;0.0;0.0012;0.0005;0.0;1.0,0.9999,0.0012,0.0005,0.0,1.0,0.4209,12,1212.675,4.9968,0.4167,0.4164,0.2333,0.5,145.8333,0.5767,0.0833,1.0758,0.8233,0.2975,2.4942,-0.0808,0.0,1.0
IGGKIKKIAKVFK,DBAASPS_3367,LNWGAKLKHIIK,lead_opt_random,9.3976,12,13;1195.64;4.9965;0.3846;0.3843;0.1538;0.4615;120.0;0.3748;0.0769;1.0608;0.88;0.3015;2.7738;-0.0985;0.0;0.0012;0.0005;0.0;1.0,0.9999,0.0012,0.0005,0.0,1.0,0.4632,13,1195.64,4.9965,0.3846,0.3843,0.1538,0.4615,120.0,0.3748,0.0769,1.0608,0.88,0.3015,2.7738,-0.0985,0.0,1.0
GIWKKIGKILKK,DBAASPS_3367,LNWGAKLKHIIK,lead_opt_motif,9.3974,9,12;1195.635;4.9965;0.4167;0.4164;-0.325;0.4167;130.0;0.5071;0.0833;1.0392;0.9408;0.3092;2.5628;-0.1;0.0;0.0013;0.0005;0.0;1.0,0.9999,0.0013,0.0005,0.0,1.0,0.5,12,1195.635,4.9965,0.4167,0.4164,-0.325,0.4167,130.0,0.5071,0.0833,1.0392,0.9408,0.3092,2.5628,-0.1,0.0,1.0
GIWKKVLKVKK,DBAASPS_3367,LNWGAKLKHIIK,lead_opt_random,9.3974,9,11;1128.54;4.9965;0.4545;0.4542;-0.3727;0.4545;123.6364;0.3306;0.0909;1.0782;0.8827;0.3064;2.4814;-0.0618;0.0;0.0013;0.0005;0.0;1.0,0.9999,0.0013,0.0005,0.0,1.0,0.4848,11,1128.54,4.9965,0.4545,0.4542,-0.3727,0.4545,123.6364,0.3306,0.0909,1.0782,0.8827,0.3064,2.4814,-0.0618,0.0,1.0
GKIAKILKHFK,DBAASPS_3367,LNWGAKLKHIIK,lead_opt_contiguous,9.3972,9,11;1084.46;4.0877;0.4545;0.3716;-0.1636;0.4545;115.4545;0.3601;0.0909;1.1027;0.8509;0.3;2.6645;-0.0564;0.0;0.0014;0.0006;0.0;1.0,0.9999,0.0014,0.0006,0.0,1.0,0.4848,11,1084.46,4.0877,0.4545,0.3716,-0.1636,0.4545,115.4545,0.3601,0.0909,1.1027,0.8509,0.3,2.6645,-0.0564,0.0,1.0
GLKKIIKVFKKS,DBAASPS_3367,LNWGAKLKHIIK,lead_opt_contiguous,9.3972,12,12;1172.605;4.9965;0.4167;0.4164;-0.075;0.4167;121.6667;0.5214;0.0833;1.0583;0.8792;0.3117;2.6434;-0.07;0.0;0.0014;0.0006;0.0;1.0,0.9999,0.0014,0.0006,0.0,1.0,0.4466,12,1172.605,4.9965,0.4167,0.4164,-0.075,0.4167,121.6667,0.5214,0.0833,1.0583,0.8792,0.3117,2.6434,-0.07,0.0,1.0
VVRFGKIVKVKK,DBAASPS_3365,LNWKAILKHIIK,lead_opt_motif,9.3971,11,12;1184.615;4.9968;0.4167;0.4164;0.3;0.5;129.1667;0.1947;0.0833;1.0508;0.8083;0.2892;2.6022;-0.0458;0.0;0.0015;0.0006;0.0;1.0,0.9999,0.0015,0.0006,0.0,1.0,0.3611,12,1184.615,4.9968,0.4167,0.4164,0.3,0.5,129.1667,0.1947,0.0833,1.0508,0.8083,0.2892,2.6022,-0.0458,0.0,1.0
RIGGKIKFIKKL,DBAASPS_3367,LNWGAKLKHIIK,lead_opt_contiguous,9.3971,11,12;1184.625;4.9968;0.4167;0.4164;-0.0667;0.4167;130.0;0.2851;0.0833;1.0258;0.9058;0.3092;2.699;-0.0725;0.0;0.0014;0.0006;0.0;1.0,0.9999,0.0014,0.0006,0.0,1.0,0.4209,12,1184.625,4.9968,0.4167,0.4164,-0.0667,0.4167,130.0,0.2851,0.0833,1.0258,0.9058,0.3092,2.699,-0.0725,0.0,1.0
GLFKIVKKVKTK,DBAASPS_3367,LNWGAKLKHIIK,lead_opt_random,9.3971,10,12;1172.595;4.9965;0.4167;0.4164;-0.0917;0.4167;113.3333;0.3697;0.0833;1.0617;0.8592;0.31;2.6301;-0.0558;0.0;0.0015;0.0006;0.0;1.0,0.9999,0.0015,0.0006,0.0,1.0,0.492,12,1172.595,4.9965,0.4167,0.4164,-0.0917,0.4167,113.3333,0.3697,0.0833,1.0617,0.8592,0.31,2.6301,-0.0558,0.0,1.0
GKFLKHIKGLIK,DBAASPS_3367,LNWGAKLKHIIK,lead_opt_contiguous,9.397,9,12;1165.575;4.0877;0.4167;0.3406;-0.0167;0.4167;130.0;0.4281;0.0833;1.0408;0.9158;0.3033;2.6998;-0.0992;0.0;0.0015;0.0006;0.0;1.0,0.9999,0.0015,0.0006,0.0,1.0,0.4167,12,1165.575,4.0877,0.4167,0.3406,-0.0167,0.4167,130.0,0.4281,0.0833,1.0408,0.9158,0.3033,2.6998,-0.0992,0.0,1.0
GIGKILKKIKKF,DBAASPS_3367,LNWGAKLKHIIK,lead_opt_motif,9.3968,11,12;1156.605;4.9965;0.4167;0.4164;-0.0167;0.4167;130.0;0.5155;0.0833;1.0433;0.9108;0.3092;2.6831;-0.1083;0.0;0.0016;0.0006;0.0;1.0,0.9999,0.0016,0.0006,0.0,1.0,0.5128,12,1156.605,4.9965,0.4167,0.4164,-0.0167,0.4167,130.0,0.5155,0.0833,1.0433,0.9108,0.3092,2.6831,-0.1083,0.0,1.0
KILGKIIKVAKK,DBAASPS_3365,LNWKAILKHIIK,lead_opt_motif,9.3968,9,12;1122.585;4.9965;0.4167;0.4164;0.2833;0.5;162.5;0.4496;0.0;1.1083;0.8158;0.3017;2.4635;-0.105;0.0;0.0016;0.0007;0.0;1.0,0.9999,0.0016,0.0007,0.0,1.0,0.3333,12,1122.585,4.9965,0.4167,0.4164,0.2833,0.5,162.5,0.4496,0.0,1.1083,0.8158,0.3017,2.4635,-0.105,0.0,1.0
GLLKRIKFIKKL,DBAASPS_3365,LNWKAILKHIIK,lead_opt_motif,9.3952,10,12;1240.735;4.9968;0.4167;0.4164;0.225;0.5;162.5;0.3019;0.0833;1.09;0.8283;0.2992;2.4385;-0.1142;0.0;0.0024;0.001;0.0;1.0,0.9998,0.0024,0.001,0.0,1.0,0.5406,12,1240.735,4.9968,0.4167,0.4164,0.225,0.5,162.5,0.3019,0.0833,1.09,0.8283,0.2992,2.4385,-0.1142,0.0,1.0
GIGKFLKHIKKL,DBAASPS_3367,LNWGAKLKHIIK,lead_opt_motif,9.3952,12,12;1165.575;4.0877;0.4167;0.3406;-0.0167;0.4167;130.0;0.49;0.0833;1.0408;0.9158;0.3033;2.7509;-0.0992;0.0;0.0024;0.001;0.0;1.0,0.9998,0.0024,0.001,0.0,1.0,0.5128,12,1165.575,4.0877,0.4167,0.3406,-0.0167,0.4167,130.0,0.49,0.0833,1.0408,0.9158,0.3033,2.7509,-0.0992,0.0,1.0
GAIKKIIKFVKTK,DBAASPS_3367,LNWGAKLKHIIK,lead_opt_motif,9.3946,12,13;1239.69;4.9965;0.3846;0.3843;0.1308;0.4615;120.0;0.4452;0.0769;1.0808;0.8277;0.2977;2.6195;-0.0792;0.0;0.0027;0.0011;0.0;1.0,0.9998,0.0027,0.0011,0.0,1.0,0.384,13,1239.69,4.9965,0.3846,0.3843,0.1308,0.4615,120.0,0.4452,0.0769,1.0808,0.8277,0.2977,2.6195,-0.0792,0.0,1.0
AGLHFGKKILKKV,DBAASPS_3367,LNWGAKLKHIIK,lead_opt_motif,9.394,11,13;1204.61;4.0877;0.3846;0.3144;0.1;0.4615;120.0;0.4011;0.0769;1.0685;0.8938;0.3023;2.7834;-0.0915;0.0;0.003;0.0012;0.0;1.0,0.9997,0.003,0.0012,0.0,1.0,0.3846,13,1204.61,4.0877,0.3846,0.3144,0.1,0.4615,120.0,0.4011,0.0769,1.0685,0.8938,0.3023,2.7834,-0.0915,0.0,1.0
VNWKKILKIIKK,DBAASPS_3365,LNWKAILKHIIK,lead_opt_contiguous,9.3939,4,12;1294.765;4.9965;0.4167;0.4164;-0.2;0.5;154.1667;0.4351;0.0833;1.0883;0.8392;0.2967;2.5756;-0.0917;0.0;0.0031;0.0012;0.0;1.0,0.9997,0.0031,0.0012,0.0,1.0,0.6444,12,1294.765,4.9965,0.4167,0.4164,-0.2,0.5,154.1667,0.4351,0.0833,1.0883,0.8392,0.2967,2.5756,-0.0917,0.0,1.0
GILKKVKKFLGKI,DBAASPS_3367,LNWGAKLKHIIK,lead_opt_random,9.3934,11,13;1237.72;4.9965;0.3846;0.3843;0.2538;0.4615;142.3077;0.4394;0.0769;1.0546;0.8885;0.3031;2.6633;-0.1331;0.0;0.0034;0.0013;0.0;1.0,0.9997,0.0034,0.0013,0.0,1.0,0.4103,13,1237.72,4.9965,0.3846,0.3843,0.2538,0.4615,142.3077,0.4394,0.0769,1.0546,0.8885,0.3031,2.6633,-0.1331,0.0,1.0
VNWKKILKIVKK,DBAASPS_3365,LNWKAILKHIIK,lead_opt_random,9.3931,5,12;1280.735;4.9965;0.4167;0.4164;-0.225;0.5;145.8333;0.4189;0.0833;1.0867;0.8417;0.2992;2.588;-0.0758;0.0;0.0035;0.0014;0.0;1.0,0.9997,0.0035,0.0014,0.0,1.0,0.5778,12,1280.735,4.9965,0.4167,0.4164,-0.225,0.5,145.8333,0.4189,0.0833,1.0867,0.8417,0.2992,2.588,-0.0758,0.0,1.0
GKIAKVGKWVKKL,DBAASPS_3367,LNWGAKLKHIIK,lead_opt_motif,9.3931,11,13;1220.64;4.9965;0.3846;0.3843;-0.2077;0.4615;112.3077;0.3855;0.0769;1.0654;0.9192;0.31;2.6105;-0.0777;0.0;0.0035;0.0014;0.0;1.0,0.9997,0.0035,0.0014,0.0,1.0,0.4103,13,1220.64,4.9965,0.3846,0.3843,-0.2077,0.4615,112.3077,0.3855,0.0769,1.0654,0.9192,0.31,2.6105,-0.0777,0.0,1.0
VNWKKILKVIKK,DBAASPS_3365,LNWKAILKHIIK,lead_opt_motif,9.393,4,12;1280.735;4.9965;0.4167;0.4164;-0.225;0.5;145.8333;0.4328;0.0833;1.0867;0.8417;0.2992;2.5881;-0.0758;0.0;0.0035;0.0014;0.0;1.0,0.9997,0.0035,0.0014,0.0,1.0,0.6444,12,1280.735,4.9965,0.4167,0.4164,-0.225,0.5,145.8333,0.4328,0.0833,1.0867,0.8417,0.2992,2.5881,-0.0758,0.0,1.0
RIVKKILSYIKK,DBAASPS_3365,LNWKAILKHIIK,lead_opt_contiguous,9.3914,7,12;1272.735;4.996;0.4167;0.4163;-0.0583;0.4167;154.1667;0.5182;0.0833;1.0467;0.8217;0.3008;2.2937;-0.0425;0.0;0.0044;0.0017;0.0;1.0,0.9996,0.0044,0.0017,0.0,1.0,0.4056,12,1272.735,4.996,0.4167,0.4163,-0.0583,0.4167,154.1667,0.5182,0.0833,1.0467,0.8217,0.3008,2.2937,-0.0425,0.0,1.0
GIKMFKKIGKVLK,DBAASPS_3367,LNWGAKLKHIIK,lead_opt_motif,9.3886,12,13;1255.76;4.9965;0.3846;0.3843;0.1077;0.4615;112.3077;0.4988;0.0769;1.0731;0.8892;0.3046;2.7499;-0.1169;0.0;0.0057;0.0023;0.0;1.0,0.9995,0.0057,0.0023,0.0,1.0,0.6222,13,1255.76,4.9965,0.3846,0.3843,0.1077,0.4615,112.3077,0.4988,0.0769,1.0731,0.8892,0.3046,2.7499,-0.1169,0.0,1.0
ALKFFKKVKSIGK,DBAASPS_3367,LNWGAKLKHIIK,lead_opt_contiguous,9.3877,11,13;1259.69;4.9965;0.3846;0.3843;-0.0615;0.4615;90.0;0.4071;0.1538;1.09;0.8677;0.3062;2.781;-0.0715;0.0;0.0062;0.0025;0.0;1.0,0.9994,0.0062,0.0025,0.0,1.0,0.3333,13,1259.69,4.9965,0.3846,0.3843,-0.0615,0.4615,90.0,0.4071,0.1538,1.09,0.8677,0.3062,2.781,-0.0715,0.0,1.0
GRRFAKVVFVKVRGK,DBAASPS_3078,VRRFGWWWGFLRR,lead_opt_contiguous,9.3876,11,15;1476.93;5.9971;0.4;0.3998;-0.12;0.4667;84.0;0.2669;0.1333;1.026;0.864;0.304;2.5227;0.0307;0.0;0.0063;0.0025;0.0;1.0,0.9994,0.0063,0.0025,0.0,1.0,0.2667,15,1476.93,5.9971,0.4,0.3998,-0.12,0.4667,84.0,0.2669,0.1333,1.026,0.864,0.304,2.5227,0.0307,0.0,1.0
KKIFKVVLKVHK,DBAASPS_3365,LNWKAILKHIIK,lead_opt_random,9.3865,11,12;1250.715;5.0875;0.5;0.424;0.0833;0.5;137.5;0.4415;0.0833;1.1167;0.7633;0.285;2.6268;-0.045;0.0;0.0068;0.0027;0.0;1.0,0.9993,0.0068,0.0027,0.0,1.0,0.5278,12,1250.715,5.0875,0.5,0.424,0.0833,0.5,137.5,0.4415,0.0833,1.1167,0.7633,0.285,2.6268,-0.045,0.0,1.0
VNWKKILGKVIKK,DBAASPS_3367,LNWGAKLKHIIK,lead_opt_motif,9.385,8,13;1319.77;4.9965;0.3846;0.3843;-0.2385;0.4615;134.6154;0.3875;0.0769;1.0469;0.9031;0.3069;2.6774;-0.0808;0.0;0.0076;0.003;0.0;1.0,0.9993,0.0076,0.003,0.0,1.0,0.6667,13,1319.77,4.9965,0.3846,0.3843,-0.2385,0.4615,134.6154,0.3875,0.0769,1.0469,0.9031,0.3069,2.6774,-0.0808,0.0,1.0
LGKIWKKIKSLVK,DBAASPS_3367,LNWGAKLKHIIK,lead_opt_random,9.3847,11,13;1306.78;4.9965;0.3846;0.3843;-0.0615;0.4615;142.3077;0.4476;0.0769;1.0662;0.8846;0.3031;2.5074;-0.1046;0.0;0.0077;0.0031;0.0;1.0,0.9992,0.0077,0.0031,0.0,1.0,0.3755,13,1306.78,4.9965,0.3846,0.3843,-0.0615,0.4615,142.3077,0.4476,0.0769,1.0662,0.8846,0.3031,2.5074,-0.1046,0.0,1.0
RILGKILKHIKKL,DBAASPS_3365,LNWKAILKHIIK,lead_opt_random,9.3837,7,13;1325.84;5.0877;0.4615;0.3914;0.0923;0.4615;180.0;0.5072;0.0;1.0792;0.8277;0.3008;2.4769;-0.0738;0.0;0.0083;0.0033;0.0;1.0,0.9992,0.0083,0.0033,0.0,1.0,0.4205,13,1325.84,5.0877,0.4615,0.3914,0.0923,0.4615,180.0,0.5072,0.0,1.0792,0.8277,0.3008,2.4769,-0.0738,0.0,1.0
GIWKTIKKVAKKL,DBAASPS_3367,LNWGAKLKHIIK,lead_opt_motif,9.3784,10,13;1278.72;4.9965;0.3846;0.3843;-0.2077;0.4615;120.0;0.5075;0.0769;1.0869;0.8646;0.3038;2.526;-0.0731;0.0;0.0109;0.0044;0.0;1.0,0.9989,0.0109,0.0044,0.0,1.0,0.4425,13,1278.72,4.9965,0.3846,0.3843,-0.2077,0.4615,120.0,0.5075,0.0769,1.0869,0.8646,0.3038,2.526,-0.0731,0.0,1.0
RIGGLFKKIKTLVK,DBAASPS_3367,LNWGAKLKHIIK,lead_opt_random,9.3605,12,14;1348.825;4.9968;0.3571;0.3569;0.1429;0.4286;132.1429;0.3537;0.0714;1.0236;0.8893;0.3064;2.589;-0.085;0.0;0.02;0.008;0.0;1.0,0.998,0.02,0.008,0.0,1.0,0.3571,14,1348.825,4.9968,0.3571,0.3569,0.1429,0.4286,132.1429,0.3537,0.0714,1.0236,0.8893,0.3064,2.589,-0.085,0.0,1.0
LKRIKLFKKLL,DBAASPS_3365,LNWKAILKHIIK,lead_opt_contiguous,9.3232,10,11;1201.7;4.9968;0.4545;0.4543;0.2182;0.5455;177.2727;0.2975;0.0909;1.1491;0.7655;0.2973;2.3962;-0.1136;0.0;0.0015;0.0218;0.0606;1.0,0.996,0.0015,0.0218,0.0606,1.0,0.4333,11,1201.7,4.9968,0.4545,0.4543,0.2182,0.5455,177.2727,0.2975,0.0909,1.1491,0.7655,0.2973,2.3962,-0.1136,0.0,1.0
GIAKKIAKVGKKL,DBAASPS_3367,LNWGAKLKHIIK,lead_opt_motif,9.3122,11,13;1119.54;4.9965;0.3846;0.3843;0.0231;0.4615;127.6923;0.4769;0.0;1.0931;0.8892;0.32;2.6007;-0.0762;0.2308;0.0017;0.0249;0.0692;1.0,0.9954,0.0017,0.0249,0.0692,1.0,0.4097,13,1119.54,4.9965,0.3846,0.3843,0.0231,0.4615,127.6923,0.4769,0.0,1.0931,0.8892,0.32,2.6007,-0.0762,0.2308,1.0
GIWKKIKKIAGHL,DBAASPS_3367,LNWGAKLKHIIK,lead_opt_motif,9.3081,11,13;1257.67;4.0877;0.3846;0.3144;-0.1077;0.4615;127.6923;0.4042;0.0769;1.0562;0.91;0.2938;2.6218;-0.0969;0.2308;0.0038;0.0257;0.0692;1.0,0.9952,0.0038,0.0257,0.0692,1.0,0.4596,13,1257.67,4.0877,0.3846,0.3144,-0.1077,0.4615,127.6923,0.4042,0.0769,1.0562,0.91,0.2938,2.6218,-0.0969,0.2308,1.0
GILKWIKKIKKG,DBAASPS_3367,LNWGAKLKHIIK,lead_opt_contiguous,9.3065,11,12;1195.635;4.9965;0.4167;0.4164;-0.325;0.4167;130.0;0.4916;0.0833;1.0392;0.9408;0.3092;2.5619;-0.1;0.25;0.001;0.0267;0.075;1.0,0.9951,0.001,0.0267,0.075,1.0,0.4316,12,1195.635,4.9965,0.4167,0.4164,-0.325,0.4167,130.0,0.4916,0.0833,1.0392,0.9408,0.3092,2.5619,-0.1,0.25,1.0
GKIAKFIGKIKK,DBAASPS_3367,LNWGAKLKHIIK,lead_opt_random,9.3057,10,12;1114.525;4.9965;0.4167;0.4164;-0.1833;0.4167;105.8333;0.4005;0.0833;1.0608;0.9117;0.3142;2.7311;-0.0725;0.25;0.0014;0.0268;0.075;1.0,0.995,0.0014,0.0268,0.075,1.0,0.3889,12,1114.525,4.9965,0.4167,0.4164,-0.1833,0.4167,105.8333,0.4005,0.0833,1.0608,0.9117,0.3142,2.7311,-0.0725,0.25,1.0
GKWKKIGAIKKIL,DBAASPS_3367,LNWGAKLKHIIK,lead_opt_motif,9.3038,12,13;1248.7;4.9965;0.3846;0.3843;-0.1615;0.4615;127.6923;0.1706;0.0769;1.0685;0.9146;0.3054;2.5886;-0.1069;0.2308;0.0059;0.0266;0.0692;1.0,0.9949,0.0059,0.0266,0.0692,1.0,0.4505,13,1248.7,4.9965,0.3846,0.3843,-0.1615,0.4615,127.6923,0.1706,0.0769,1.0685,0.9146,0.3054,2.5886,-0.1069,0.2308,1.0
VNWKKILKVIKKV,DBAASPS_3365,LNWKAILKHIIK,lead_opt_random,9.3025,5,13;1361.85;4.9965;0.3846;0.3843;0.1154;0.5385;156.9231;0.4746;0.0769;1.0846;0.8154;0.2877;2.5987;-0.1015;0.0;0.0177;0.025;0.0513;1.0,0.9949,0.0177,0.025,0.0513,1.0,0.7111,13,1361.85,4.9965,0.3846,0.3843,0.1154,0.5385,156.9231,0.4746,0.0769,1.0846,0.8154,0.2877,2.5987,-0.1015,0.0,1.0
FKRIIKAIKGIAK,DBAASPS_3365,LNWKAILKHIIK,lead_opt_motif,9.2999,12,13;1251.72;4.9968;0.3846;0.3844;0.3;0.5385;135.3846;0.5143;0.0769;1.1115;0.7931;0.2885;2.4792;-0.0838;0.0;0.0189;0.0255;0.0513;1.0,0.9947,0.0189,0.0255,0.0513,1.0,0.3993,13,1251.72,4.9968,0.3846,0.3844,0.3,0.5385,135.3846,0.5143,0.0769,1.1115,0.7931,0.2885,2.4792,-0.0838,0.0,1.0
GRRWVWVKKFKVCVGK,DBAASPS_3078,VRRFGWWWGFLRR,lead_opt_contiguous,9.29,12,16;1688.195;5.9348;0.375;0.3709;-0.3188;0.4375;72.5;0.1499;0.1875;0.9944;0.9331;0.2825;2.3735;-0.0162;0.0;0.0556;0.0222;0.0;1.0,0.9942,0.0556,0.0222,0.0,1.0,0.3022,16,1688.195,5.9348,0.375,0.3709,-0.3188,0.4375,72.5,0.1499,0.1875,0.9944,0.9331,0.2825,2.3735,-0.0162,0.0,1.0
KWKEFKKKIGIAVKKVLTTGKPLL,DBAASPS_173,KWKSFIKKLTKAAKKVVTTAKKPLIV,lead_opt_contiguous,9.2896,12,24;2322.085;6.9975;0.3333;0.2916;-0.25;0.4167;109.5833;0.2829;0.0833;1.0612;0.8838;0.325;2.9078;-0.0817;0.0;0.0065;0.0306;0.08;1.0,0.9942,0.0065,0.0306,0.08,1.0,0.6175,24,2322.085,6.9975,0.3333,0.2916,-0.25,0.4167,109.5833,0.2829,0.0833,1.0612,0.8838,0.325,2.9078,-0.0817,0.0,1.0
VRRFGGGFKRIFVKVR,DBAASPS_3078,VRRFGWWWGFLRR,lead_opt_random,9.2877,11,16;1634.115;5.9974;0.375;0.3748;-0.0938;0.4375;78.75;0.4276;0.1875;0.9675;0.9069;0.2981;2.7699;0.0156;0.0;0.0567;0.0227;0.0;1.0,0.9941,0.0567,0.0227,0.0,1.0,0.2986,16,1634.115,5.9974,0.375,0.3748,-0.0938,0.4375,78.75,0.4276,0.1875,0.9675,0.9069,0.2981,2.7699,0.0156,0.0,1.0
KIKWKIGKIAKVV,DBAASPS_3365,LNWKAILKHIIK,lead_opt_motif,9.2839,11,13;1276.75;4.9965;0.3846;0.3843;0.2231;0.5385;142.3077;0.2945;0.0769;1.0946;0.82;0.2823;2.5037;-0.1115;0.0;0.027;0.0288;0.0513;1.0,0.9939,0.027,0.0288,0.0513,1.0,0.3228,13,1276.75,4.9965,0.3846,0.3843,0.2231,0.5385,142.3077,0.2945,0.0769,1.0946,0.82,0.2823,2.5037,-0.1115,0.0,1.0
VIGKLFKRIKKIL,DBAASPS_3365,LNWKAILKHIIK,lead_opt_contiguous,9.2811,12,13;1321.85;4.9968;0.3846;0.3844;0.5846;0.5385;172.3077;0.5271;0.0769;1.0777;0.7938;0.2815;2.5322;-0.1354;0.0;0.0284;0.0293;0.0513;1.0,0.9937,0.0284,0.0293,0.0513,1.0,0.4615,13,1321.85,4.9968,0.3846,0.3844,0.5846,0.5385,172.3077,0.5271,0.0769,1.0777,0.7938,0.2815,2.5322,-0.1354,0.0,1.0
VNWKKIIKIVKVK,DBAASPS_3365,LNWKAILKHIIK,lead_opt_motif,9.2653,8,13;1361.85;4.9965;0.3846;0.3843;0.1692;0.5385;156.9231;0.3492;0.0769;1.0746;0.8062;0.2815;2.5852;-0.1;0.0;0.0364;0.0325;0.0513;1.0,0.9929,0.0364,0.0325,0.0513,1.0,0.454,13,1361.85,4.9965,0.3846,0.3843,0.1692,0.5385,156.9231,0.3492,0.0769,1.0746,0.8062,0.2815,2.5852,-0.1,0.0,1.0
GYKKVLKFIKKL,DBAASPS_3367,LNWGAKLKHIIK,lead_opt_motif,9.2627,12,12;1248.705;4.9957;0.4167;0.4163;-0.175;0.4167;121.6667;0.5037;0.1667;1.0625;0.8817;0.3058;2.5901;-0.0942;0.0;0.0693;0.0277;0.0;1.0,0.9928,0.0693,0.0277,0.0,1.0,0.4722,12,1248.705,4.9957,0.4167,0.4163,-0.175,0.4167,121.6667,0.5037,0.1667,1.0625,0.8817,0.3058,2.5901,-0.0942,0.0,1.0
LKKLFKKIKVLA,DBAASPS_3365,LNWKAILKHIIK,lead_opt_motif,9.262,11,12;1212.715;4.9965;0.4167;0.4164;0.4333;0.5833;162.5;0.4041;0.0833;1.1767;0.7492;0.29;2.5139;-0.1383;0.0;0.0012;0.0394;0.1111;1.0,0.9927,0.0012,0.0394,0.1111,1.0,0.4206,12,1212.715,4.9965,0.4167,0.4164,0.4333,0.5833,162.5,0.4041,0.0833,1.1767,0.7492,0.29,2.5139,-0.1383,0.0,1.0
KIKRIFKLVTKL,DBAASPS_3365,LNWKAILKHIIK,lead_opt_contiguous,9.2607,12,12;1270.755;4.9968;0.4167;0.4164;0.2333;0.5;154.1667;0.5529;0.0833;1.0992;0.7642;0.2908;2.4268;-0.0758;0.0;0.0704;0.0281;0.0;1.0,0.9926,0.0704,0.0281,0.0,1.0,0.4209,12,1270.755,4.9968,0.4167,0.4164,0.2333,0.5,154.1667,0.5529,0.0833,1.0992,0.7642,0.2908,2.4268,-0.0758,0.0,1.0
VVLKFLKHIKKA,DBAASPS_3365,LNWKAILKHIIK,lead_opt_motif,9.2603,11,12;1207.655;4.0877;0.4167;0.3406;0.525;0.5833;154.1667;0.4545;0.0833;1.1508;0.7367;0.2733;2.5723;-0.11;0.0;0.0021;0.0397;0.1111;1.0,0.9926,0.0021,0.0397,0.1111,1.0,0.4209,12,1207.655,4.0877,0.4167,0.3406,0.525,0.5833,154.1667,0.4545,0.0833,1.1508,0.7367,0.2733,2.5723,-0.11,0.0,1.0
KIIKVAKKVLKF,DBAASPS_3365,LNWKAILKHIIK,lead_opt_contiguous,9.2586,10,12;1198.685;4.9965;0.4167;0.4164;0.525;0.5833;154.1667;0.5121;0.0833;1.1533;0.7317;0.2792;2.4608;-0.1192;0.0;0.0029;0.0401;0.1111;1.0,0.9925,0.0029,0.0401,0.1111,1.0,0.4872,12,1198.685,4.9965,0.4167,0.4164,0.525,0.5833,154.1667,0.5121,0.0833,1.1533,0.7317,0.2792,2.4608,-0.1192,0.0,1.0
RGGRFKRWVFVGRVA,DBAASPS_3078,VRRFGWWWGFLRR,lead_opt_random,9.2417,12,15;1520.91;4.9977;0.3333;0.3332;-0.2667;0.4667;64.6667;0.2411;0.2;0.974;0.9327;0.2973;2.5539;0.0253;0.0;0.0799;0.032;0.0;1.0,0.9916,0.0799,0.032,0.0,1.0,0.3017,15,1520.91,4.9977,0.3333,0.3332,-0.2667,0.4667,64.6667,0.2411,0.2,0.974,0.9327,0.2973,2.5539,0.0253,0.0,1.0
IKKIWKIVKAIGK,DBAASPS_3365,LNWKAILKHIIK,lead_opt_random,9.2263,12,13;1290.78;4.9965;0.3846;0.3843;0.2462;0.5385;150.0;0.4809;0.0769;1.0962;0.8177;0.28;2.521;-0.1262;0.0;0.0561;0.0404;0.0513;1.0,0.9908,0.0561,0.0404,0.0513,1.0,0.3385,13,1290.78,4.9965,0.3846,0.3843,0.2462,0.5385,150.0,0.4809,0.0769,1.0962,0.8177,0.28,2.521,-0.1262,0.0,1.0
IKKVFKVIKKL,DBAASPS_3365,LNWKAILKHIIK,lead_opt_contiguous,9.2244,12,11;1145.62;4.9965;0.4545;0.4542;0.4091;0.5455;159.0909;0.5681;0.0909;1.1291;0.7436;0.2809;2.6349;-0.1127;0.2727;0.0009;0.0502;0.1424;1.0,0.9907,0.0009,0.0502,0.1424,1.0,0.5,11,1145.62,4.9965,0.4545,0.4542,0.4091,0.5455,159.0909,0.5681,0.0909,1.1291,0.7436,0.2809,2.6349,-0.1127,0.2727,1.0
KWKSFIKKLTTAIKKIAKSVTGALS,DBAASPS_173,KWKSFIKKLTKAAKKVVTTAKKPLIV,lead_opt_contiguous,9.2087,12,25;2297.98;6.996;0.28;0.2798;0.016;0.44;101.6;0.4104;0.08;1.0672;0.8692;0.3076;2.5752;-0.0672;0.12;0.0128;0.0527;0.136;1.0,0.9899,0.0128,0.0527,0.136,1.0,0.5574,25,2297.98,6.996,0.28,0.2798,0.016,0.44,101.6,0.4104,0.08,1.0672,0.8692,0.3076,2.5752,-0.0672,0.12,1.0
VVHYGKRAWRVKVF,DBAASPS_3078,VRRFGWWWGFLRR,lead_opt_random,9.2073,12,14;1492.885;4.0875;0.3571;0.292;-0.0857;0.5;90.0;0.3151;0.2143;1.025;0.8436;0.2721;2.4596;-0.0086;0.0;0.0973;0.0389;0.0;1.0,0.9898,0.0973,0.0389,0.0,1.0,0.2317,14,1492.885,4.0875,0.3571,0.292,-0.0857,0.5,90.0,0.3151,0.2143,1.025,0.8436,0.2721,2.4596,-0.0086,0.0,1.0
VRFGGRRFFAVFRRAF,DBAASPS_3078,VRRFGWWWGFLRR,lead_opt_random,9.1972,12,16;1701.145;4.998;0.3125;0.3124;0.1687;0.5625;48.75;0.4392;0.3125;1.0312;0.8269;0.2731;2.5962;0.0044;0.0;0.0511;0.0496;0.0833;1.0,0.9893,0.0511,0.0496,0.0833,1.0,0.2106,16,1701.145,4.998,0.3125,0.3124,0.1687,0.5625,48.75,0.4392,0.3125,1.0312,0.8269,0.2731,2.5962,0.0044,0.0,1.0
RVGYVKVRKFVGRF,DBAASPS_3078,VRRFGWWWGFLRR,lead_opt_contiguous,9.1955,12,14;1458.875;4.9965;0.3571;0.3569;-0.0714;0.4286;82.8571;0.2917;0.2143;0.9643;0.8921;0.2929;2.5051;0.0093;0.0;0.1033;0.0413;0.0;1.0,0.9892,0.1033,0.0413,0.0,1.0,0.2885,14,1458.875,4.9965,0.3571,0.3569,-0.0714,0.4286,82.8571,0.2917,0.2143,0.9643,0.8921,0.2929,2.5051,0.0093,0.0,1.0
IKRIGIKVKAFLK,DBAASPS_3365,LNWKAILKHIIK,lead_opt_random,9.1759,12,13;1279.77;4.9968;0.3846;0.3844;0.4308;0.5385;150.0;0.3132;0.0769;1.0938;0.7946;0.2862;2.4809;-0.1023;0.0;0.0816;0.0506;0.0513;1.0,0.9881,0.0816,0.0506,0.0513,1.0,0.3162,13,1279.77,4.9968,0.3846,0.3844,0.4308,0.5385,150.0,0.3132,0.0769,1.0938,0.7946,0.2862,2.4809,-0.1023,0.0,1.0
KLFKKIGKVLKVL,DBAASPS_3365,LNWKAILKHIIK,lead_opt_contiguous,9.1741,10,13;1279.8;4.9965;0.3846;0.3843;0.5538;0.5385;164.6154;0.4883;0.0769;1.1023;0.81;0.29;2.5558;-0.1554;0.2308;0.0398;0.0581;0.1205;1.0,0.988,0.0398,0.0581,0.1205,1.0,0.3846,13,1279.8,4.9965,0.3846,0.3843,0.5538,0.5385,164.6154,0.4883,0.0769,1.1023,0.81,0.29,2.5558,-0.1554,0.2308,1.0
VGWKKFVPRVCKRF,DBAASPS_3078,VRRFGWWWGFLRR,lead_opt_motif,9.1373,12,14;1497.965;4.9351;0.3571;0.3525;-0.2071;0.4286;62.1429;0.4199;0.2143;0.965;0.9243;0.2943;2.3482;-0.0143;0.0;0.1327;0.0531;0.0;1.0,0.9861,0.1327,0.0531,0.0,1.0,0.3778,14,1497.965,4.9351,0.3571,0.3525,-0.2071,0.4286,62.1429,0.4199,0.2143,0.965,0.9243,0.2943,2.3482,-0.0143,0.0,1.0
ALFKRIKVTIKKL,DBAASPS_3365,LNWKAILKHIIK,lead_opt_contiguous,9.1301,9,13;1323.82;4.9968;0.3846;0.3844;0.3538;0.5385;150.0;0.3838;0.0769;1.1238;0.7515;0.2885;2.4621;-0.0846;0.0;0.1047;0.0598;0.0513;1.0,0.9857,0.1047,0.0598,0.0513,1.0,0.4117,13,1323.82,4.9968,0.3846,0.3844,0.3538,0.5385,150.0,0.3838,0.0769,1.1238,0.7515,0.2885,2.4621,-0.0846,0.0,1.0
VVRGGRFRRVFAWVK,DBAASPS_3078,VRRFGWWWGFLRR,lead_opt_random,9.1099,12,15;1562.99;4.9977;0.3333;0.3332;0.04;0.5333;84.0;0.263;0.2;1.0067;0.8567;0.2807;2.4276;0.0073;0.0;0.1191;0.0632;0.0444;1.0,0.9846,0.1191,0.0632,0.0444,1.0,0.2667,15,1562.99,4.9977,0.3333,0.3332,0.04,0.5333,84.0,0.263,0.2,1.0067,0.8567,0.2807,2.4276,0.0073,0.0,1.0
KWKSFIKKLTKAGLKIVTTKLTTK,DBAASPS_173,KWKSFIKKLTKAAKKVVTTAKKPLIV,lead_opt_motif,9.1099,10,24;2330.045;7.9957;0.3333;0.3332;-0.3167;0.375;97.5;0.3241;0.0833;1.0521;0.88;0.3167;2.6122;-0.0408;0.25;0.051;0.0746;0.155;1.0,0.9846,0.051,0.0746,0.155,1.0,0.5769,24,2330.045,7.9957,0.3333,0.3332,-0.3167,0.375,97.5,0.3241,0.0833,1.0521,0.88,0.3167,2.6122,-0.0408,0.25,1.0
GIGKILKFIKKAK,DBAASPS_3367,LNWGAKLKHIIK,lead_opt_motif,9.0972,13,13;1209.67;4.9965;0.3846;0.3843;0.1231;0.4615;127.6923;0.4464;0.0769;1.0723;0.8869;0.3054;2.6408;-0.1146;0.0;0.0014;0.0006;0.0;1.0,0.984,0.0014,0.0006,0.0,1.0,0.5128,13,1209.67,4.9965,0.3846,0.3843,0.1231,0.4615,127.6923,0.4464,0.0769,1.0723,0.8869,0.3054,2.6408,-0.1146,0.0,1.0
RGFGRRRFAVFVARKV,DBAASPS_3078,VRRFGWWWGFLRR,lead_opt_motif,9.0926,16,16;1634.085;5.9977;0.375;0.3749;-0.1625;0.5;66.875;0.221;0.1875;1.0288;0.8462;0.2981;2.4891;0.065;0.0;0.0038;0.0015;0.0;1.0,0.9837,0.0038,0.0015,0.0,1.0,0.375,16,1634.085,5.9977,0.375,0.3749,-0.1625,0.5,66.875,0.221,0.1875,1.0288,0.8462,0.2981,2.4891,0.065,0.0,1.0
GRIKWKTGVKFVKV,DBAASPS_3078,VRRFGWWWGFLRR,lead_opt_contiguous,9.0926,13,14;1393.815;4.9968;0.3571;0.3569;-0.1857;0.4286;90.0;0.2351;0.1429;1.0021;0.9114;0.2979;2.6516;-0.0407;0.0;0.0038;0.0015;0.0;1.0,0.9837,0.0038,0.0015,0.0,1.0,0.3179,14,1393.815,4.9968,0.3571,0.3569,-0.1857,0.4286,90.0,0.2351,0.1429,1.0021,0.9114,0.2979,2.6516,-0.0407,0.0,1.0
GIKKIWKIAKSIK,DBAASPS_3367,LNWGAKLKHIIK,lead_opt_random,9.0862,13,13;1278.73;4.9965;0.3846;0.3843;-0.1385;0.4615;127.6923;0.4739;0.0769;1.0738;0.8738;0.2992;2.4625;-0.0846;0.0;0.0069;0.0028;0.0;1.0,0.9834,0.0069,0.0028,0.0,1.0,0.4154,13,1278.73,4.9965,0.3846,0.3843,-0.1385,0.4615,127.6923,0.4739,0.0769,1.0738,0.8738,0.2992,2.4625,-0.0846,0.0,1.0
GAVKVFKKVKSLVK,DBAASPS_3367,LNWGAKLKHIIK,lead_opt_random,9.0825,13,14;1278.725;4.9965;0.3571;0.3569;0.3214;0.5;117.8571;0.3977;0.0714;1.0814;0.8364;0.3007;2.5699;-0.0757;0.0;0.0088;0.0035;0.0;1.0,0.9832,0.0088,0.0035,0.0,1.0,0.369,14,1278.725,4.9965,0.3571,0.3569,0.3214,0.5,117.8571,0.3977,0.0714,1.0814,0.8364,0.3007,2.5699,-0.0757,0.0,1.0
GKRFRVYVVRVAFKR,DBAASPS_3078,VRRFGWWWGFLRR,lead_opt_contiguous,9.0778,13,15;1611.08;5.9965;0.4;0.3998;-0.22;0.4667;84.0;0.2371;0.2;1.02;0.8267;0.294;2.4409;0.0593;0.0;0.0112;0.0045;0.0;1.0,0.9829,0.0112,0.0045,0.0,1.0,0.2507,15,1611.08,5.9965,0.4,0.3998,-0.22,0.4667,84.0,0.2371,0.2,1.02,0.8267,0.294,2.4409,0.0593,0.0,1.0
RGGYFAKIVKRVKF,DBAASPS_3078,VRRFGWWWGFLRR,lead_opt_random,9.0733,14,14;1416.835;4.9963;0.3571;0.3569;-0.1786;0.4286;76.4286;0.3724;0.2143;1.0064;0.9014;0.2986;2.5948;-0.0193;0.0;0.0135;0.0054;0.0;1.0,0.9827,0.0135,0.0054,0.0,1.0,0.3392,14,1416.835,4.9963,0.3571,0.3569,-0.1786,0.4286,76.4286,0.3724,0.2143,1.0064,0.9014,0.2986,2.5948,-0.0193,0.0,1.0
NWKKIGKIVKAVLK,DBAASPS_3367,LNWGAKLKHIIK,lead_opt_contiguous,9.0699,14,14;1372.835;4.9965;0.3571;0.3569;-0.0929;0.5;132.1429;0.4459;0.0714;1.0736;0.8814;0.3036;2.5368;-0.0886;0.0;0.0152;0.0061;0.0;1.0,0.9825,0.0152,0.0061,0.0,1.0,0.3857,14,1372.835,4.9965,0.3571,0.3569,-0.0929,0.5,132.1429,0.4459,0.0714,1.0736,0.8814,0.3036,2.5368,-0.0886,0.0,1.0
KWKSFIKKLTSKAKKIAKTLVTGLS,DBAASPS_173,KWKSFIKKLTKAAKKVVTTAKKPLIV,lead_opt_random,9.0699,11,25;2355.07;7.9957;0.32;0.3198;-0.24;0.4;97.6;0.3696;0.08;1.062;0.8904;0.3184;2.6036;-0.0452;0.0;0.1051;0.077;0.1;1.0,0.9825,0.1051,0.077,0.1,1.0,0.5713,25,2355.07,7.9957,0.32,0.3198,-0.24,0.4,97.6,0.3696,0.08,1.062,0.8904,0.3184,2.6036,-0.0452,0.0,1.0
KWKSFIKKLTKAAKKIATKLTTGLT,DBAASPS_173,KWKSFIKKLTKAAKKVVTTAKKPLIV,lead_opt_random,9.0685,9,25;2355.06;7.9957;0.32;0.3198;-0.328;0.4;90.0;0.4119;0.08;1.0812;0.8728;0.3188;2.6097;-0.038;0.12;0.0836;0.081;0.136;1.0,0.9824,0.0836,0.081,0.136,1.0,0.5708,25,2355.06,7.9957,0.32,0.3198,-0.328,0.4,90.0,0.4119,0.08,1.0812,0.8728,0.3188,2.6097,-0.038,0.12,1.0
RGGLRRFFGKVWKV,DBAASPS_3078,VRRFGWWWGFLRR,lead_opt_random,9.0672,13,14;1453.855;4.9974;0.3571;0.357;-0.4;0.4286;69.2857;0.4236;0.2143;0.9679;0.9671;0.3036;2.6297;-0.005;0.0;0.0165;0.0066;0.0;1.0,0.9824,0.0165,0.0066,0.0,1.0,0.3413,14,1453.855,4.9974,0.3571,0.357,-0.4,0.4286,69.2857,0.4236,0.2143,0.9679,0.9671,0.3036,2.6297,-0.005,0.0,1.0
GRRFGAVFRKVVRGF,DBAASPS_3078,VRRFGWWWGFLRR,lead_opt_motif,9.0609,10,15;1481.88;4.9977;0.3333;0.3332;-0.02;0.4667;64.6667;0.5085;0.2;0.9773;0.9087;0.2973;2.5524;0.0187;0.0;0.1713;0.0685;0.0;1.0,0.982,0.1713,0.0685,0.0,1.0,0.2725,15,1481.88,4.9977,0.3333,0.3332,-0.02,0.4667,64.6667,0.5085,0.2,0.9773,0.9087,0.2973,2.5524,0.0187,0.0,1.0
KWKSFIKKLTKAAKKVTTGIATLIK,DBAASPS_173,KWKSFIKKLTKAAKKVVTTAKKPLIV,lead_opt_contiguous,9.0588,9,25;2353.09;7.9957;0.32;0.3198;-0.104;0.44;101.6;0.4003;0.08;1.0852;0.8496;0.3076;2.5961;-0.058;0.0;0.1107;0.0793;0.1;1.0,0.9819,0.1107,0.0793,0.1,1.0,0.5441,25,2353.09,7.9957,0.32,0.3198,-0.104,0.44,101.6,0.4003,0.08,1.0852,0.8496,0.3076,2.5961,-0.058,0.0,1.0
RAGFVGRFVKVKRKC,DBAASPS_3078,VRRFGWWWGFLRR,lead_opt_contiguous,9.0582,13,15;1480.94;5.9351;0.4;0.3957;-0.2333;0.4;64.6667;0.2778;0.1333;1.002;0.91;0.302;2.4273;0.046;0.0;0.0211;0.0084;0.0;1.0,0.9819,0.0211,0.0084,0.0,1.0,0.3133,15,1480.94,5.9351,0.4,0.3957,-0.2333,0.4,64.6667,0.2778,0.1333,1.002,0.91,0.302,2.4273,0.046,0.0,1.0
CFQWVRGKVKVRKV,DBAASPS_3078,VRRFGWWWGFLRR,lead_opt_random,9.0547,13,14;1480.925;4.9351;0.3571;0.3525;-0.2429;0.4286;82.8571;0.2154;0.1429;1.015;0.8786;0.2836;2.4901;0.0071;0.0;0.0229;0.0091;0.0;1.0,0.9817,0.0229,0.0091,0.0,1.0,0.5476,14,1480.925,4.9351,0.3571,0.3525,-0.2429,0.4286,82.8571,0.2154,0.1429,1.015,0.8786,0.2836,2.4901,0.0071,0.0,1.0
RGGFKVIKVKFKKC,DBAASPS_3078,VRRFGWWWGFLRR,lead_opt_motif,9.0409,13,14;1385.865;5.9346;0.4286;0.4239;-0.2714;0.3571;69.2857;0.2727;0.1429;1.0036;0.9386;0.3029;2.6678;-0.0121;0.0;0.0298;0.0119;0.0;1.0,0.981,0.0298,0.0119,0.0,1.0,0.3016,14,1385.865,5.9346,0.4286,0.4239,-0.2714,0.3571,69.2857,0.2727,0.1429,1.0036,0.9386,0.3029,2.6678,-0.0121,0.0,1.0
VGRFRGRRAFVAVIRYR,DBAASPS_3078,VRRFGWWWGFLRR,lead_opt_motif,9.0376,13,17;1773.25;5.9971;0.3529;0.3528;-0.1647;0.4706;85.8824;0.2541;0.1765;0.9935;0.8524;0.2965;2.3586;0.0724;0.0;0.0315;0.0126;0.0;1.0,0.9808,0.0315,0.0126,0.0,1.0,0.2745,17,1773.25,5.9971,0.3529,0.3528,-0.1647,0.4706,85.8824,0.2541,0.1765,0.9935,0.8524,0.2965,2.3586,0.0724,0.0,1.0
RWRVFFGGGLHRLFR,DBAASPS_3078,VRRFGWWWGFLRR,lead_opt_contiguous,9.0374,12,15;1634.04;4.0889;0.3333;0.2726;-0.2067;0.4667;71.3333;0.2038;0.2667;0.964;0.9407;0.2833;2.6771;-0.0147;0.0;0.1831;0.0733;0.0;1.0,0.9808,0.1831,0.0733,0.0,1.0,0.3091,15,1634.04,4.0889,0.3333,0.2726,-0.2067,0.4667,71.3333,0.2038,0.2667,0.964,0.9407,0.2833,2.6771,-0.0147,0.0,1.0
RGGRWVFVVGRVKR,DBAASPS_3078,VRRFGWWWGFLRR,lead_opt_motif,9.035,14,14;1419.795;4.9977;0.3571;0.357;-0.3143;0.4286;82.8571;0.3633;0.1429;0.9371;0.9493;0.3036;2.5241;0.0471;0.0;0.0328;0.0131;0.0;1.0,0.9806,0.0328,0.0131,0.0,1.0,0.3185,14,1419.795,4.9977,0.3571,0.357,-0.3143,0.4286,82.8571,0.3633,0.1429,0.9371,0.9493,0.3036,2.5241,0.0471,0.0,1.0
KWKSFIKKLTKAAKKLATKILTGG,DBAASPS_173,KWKSFIKKLTKAAKKVVTTAKKPLIV,lead_opt_contiguous,9.0326,10,24;2227.925;7.9957;0.3333;0.3332;-0.3;0.4167;93.75;0.4147;0.0833;1.0808;0.8975;0.3196;2.6347;-0.0546;0.125;0.1132;0.0864;0.1175;1.0,0.9805,0.1132,0.0864,0.1175,1.0,0.578,24,2227.925,7.9957,0.3333,0.3332,-0.3,0.4167,93.75,0.4147,0.0833,1.0808,0.8975,0.3196,2.6347,-0.0546,0.125,1.0
VCFQVGRRFAKVKR,DBAASPS_3078,VRRFGWWWGFLRR,lead_opt_random,9.0259,13,14;1441.865;4.9354;0.3571;0.3525;-0.1929;0.4286;69.2857;0.4358;0.1429;1.0293;0.8557;0.2914;2.3796;0.0464;0.0;0.0374;0.015;0.0;1.0,0.9802,0.0374,0.015,0.0,1.0,0.3333,14,1441.865,4.9354,0.3571,0.3525,-0.1929,0.4286,69.2857,0.4358,0.1429,1.0293,0.8557,0.2914,2.3796,0.0464,0.0,1.0
CFAAIKKYRKFVCGR,DBAASPS_3078,VRRFGWWWGFLRR,lead_opt_contiguous,9.0219,15,15;1520.0;4.8723;0.3333;0.3248;0.0333;0.4;58.6667;0.2862;0.2;1.0187;0.8973;0.2753;2.3282;-0.018;0.0;0.0394;0.0158;0.0;1.0,0.9799,0.0394,0.0158,0.0,1.0,0.2667,15,1520.0,4.8723,0.3333,0.3248,0.0333,0.4,58.6667,0.2862,0.2,1.0187,0.8973,0.2753,2.3282,-0.018,0.0,1.0
RWVGRVFKVKVGFR,DBAASPS_3078,VRRFGWWWGFLRR,lead_opt_random,9.0148,14,14;1481.905;4.9974;0.3571;0.357;-0.0429;0.5;82.8571;0.2227;0.2143;0.9921;0.8793;0.2821;2.6253;-0.0093;0.0;0.043;0.0172;0.0;1.0,0.9796,0.043,0.0172,0.0,1.0,0.2619,14,1481.905,4.9974,0.3571,0.357,-0.0429,0.5,82.8571,0.2227,0.2143,0.9921,0.8793,0.2821,2.6253,-0.0093,0.0,1.0
RGGIFGKIVKKFKKC,DBAASPS_3078,VRRFGWWWGFLRR,lead_opt_random,9.0146,15,15;1438.93;5.9346;0.4;0.3956;-0.26;0.3333;71.3333;0.3914;0.1333;0.976;0.9833;0.3073;2.7321;-0.0333;0.0;0.0431;0.0173;0.0;1.0,0.9796,0.0431,0.0173,0.0,1.0,0.3673,15,1438.93,5.9346,0.4,0.3956,-0.26,0.3333,71.3333,0.3914,0.1333,0.976,0.9833,0.3073,2.7321,-0.0333,0.0,1.0
RVGVKFKVKKRCF,DBAASPS_3078,VRRFGWWWGFLRR,lead_opt_contiguous,9.0136,13,13;1360.82;5.9348;0.4615;0.4565;-0.3308;0.3846;66.9231;0.1247;0.1538;1.0192;0.8823;0.2977;2.4658;0.0454;0.0;0.0436;0.0175;0.0;1.0,0.9795,0.0436,0.0175,0.0,1.0,0.3606,13,1360.82,5.9348,0.4615,0.4565,-0.3308,0.3846,66.9231,0.1247,0.1538,1.0192,0.8823,0.2977,2.4658,0.0454,0.0,1.0
VVRVGRYGFKVFKR,DBAASPS_3078,VRRFGWWWGFLRR,lead_opt_random,9.0125,11,14;1458.875;4.9965;0.3571;0.3569;-0.0714;0.4286;82.8571;0.5125;0.2143;0.9643;0.8921;0.2929;2.6556;0.0093;0.0;0.1957;0.0783;0.0;1.0,0.9794,0.1957,0.0783,0.0,1.0,0.2582,14,1458.875,4.9965,0.3571,0.3569,-0.0714,0.4286,82.8571,0.5125,0.2143,0.9643,0.8921,0.2929,2.6556,0.0093,0.0,1.0
AAGKLFKHIGKLIK,DBAASPS_3367,LNWGAKLKHIIK,lead_opt_random,9.003,14,14;1271.705;4.0877;0.3571;0.292;0.2429;0.5;125.7143;0.483;0.0714;1.095;0.8707;0.2971;2.6836;-0.1121;0.2143;0.0094;0.0263;0.0643;1.0,0.9789,0.0094,0.0263,0.0643,1.0,0.4286,14,1271.705,4.0877,0.3571,0.292,0.2429,0.5,125.7143,0.483,0.0714,1.095,0.8707,0.2971,2.6836,-0.1121,0.2143,1.0
KWKSFIKKLTTALKKIATKLTNKL,DBAASPS_173,KWKSFIKKLTKAAKKVVTTAKKPLIV,lead_opt_random,8.9995,11,24;2371.105;7.9957;0.3333;0.3332;-0.3583;0.4167;105.8333;0.3771;0.0833;1.0871;0.8654;0.3192;2.6443;-0.0467;0.125;0.1299;0.0931;0.1175;1.0,0.9788,0.1299,0.0931,0.1175,1.0,0.5641,24,2371.105,7.9957,0.3333,0.3332,-0.3583,0.4167,105.8333,0.3771,0.0833,1.0871,0.8654,0.3192,2.6443,-0.0467,0.125,1.0
GKWMKILKHVK,DBAASPS_3367,LNWGAKLKHIIK,lead_opt_contiguous,8.9973,8,11;1169.58;4.0877;0.4545;0.3716;-0.5182;0.4545;97.2727;0.3211;0.0909;1.0991;0.8864;0.2991;2.6194;-0.05;0.0;0.0014;0.0005;0.0;1.0,0.9786,0.0014,0.0005,0.0,1.0,0.6111,11,1169.58,4.0877,0.4545,0.3716,-0.5182,0.4545,97.2727,0.3211,0.0909,1.0991,0.8864,0.2991,2.6194,-0.05,0.0,1.0
GKWKKILKAIK,DBAASPS_3365,LNWKAILKHIIK,lead_opt_random,8.9966,6,11;1114.52;4.9965;0.4545;0.4542;-0.5636;0.4545;115.4545;0.3812;0.0909;1.1127;0.8891;0.3136;2.4588;-0.0591;0.0;0.0017;0.0007;0.0;1.0,0.9786,0.0017,0.0007,0.0,1.0,0.5833,11,1114.52,4.9965,0.4545,0.4542,-0.5636,0.4545,115.4545,0.3812,0.0909,1.1127,0.8891,0.3136,2.4588,-0.0591,0.0,1.0
GKWMSLLKHIKK,DBAASPS_3367,LNWGAKLKHIIK,lead_opt_contiguous,8.9949,6,12;1252.675;4.0877;0.4167;0.3406;-0.575;0.4167;97.5;0.3147;0.0833;1.0842;0.9225;0.3117;2.5758;-0.0525;0.0;0.0026;0.001;0.0;1.0,0.9785,0.0026,0.001,0.0,1.0,0.8611,12,1252.675,4.0877,0.4167,0.3406,-0.575,0.4167,97.5,0.3147,0.0833,1.0842,0.9225,0.3117,2.5758,-0.0525,0.0,1.0
RFGGRLFKVRKFVCG,DBAASPS_3078,VRRFGWWWGFLRR,lead_opt_contiguous,8.9935,15,15;1499.95;4.9354;0.3333;0.329;0.04;0.4;64.6667;0.1828;0.2;0.9533;0.958;0.2913;2.4879;-0.0233;0.0;0.0538;0.0215;0.0;1.0,0.9784,0.0538,0.0215,0.0,1.0,0.2952,15,1499.95,4.9354,0.3333,0.329,0.04,0.4,64.6667,0.1828,0.2,0.9533,0.958,0.2913,2.4879,-0.0233,0.0,1.0
ANLKKIGKVFKK,DBAASPS_3367,LNWGAKLKHIIK,lead_opt_random,8.9934,9,12;1157.545;4.9965;0.4167;0.4164;-0.525;0.4167;97.5;0.4391;0.0833;1.0783;0.9175;0.3317;2.8425;-0.0275;0.0;0.0033;0.0013;0.0;1.0,0.9784,0.0033,0.0013,0.0,1.0,0.3843,12,1157.545,4.9965,0.4167,0.4164,-0.525,0.4167,97.5,0.4391,0.0833,1.0783,0.9175,0.3317,2.8425,-0.0275,0.0,1.0
KWKSFIKKLTKTLKKIGAVLTGKC,DBAASPS_270,KWKSFLKTFKSLKKTVLHTLLKAISS,lead_opt_random,8.9884,18,24;2288.035;7.9337;0.3333;0.3306;-0.1708;0.375;97.5;0.3832;0.0833;1.0358;0.9179;0.3092;2.5512;-0.0633;0.0;0.0071;0.0308;0.08;1.0,0.9782,0.0071,0.0308,0.08,1.0,0.4605,24,2288.035,7.9337,0.3333,0.3306,-0.1708,0.375,97.5,0.3832,0.0833,1.0358,0.9179,0.3092,2.5512,-0.0633,0.0,1.0
RRGRFAVGVFKKKC,DBAASPS_3078,VRRFGWWWGFLRR,lead_opt_motif,8.9867,12,14;1399.825;5.9351;0.4286;0.4239;-0.55;0.3571;48.5714;0.2556;0.1429;0.9979;0.9393;0.3129;2.4414;0.0786;0.0;0.0067;0.0027;0.0;1.0,0.9781,0.0067,0.0027,0.0,1.0,0.3095,14,1399.825,5.9351,0.4286,0.4239,-0.55,0.3571,48.5714,0.2556,0.1429,0.9979,0.9393,0.3129,2.4414,0.0786,0.0,1.0
GIFDTLKKVAKAAAKVGLGAVKKC,DBAASPR_1546,GLWSTIKNVGKEAAIAAGKAALGAL,lead_opt_motif,8.9831,17,24;1984.605;4.9347;0.25;0.2056;0.425;0.5;105.8333;0.3427;0.0417;1.0883;0.8892;0.3017;2.6985;-0.12;0.0;0.0098;0.0319;0.08;1.0,0.9779,0.0098,0.0319,0.08,1.0,0.4028,24,1984.605,4.9347,0.25,0.2056,0.425,0.5,105.8333,0.3427,0.0417,1.0883,0.8892,0.3017,2.6985,-0.12,0.0,1.0
GRRWKIFGKVFKVR,DBAASPS_3078,VRRFGWWWGFLRR,lead_opt_motif,8.9804,12,14;1524.975;5.9971;0.4286;0.4284;-0.6;0.4286;69.2857;0.31;0.2143;1.0007;0.9136;0.3014;2.6509;0.0336;0.0;0.0099;0.004;0.0;1.0,0.9777,0.0099,0.004,0.0,1.0,0.3965,14,1524.975,5.9971,0.4286,0.4284,-0.6,0.4286,69.2857,0.31,0.2143,1.0007,0.9136,0.3014,2.6509,0.0336,0.0,1.0
GLFDTLKKAAKVGLHAVKKLVTGA,DBAASPR_1546,GLWSTIKNVGKEAAIAAGKAALGAL,lead_opt_contiguous,8.9786,16,24;2033.615;4.0879;0.25;0.1703;0.375;0.5;117.9167;0.3467;0.0417;1.0838;0.8817;0.3058;2.8145;-0.1213;0.0;0.012;0.0328;0.08;1.0,0.9776,0.012,0.0328,0.08,1.0,0.3719,24,2033.615,4.0879,0.25,0.1703,0.375,0.5,117.9167,0.3467,0.0417,1.0838,0.8817,0.3058,2.8145,-0.1213,0.0,1.0
KWKSFIKKLKTLLKKIATKLTGLC,DBAASPS_173,KWKSFIKKLTKAAKKVVTTAKKPLIV,lead_opt_contiguous,8.9768,14,24;2358.175;7.9337;0.3333;0.3306;-0.0125;0.4167;117.9167;0.3769;0.0833;1.0688;0.8779;0.3029;2.4708;-0.0921;0.0;0.0129;0.0332;0.08;1.0,0.9775,0.0129,0.0332,0.08,1.0,0.4733,24,2358.175,7.9337,0.3333,0.3306,-0.0125,0.4167,117.9167,0.3769,0.0833,1.0688,0.8779,0.3029,2.4708,-0.0921,0.0,1.0
VKRFGGGYKVRVFKR,DBAASPS_3078,VRRFGWWWGFLRR,lead_opt_contiguous,8.9741,11,15;1526.95;5.9963;0.4;0.3998;-0.6333;0.3333;58.0;0.1853;0.2;0.9447;0.976;0.32;2.7983;0.052;0.0;0.0131;0.0052;0.0;1.0,0.9774,0.0131,0.0052,0.0,1.0,0.2655,15,1526.95,5.9963,0.4,0.3998,-0.6333,0.3333,58.0,0.1853,0.2,0.9447,0.976,0.32,2.7983,0.052,0.0,1.0
VRFGGVKWRRFVGR,DBAASPS_3078,VRRFGWWWGFLRR,lead_opt_contiguous,8.971,10,14;1467.845;4.9977;0.3571;0.357;-0.4143;0.4286;62.1429;0.3245;0.2143;0.9421;0.9564;0.3;2.6268;0.0407;0.0;0.0146;0.0059;0.0;1.0,0.9772,0.0146,0.0059,0.0,1.0,0.2925,14,1467.845,4.9977,0.3571,0.357,-0.4143,0.4286,62.1429,0.3245,0.2143,0.9421,0.9564,0.3,2.6268,0.0407,0.0,1.0
RLIRKIIKFLH,DBAASPS_3365,LNWKAILKHIIK,lead_opt_random,8.9697,10,11;1238.69;4.0883;0.4545;0.3717;0.3545;0.5455;177.2727;0.6449;0.0909;1.0918;0.7327;0.2691;2.2389;-0.0591;0.0;0.18;0.0932;0.0606;1.0,0.9772,0.18,0.0932,0.0606,1.0,0.319,11,1238.69,4.0883,0.4545,0.3717,0.3545,0.5455,177.2727,0.6449,0.0909,1.0918,0.7327,0.2691,2.2389,-0.0591,0.0,1.0
IGKLFKRIKVKVL,DBAASPS_3365,LNWKAILKHIIK,lead_opt_random,8.9644,13,13;1307.82;4.9968;0.3846;0.3844;0.5615;0.5385;164.6154;0.3583;0.0769;1.0762;0.7962;0.2838;2.5402;-0.1208;0.0;0.0369;0.0327;0.0513;1.0,0.9769,0.0369,0.0327,0.0513,1.0,0.4561,13,1307.82,4.9968,0.3846,0.3844,0.5615,0.5385,164.6154,0.3583,0.0769,1.0762,0.7962,0.2838,2.5402,-0.1208,0.0,1.0
VKRVRFGGFKVRF,DBAASPS_3078,VRRFGWWWGFLRR,lead_opt_random,8.9634,10,13;1361.76;4.9974;0.3846;0.3844;-0.0846;0.4615;66.9231;0.1881;0.2308;0.9908;0.8808;0.2923;2.7006;0.0138;0.2308;0.1779;0.0954;0.0692;1.0,0.9768,0.1779,0.0954,0.0692,1.0,0.3093,13,1361.76,4.9974,0.3846,0.3844,-0.0846,0.4615,66.9231,0.1881,0.2308,0.9908,0.8808,0.2923,2.7006,0.0138,0.2308,1.0
GIWDTLKKVAKMVADKIKCKASKGL,DBAASPR_1546,GLWSTIKNVGKEAAIAAGKAALGAL,lead_opt_motif,8.9601,16,25;2281.98;4.9349;0.28;0.1974;-0.108;0.44;97.6;0.3391;0.04;1.0828;0.9252;0.3144;2.8332;-0.1;0.0;0.0091;0.0386;0.1;1.0,0.9767,0.0091,0.0386,0.1,1.0,0.44,25,2281.98,4.9349,0.28,0.1974,-0.108,0.44,97.6,0.3391,0.04,1.0828,0.9252,0.3144,2.8332,-0.1,0.0,1.0
KWKSFIKKLTSKVLHVAKKIGTAPV,DBAASPS_270,KWKSFLKTFKSLKKTVLHTLLKAISS,lead_opt_contiguous,8.9548,17,25;2358.08;7.0869;0.32;0.2835;-0.032;0.44;105.2;0.3348;0.08;1.0416;0.8776;0.3104;2.6188;-0.058;0.0;0.0117;0.0397;0.1;1.0,0.9764,0.0117,0.0397,0.1,1.0,0.6533,25,2358.08,7.0869,0.32,0.2835,-0.032,0.44,105.2,0.3348,0.08,1.0416,0.8776,0.3104,2.6188,-0.058,0.0,1.0
KWKSFLGKIKAVALKVTKLHGRALH,DBAASPS_270,KWKSFLKTFKSLKKTVLHTLLKAISS,lead_opt_motif,8.9483,17,25;2380.1;7.1781;0.36;0.2871;-0.048;0.48;113.2;0.251;0.08;1.0864;0.8628;0.3;2.5763;-0.052;0.0;0.015;0.041;0.1;1.0,0.976,0.015,0.041,0.1,1.0,0.3759,25,2380.1,7.1781,0.36,0.2871,-0.048,0.48,113.2,0.251,0.08,1.0864,0.8628,0.3,2.5763,-0.052,0.0,1.0
RGGRLFRIVKVKFR,DBAASPS_3078,VRRFGWWWGFLRR,lead_opt_contiguous,8.9467,14,14;1479.945;5.9974;0.4286;0.4284;-0.3071;0.4286;97.1429;0.3592;0.1429;0.995;0.8829;0.3086;2.5673;0.0486;0.0;0.0774;0.031;0.0;1.0,0.9759,0.0774,0.031,0.0,1.0,0.3423,14,1479.945,5.9974,0.4286,0.4284,-0.3071,0.4286,97.1429,0.3592,0.1429,0.995,0.8829,0.3086,2.5673,0.0486,0.0,1.0
VIKKIKKVASLIK,DBAASPS_3365,LNWKAILKHIIK,lead_opt_motif,8.9415,12,13;1233.73;4.9965;0.3846;0.3843;0.5538;0.5385;172.3077;0.4157;0.0;1.12;0.76;0.29;2.4129;-0.1077;0.2308;0.1573;0.1051;0.1205;1.0,0.9757,0.1573,0.1051,0.1205,1.0,0.3248,13,1233.73,4.9965,0.3846,0.3843,0.5538,0.5385,172.3077,0.4157,0.0,1.12,0.76,0.29,2.4129,-0.1077,0.2308,1.0
CFKVKVGFKVKKCVR,DBAASPS_3078,VRRFGWWWGFLRR,lead_opt_random,8.9385,15,15;1499.04;5.8726;0.4;0.3915;0.2;0.4;77.3333;0.2162;0.1333;1.0147;0.8813;0.276;2.5244;-0.0287;0.4;0.0076;0.045;0.12;1.0,0.9755,0.0076,0.045,0.12,1.0,0.3216,15,1499.04,5.8726,0.4,0.3915,0.2,0.4,77.3333,0.2162,0.1333,1.0147,0.8813,0.276,2.5244,-0.0287,0.4,1.0
RGARPFVKVFRVRF,DBAASPS_3078,VRRFGWWWGFLRR,lead_opt_contiguous,8.9378,12,14;1482.915;4.9977;0.3571;0.357;-0.0786;0.5;69.2857;0.4396;0.2143;0.99;0.8479;0.3043;2.4129;0.0393;0.0;0.2334;0.0934;0.0;1.0,0.9755,0.2334,0.0934,0.0,1.0,0.3185,14,1482.915,4.9977,0.3571,0.357,-0.0786,0.5,69.2857,0.4396,0.2143,0.99,0.8479,0.3043,2.4129,0.0393,0.0,1.0
FIKHFLHRGGKAVWVHR,DBAASPS_3078,VRRFGWWWGFLRR,lead_opt_motif,8.926,16,17;1782.23;4.2701;0.4118;0.2512;-0.2353;0.4706;85.8824;0.326;0.1765;1.0312;0.8747;0.2753;2.7662;0.0;0.0;0.0879;0.0351;0.0;1.0,0.9748,0.0879,0.0351,0.0,1.0,0.3904,17,1782.23,4.2701,0.4118,0.2512,-0.2353,0.4706,85.8824,0.326,0.1765,1.0312,0.8747,0.2753,2.7662,0.0,0.0,1.0
KWKSFIKKLTTKAAHVGKAVLTTGK,DBAASPS_270,KWKSFLKTFKSLKKTVLHTLLKAISS,lead_opt_motif,8.922,18,25;2291.92;7.0869;0.32;0.2835;-0.284;0.4;82.0;0.2794;0.08;1.0576;0.8952;0.314;2.6858;-0.0268;0.12;0.0061;0.05;0.136;1.0,0.9746,0.0061,0.05,0.136,1.0,0.52,25,2291.92,7.0869,0.32,0.2835,-0.284,0.4,82.0,0.2794,0.08,1.0576,0.8952,0.314,2.6858,-0.0268,0.12,1.0
KWKSFIKKLTSKLKKLLTTGLKAL,DBAASPS_173,KWKSFIKKLTKAAKKVVTTAKKPLIV,lead_opt_contiguous,8.9204,10,24;2342.115;7.9957;0.3333;0.3332;-0.1792;0.4167;117.9167;0.3646;0.0833;1.0771;0.8846;0.3179;2.554;-0.08;0.125;0.1698;0.1091;0.1175;1.0,0.9745,0.1698,0.1091,0.1175,1.0,0.7051,24,2342.115,7.9957,0.3333,0.3332,-0.1792,0.4167,117.9167,0.3646,0.0833,1.0771,0.8846,0.3179,2.554,-0.08,0.125,1.0
RRGGARIFRVKFKVC,DBAASPS_3078,VRRFGWWWGFLRR,lead_opt_random,8.8922,14,15;1522.99;5.9354;0.4;0.3957;-0.2533;0.4;71.3333;0.3743;0.1333;0.9893;0.904;0.3;2.3845;0.062;0.0;0.1049;0.042;0.0;1.0,0.973,0.1049,0.042,0.0,1.0,0.3079,15,1522.99,5.9354,0.4,0.3957,-0.2533,0.4,71.3333,0.3743,0.1333,0.9893,0.904,0.3,2.3845,0.062,0.0,1.0
IGRRWRWVFVGRVGR,DBAASPS_3078,VRRFGWWWGFLRR,lead_opt_motif,8.8845,12,15;1630.04;4.998;0.3333;0.3332;-0.3733;0.4667;84.0;0.1572;0.2;0.934;0.944;0.288;2.4255;0.0333;0.2;0.2234;0.1104;0.06;1.0,0.9726,0.2234,0.1104,0.06,1.0,0.2819,15,1630.04,4.998,0.3333,0.3332,-0.3733,0.4667,84.0,0.1572,0.2,0.934,0.944,0.288,2.4255,0.0333,0.2,1.0
RGGVKFKKVVCFKK,DBAASPS_3078,VRRFGWWWGFLRR,lead_opt_motif,8.8824,14,14;1371.835;5.9346;0.4286;0.4239;-0.2929;0.3571;62.1429;0.1853;0.1429;1.0021;0.9407;0.305;2.6261;0.0014;0.2143;0.0703;0.0506;0.0643;1.0,0.9725,0.0703,0.0506,0.0643,1.0,0.2885,14,1371.835,5.9346,0.4286,0.4239,-0.2929,0.3571,62.1429,0.1853,0.1429,1.0021,0.9407,0.305,2.6261,0.0014,0.2143,1.0
KWKSFIKKLTSKIAGHLVKKLTTGL,DBAASPS_270,KWKSFLKTFKSLKKTVLHTLLKAISS,lead_opt_contiguous,8.8801,17,25;2376.09;7.0869;0.32;0.2835;-0.116;0.4;109.2;0.3235;0.08;1.0392;0.904;0.31;2.6596;-0.068;0.24;0.0051;0.0622;0.172;1.0,0.9724,0.0051,0.0622,0.172,1.0,0.5133,25,2376.09,7.0869,0.32,0.2835,-0.116,0.4,109.2,0.3235,0.08,1.0392,0.904,0.31,2.6596,-0.068,0.24,1.0
GFKSILKKIKKLF,DBAASPS_3367,LNWGAKLKHIIK,lead_opt_motif,8.8782,12,13;1315.8;4.9965;0.3846;0.3843;0.1154;0.4615;120.0;0.5044;0.1538;1.0754;0.8646;0.2992;2.6371;-0.1192;0.0;0.2635;0.1054;0.0;1.0,0.9723,0.2635,0.1054,0.0,1.0,0.5641,13,1315.8,4.9965,0.3846,0.3843,0.1154,0.4615,120.0,0.5044,0.1538,1.0754,0.8646,0.2992,2.6371,-0.1192,0.0,1.0
FPVGRVHRFLKKKCV,DBAASPS_3078,VRRFGWWWGFLRR,lead_opt_contiguous,8.8682,15,15;1544.04;5.026;0.4;0.3351;-0.0933;0.4;84.0;0.4048;0.1333;0.976;0.9013;0.3013;2.3874;0.006;0.0;0.1171;0.0468;0.0;1.0,0.9718,0.1171,0.0468,0.0,1.0,0.2667,15,1544.04,5.026,0.4,0.3351,-0.0933,0.4,84.0,0.4048,0.1333,0.976,0.9013,0.3013,2.3874,0.006,0.0,1.0
GLFSAIKKAGKVAGKALVGAVKSK,DBAASPR_1546,GLWSTIKNVGKEAAIAAGKAALGAL,lead_opt_random,8.8668,15,24;1896.485;5.9963;0.25;0.2498;0.4125;0.5;105.8333;0.3184;0.0417;1.0704;0.9096;0.3113;2.6259;-0.1058;0.125;0.0454;0.0593;0.1175;1.0,0.9717,0.0454,0.0593,0.1175,1.0,0.3967,24,1896.485,5.9963,0.25,0.2498,0.4125,0.5,105.8333,0.3184,0.0417,1.0704,0.9096,0.3113,2.6259,-0.1058,0.125,1.0
KKIVKVVFKVLK,DBAASPS_3365,LNWKAILKHIIK,lead_opt_random,8.8616,11,12;1212.705;4.9965;0.4167;0.4164;0.7;0.5833;161.6667;0.496;0.0833;1.1217;0.7258;0.2725;2.4928;-0.1217;0.0;0.0014;0.0395;0.1111;1.0,0.9714,0.0014,0.0395,0.1111,1.0,0.4444,12,1212.705,4.9965,0.4167,0.4164,0.7,0.5833,161.6667,0.496,0.0833,1.1217,0.7258,0.2725,2.4928,-0.1217,0.0,1.0
KWKKFKKIGVAGLKIAAKLITKHL,DBAASPS_173,KWKSFIKKLTKAAKKVVTTAKKPLIV,lead_opt_motif,8.8409,18,24;2288.075;8.0866;0.375;0.3369;0.0208;0.5;122.0833;0.2861;0.0833;1.1104;0.8462;0.2975;2.6715;-0.09;0.0;0.0815;0.0606;0.08;1.0,0.9703,0.0815,0.0606,0.08,1.0,0.4049,24,2288.075,8.0866,0.375,0.3369,0.0208,0.5,122.0833,0.2861,0.0833,1.1104,0.8462,0.2975,2.6715,-0.09,0.0,1.0
FKRILGKIIKVAK,DBAASPS_3365,LNWKAILKHIIK,lead_opt_contiguous,8.8239,13,13;1279.77;4.9968;0.3846;0.3844;0.4308;0.5385;150.0;0.5036;0.0769;1.0938;0.7946;0.2862;2.4506;-0.1023;0.0;0.1078;0.0611;0.0513;1.0,0.9694,0.1078,0.0611,0.0513,1.0,0.4078,13,1279.77,4.9968,0.3846,0.3844,0.4308,0.5385,150.0,0.5036,0.0769,1.0938,0.7946,0.2862,2.4506,-0.1023,0.0,1.0
RILGKIFKVVKKI,DBAASPS_3365,LNWKAILKHIIK,lead_opt_contiguous,8.8215,10,13;1307.82;4.9968;0.3846;0.3844;0.6154;0.5385;164.6154;0.4953;0.0769;1.0662;0.7869;0.2777;2.5321;-0.1192;0.0;0.0586;0.0414;0.0513;1.0,0.9693,0.0586,0.0414,0.0513,1.0,0.3822,13,1307.82,4.9968,0.3846,0.3844,0.6154,0.5385,164.6154,0.4953,0.0769,1.0662,0.7869,0.2777,2.5321,-0.1192,0.0,1.0
GKWFKKIKGIAKL,DBAASPS_3367,LNWGAKLKHIIK,lead_opt_contiguous,8.817,8,13;1282.72;4.9965;0.3846;0.3843;-0.2923;0.4615;97.6923;0.3908;0.1538;1.0723;0.9246;0.3038;2.7095;-0.0992;0.0;0.2944;0.1178;0.0;1.0,0.969,0.2944,0.1178,0.0,1.0,0.4872,13,1282.72,4.9965,0.3846,0.3843,-0.2923,0.4615,97.6923,0.3908,0.1538,1.0723,0.9246,0.3038,2.7095,-0.0992,0.0,1.0
FLIHRIKKIGKIV,DBAASPS_3365,LNWKAILKHIIK,lead_opt_motif,8.8133,11,13;1330.82;4.088;0.3846;0.3145;0.6923;0.5385;172.3077;0.4008;0.0769;1.0554;0.78;0.2638;2.5129;-0.1238;0.0;0.0627;0.043;0.0513;1.0,0.9688,0.0627,0.043,0.0513,1.0,0.3498,13,1330.82,4.088,0.3846,0.3145,0.6923,0.5385,172.3077,0.4008,0.0769,1.0554,0.78,0.2638,2.5129,-0.1238,0.0,1.0
GIGKILKWAKKL,DBAASPS_3367,LNWGAKLKHIIK,lead_opt_random,8.7986,12,12;1138.545;3.9968;0.3333;0.3331;0.0917;0.5;138.3333;0.4465;0.0833;1.0717;0.9167;0.3;2.4798;-0.1492;0.0;0.0007;0.0003;0.0;1.0,0.9681,0.0007,0.0003,0.0,1.0,0.4979,12,1138.545,3.9968,0.3333,0.3331,0.0917,0.5,138.3333,0.4465,0.0833,1.0717,0.9167,0.3,2.4798,-0.1492,0.0,1.0
GLFKKIKTVLK,DBAASPS_3367,LNWGAKLKHIIK,lead_opt_contiguous,8.798,12,11;1076.47;3.9968;0.3636;0.3633;0.2182;0.4545;132.7273;0.4135;0.0909;1.0664;0.8536;0.3018;2.5127;-0.1145;0.0;0.001;0.0004;0.0;1.0,0.968,0.001,0.0004,0.0,1.0,0.6667,11,1076.47,3.9968,0.3636,0.3633,0.2182,0.4545,132.7273,0.4135,0.0909,1.0664,0.8536,0.3018,2.5127,-0.1145,0.0,1.0
GIGKFLKLAKKI,DBAASPS_3367,LNWGAKLKHIIK,lead_opt_motif,8.7979,12,12;1099.515;3.9968;0.3333;0.3331;0.4;0.5;138.3333;0.4428;0.0833;1.0758;0.8867;0.3;2.5906;-0.1575;0.0;0.0011;0.0004;0.0;1.0,0.968,0.0011,0.0004,0.0,1.0,0.4638,12,1099.515,3.9968,0.3333,0.3331,0.4,0.5,138.3333,0.4428,0.0833,1.0758,0.8867,0.3,2.5906,-0.1575,0.0,1.0
GLKKIFKIAKGL,DBAASPS_3367,LNWGAKLKHIIK,lead_opt_contiguous,8.7979,12,12;1099.515;3.9968;0.3333;0.3331;0.4;0.5;138.3333;0.4387;0.0833;1.0758;0.8867;0.3;2.6093;-0.1575;0.0;0.0011;0.0004;0.0;1.0,0.968,0.0011,0.0004,0.0,1.0,0.4744,12,1099.515,3.9968,0.3333,0.3331,0.4,0.5,138.3333,0.4387,0.0833,1.0758,0.8867,0.3,2.6093,-0.1575,0.0,1.0
GLKKIFKVAKVS,DBAASPS_3367,LNWGAKLKHIIK,lead_opt_random,8.7977,12,12;1101.485;3.9968;0.3333;0.3331;0.375;0.5;121.6667;0.3795;0.0833;1.0783;0.8475;0.2983;2.5429;-0.1017;0.0;0.0012;0.0005;0.0;1.0,0.968,0.0012,0.0005,0.0,1.0,0.4338,12,1101.485,3.9968,0.3333,0.3331,0.375,0.5,121.6667,0.3795,0.0833,1.0783,0.8475,0.2983,2.5429,-0.1017,0.0,1.0
KIGGVLKKIFKA,DBAASPS_3367,LNWGAKLKHIIK,lead_opt_contiguous,8.7975,10,12;1085.485;3.9968;0.3333;0.3331;0.4333;0.5;130.0;0.4343;0.0833;1.0633;0.8792;0.2958;2.6706;-0.14;0.0;0.0013;0.0005;0.0;1.0,0.968,0.0013,0.0005,0.0,1.0,0.4103,12,1085.485,3.9968,0.3333,0.3331,0.4333,0.5,130.0,0.4343,0.0833,1.0633,0.8792,0.2958,2.6706,-0.14,0.0,1.0
GLKKIFKALKTL,DBAASPS_3367,LNWGAKLKHIIK,lead_opt_random,8.7973,12,12;1143.565;3.9968;0.3333;0.3331;0.3167;0.5;138.3333;0.4698;0.0833;1.1083;0.84;0.3025;2.4992;-0.1383;0.0;0.0014;0.0005;0.0;1.0,0.968,0.0014,0.0005,0.0,1.0,0.4872,12,1143.565,3.9968,0.3333,0.3331,0.3167,0.5,138.3333,0.4698,0.0833,1.1083,0.84,0.3025,2.4992,-0.1383,0.0,1.0
LGKIFKVGKKL,DBAASPS_3367,LNWGAKLKHIIK,lead_opt_contiguous,8.7973,10,11;1032.42;3.9968;0.3636;0.3633;0.2455;0.4545;132.7273;0.4379;0.0909;1.0427;0.9155;0.3064;2.7799;-0.1373;0.0;0.0014;0.0006;0.0;1.0,0.968,0.0014,0.0006,0.0,1.0,0.3605,11,1032.42,3.9968,0.3636,0.3633,0.2455,0.4545,132.7273,0.4379,0.0909,1.0427,0.9155,0.3064,2.7799,-0.1373,0.0,1.0
GLFKKVLKIGK,DBAASPS_3367,LNWGAKLKHIIK,lead_opt_random,8.7973,10,11;1032.42;3.9968;0.3636;0.3633;0.2455;0.4545;132.7273;0.4225;0.0909;1.0427;0.9155;0.3064;2.5965;-0.1373;0.0;0.0014;0.0006;0.0;1.0,0.968,0.0014,0.0006,0.0,1.0,0.4872,11,1032.42,3.9968,0.3636,0.3633,0.2455,0.4545,132.7273,0.4225,0.0909,1.0427,0.9155,0.3064,2.5965,-0.1373,0.0,1.0
GIKSFKKIVKVAG,DBAASPS_3367,LNWGAKLKHIIK,lead_opt_contiguous,8.7973,12,13;1140.52;3.9968;0.3077;0.3074;0.3692;0.4615;112.3077;0.4628;0.0769;1.0292;0.8992;0.3;2.6278;-0.1031;0.0;0.0014;0.0005;0.0;1.0,0.968,0.0014,0.0005,0.0,1.0,0.4222,13,1140.52,3.9968,0.3077,0.3074,0.3692,0.4615,112.3077,0.4628,0.0769,1.0292,0.8992,0.3,2.6278,-0.1031,0.0,1.0
GIKKIIKAGKIF,DBAASPS_3367,LNWGAKLKHIIK,lead_opt_random,8.7972,11,12;1099.515;3.9968;0.3333;0.3331;0.5167;0.5;138.3333;0.3981;0.0833;1.0542;0.8667;0.2867;2.5975;-0.1542;0.0;0.0014;0.0006;0.0;1.0,0.968,0.0014,0.0006,0.0,1.0,0.3611,12,1099.515,3.9968,0.3333,0.3331,0.5167,0.5,138.3333,0.3981,0.0833,1.0542,0.8667,0.2867,2.5975,-0.1542,0.0,1.0
GLFKKIGKVLK,DBAASPS_3367,LNWGAKLKHIIK,lead_opt_motif,8.7972,11,11;1032.42;3.9968;0.3636;0.3633;0.2455;0.4545;132.7273;0.4629;0.0909;1.0427;0.9155;0.3064;2.5965;-0.1373;0.0;0.0014;0.0006;0.0;1.0,0.968,0.0014,0.0006,0.0,1.0,0.4872,11,1032.42,3.9968,0.3636,0.3633,0.2455,0.4545,132.7273,0.4629,0.0909,1.0427,0.9155,0.3064,2.5965,-0.1373,0.0,1.0
GMWKKILGKIK,DBAASPS_3367,LNWGAKLKHIIK,lead_opt_contiguous,8.7972,9,11;1103.52;3.9968;0.3636;0.3633;-0.2364;0.4545;106.3636;0.3116;0.0909;1.0618;0.9464;0.3055;2.5881;-0.1264;0.0;0.0014;0.0006;0.0;1.0,0.968,0.0014,0.0006,0.0,1.0,0.6566,11,1103.52,3.9968,0.3636,0.3633,-0.2364,0.4545,106.3636,0.3116,0.0909,1.0618,0.9464,0.3055,2.5881,-0.1264,0.0,1.0
GIGKIKKVFKAL,DBAASPS_3367,LNWGAKLKHIIK,lead_opt_motif,8.7971,11,12;1085.485;3.9968;0.3333;0.3331;0.4333;0.5;130.0;0.3751;0.0833;1.0633;0.8792;0.2958;2.6628;-0.14;0.0;0.0014;0.0006;0.0;1.0,0.968,0.0014,0.0006,0.0,1.0,0.4359,12,1085.485,3.9968,0.3333,0.3331,0.4333,0.5,130.0,0.3751,0.0833,1.0633,0.8792,0.2958,2.6628,-0.14,0.0,1.0
KWKSFIKKITKAAKKIANTVLTKG,DBAASPS_270,KWKSFLKTFKSLKKTVLHTLLKAISS,lead_opt_random,8.7971,17,24;2270.945;7.9957;0.3333;0.3332;-0.3833;0.4167;89.5833;0.4337;0.0833;1.0733;0.8854;0.3183;2.7125;-0.0296;0.125;0.0806;0.0734;0.1175;1.0,0.968,0.0806,0.0734,0.1175,1.0,0.5256,24,2270.945,7.9957,0.3333,0.3332,-0.3833,0.4167,89.5833,0.4337,0.0833,1.0733,0.8854,0.3183,2.7125,-0.0296,0.125,1.0
VNLKKLFKKALG,DBAASPS_3367,LNWGAKLKHIIK,lead_opt_contiguous,8.7971,10,12;1142.535;3.9968;0.3333;0.3331;0.0583;0.5;130.0;0.3668;0.0833;1.0933;0.8925;0.3175;2.6508;-0.1125;0.0;0.0015;0.0006;0.0;1.0,0.968,0.0015,0.0006,0.0,1.0,0.4333,12,1142.535,3.9968,0.3333,0.3331,0.0583,0.5,130.0,0.3668,0.0833,1.0933,0.8925,0.3175,2.6508,-0.1125,0.0,1.0
ILKVFKKVTSKL,DBAASPS_3365,LNWKAILKHIIK,lead_opt_random,8.7971,12,12;1187.615;3.9968;0.3333;0.3331;0.5167;0.5;145.8333;0.421;0.0833;1.0825;0.79;0.2892;2.5398;-0.1167;0.0;0.0015;0.0006;0.0;1.0,0.968,0.0015,0.0006,0.0,1.0,0.4872,12,1187.615,3.9968,0.3333,0.3331,0.5167,0.5,145.8333,0.421,0.0833,1.0825,0.79,0.2892,2.5398,-0.1167,0.0,1.0
GKWLKIIKKVAG,DBAASPS_3367,LNWGAKLKHIIK,lead_opt_contiguous,8.797,10,12;1124.515;3.9968;0.3333;0.3331;0.125;0.5;130.0;0.4303;0.0833;1.0592;0.9092;0.2958;2.4652;-0.1317;0.0;0.0015;0.0006;0.0;1.0,0.968,0.0015,0.0006,0.0,1.0,0.4444,12,1124.515,3.9968,0.3333,0.3331,0.125,0.5,130.0,0.4303,0.0833,1.0592,0.9092,0.2958,2.4652,-0.1317,0.0,1.0
GIKSFIKKLKTL,DBAASPS_3367,LNWGAKLKHIIK,lead_opt_random,8.797,11,12;1159.565;3.9968;0.3333;0.3331;0.1583;0.4167;130.0;0.4202;0.0833;1.0433;0.8825;0.3075;2.5558;-0.11;0.0;0.0015;0.0006;0.0;1.0,0.968,0.0015,0.0006,0.0,1.0,0.3838,12,1159.565,3.9968,0.3333,0.3331,0.1583,0.4167,130.0,0.4202,0.0833,1.0433,0.8825,0.3075,2.5558,-0.11,0.0,1.0
FHGLLKHILKK,DBAASPS_3367,LNWGAKLKHIIK,lead_opt_contiguous,8.7969,11,11;1135.51;3.1789;0.4545;0.289;0.0182;0.4545;141.8182;0.3594;0.0909;1.0809;0.8555;0.2882;2.6502;-0.0855;0.0;0.0015;0.0006;0.0;1.0,0.968,0.0015,0.0006,0.0,1.0,0.4103,11,1135.51,3.1789,0.4545,0.289,0.0182,0.4545,141.8182,0.3594,0.0909,1.0809,0.8555,0.2882,2.6502,-0.0855,0.0,1.0
GIKTWKKVLKGIA,DBAASPS_3367,LNWGAKLKHIIK,lead_opt_motif,8.7965,12,13;1207.6;3.9968;0.3077;0.3074;0.0615;0.4615;120.0;0.4644;0.0769;1.0415;0.9131;0.3;2.5418;-0.1131;0.0;0.0017;0.0007;0.0;1.0,0.968,0.0017,0.0007,0.0,1.0,0.3093,13,1207.6,3.9968,0.3077,0.3074,0.0615,0.4615,120.0,0.4644,0.0769,1.0415,0.9131,0.3,2.5418,-0.1131,0.0,1.0
GLFKVVKKIAKG,DBAASPS_3367,LNWGAKLKHIIK,lead_opt_random,8.7963,11,12;1071.455;3.9968;0.3333;0.3331;0.4083;0.5;121.6667;0.495;0.0833;1.0617;0.8817;0.2983;2.6069;-0.1242;0.0;0.0018;0.0007;0.0;1.0,0.9679,0.0018,0.0007,0.0,1.0,0.5415,12,1071.455,3.9968,0.3333,0.3331,0.4083,0.5,121.6667,0.495,0.0833,1.0617,0.8817,0.2983,2.6069,-0.1242,0.0,1.0
GLLKFIKKVKGM,DBAASPS_3367,LNWGAKLKHIIK,lead_opt_random,8.7963,11,12;1145.605;3.9968;0.3333;0.3331;0.3833;0.5;121.6667;0.3558;0.0833;1.0767;0.8892;0.2992;2.6708;-0.16;0.0;0.0019;0.0007;0.0;1.0,0.9679,0.0019,0.0007,0.0,1.0,0.5,12,1145.605,3.9968,0.3333,0.3331,0.3833,0.5,121.6667,0.3558,0.0833,1.0767,0.8892,0.2992,2.6708,-0.16,0.0,1.0
GIKKIAKFLGKI,DBAASPS_3367,LNWGAKLKHIIK,lead_opt_random,8.7957,12,12;1099.515;3.9968;0.3333;0.3331;0.4583;0.5;138.3333;0.5031;0.0833;1.065;0.8767;0.2933;2.6227;-0.1558;0.0;0.0022;0.0009;0.0;1.0,0.9679,0.0022,0.0009,0.0,1.0,0.4466,12,1099.515,3.9968,0.3333,0.3331,0.4583,0.5,138.3333,0.5031,0.0833,1.065,0.8767,0.2933,2.6227,-0.1558,0.0,1.0
GMWKKILGKIIK,DBAASPS_3367,LNWGAKLKHIIK,lead_opt_contiguous,8.7953,7,12;1198.665;3.9968;0.3333;0.3331;0.1583;0.5;130.0;0.3679;0.0833;1.0633;0.9067;0.29;2.5498;-0.1658;0.0;0.0024;0.0009;0.0;1.0,0.9679,0.0024,0.0009,0.0,1.0,0.75,12,1198.665,3.9968,0.3333,0.3331,0.1583,0.5,130.0,0.3679,0.0833,1.0633,0.9067,0.29,2.5498,-0.1658,0.0,1.0
GIKIWKKVLKT,DBAASPS_3367,LNWGAKLKHIIK,lead_opt_contiguous,8.7952,11,11;1115.5;3.9968;0.3636;0.3633;-0.0545;0.4545;132.7273;0.4541;0.0909;1.05;0.8755;0.2945;2.4448;-0.1036;0.0;0.0024;0.001;0.0;1.0,0.9679,0.0024,0.001,0.0,1.0,0.3077,11,1115.5,3.9968,0.3636,0.3633,-0.0545,0.4545,132.7273,0.4541,0.0909,1.05,0.8755,0.2945,2.4448,-0.1036,0.0,1.0
VGKWVKKIGKLL,DBAASPS_3367,LNWGAKLKHIIK,lead_opt_motif,8.7949,11,12;1152.565;3.9968;0.3333;0.3331;0.2667;0.5;145.8333;0.4936;0.0833;1.04;0.9108;0.2933;2.5913;-0.1517;0.0;0.0026;0.001;0.0;1.0,0.9679,0.0026,0.001,0.0,1.0,0.4222,12,1152.565,3.9968,0.3333,0.3331,0.2667,0.5,145.8333,0.4936,0.0833,1.04,0.9108,0.2933,2.5913,-0.1517,0.0,1.0
GAAKKIVGKIIK,DBAASPS_3367,LNWGAKLKHIIK,lead_opt_motif,8.7949,9,12;1009.385;3.9968;0.3333;0.3331;0.4083;0.5;138.3333;0.358;0.0;1.0767;0.8692;0.3025;2.5084;-0.1125;0.0;0.0026;0.001;0.0;1.0,0.9679,0.0026,0.001,0.0,1.0,0.5389,12,1009.385,3.9968,0.3333,0.3331,0.4083,0.5,138.3333,0.358,0.0,1.0767,0.8692,0.3025,2.5084,-0.1125,0.0,1.0
GIWKKIASLIKK,DBAASPS_3367,LNWGAKLKHIIK,lead_opt_contiguous,8.7944,9,12;1168.575;3.9968;0.3333;0.3331;0.1167;0.5;138.3333;0.4404;0.0833;1.0775;0.8725;0.2933;2.3703;-0.125;0.0;0.0028;0.0011;0.0;1.0,0.9678,0.0028,0.0011,0.0,1.0,0.4206,12,1168.575,3.9968,0.3333,0.3331,0.1167,0.5,138.3333,0.4404,0.0833,1.0775,0.8725,0.2933,2.3703,-0.125,0.0,1.0
GKILGLIKKWVK,DBAASPS_3367,LNWGAKLKHIIK,lead_opt_random,8.7934,10,12;1166.595;3.9968;0.3333;0.3331;0.2917;0.5;154.1667;0.4031;0.0833;1.0417;0.9083;0.2908;2.4308;-0.1675;0.0;0.0033;0.0013;0.0;1.0,0.9678,0.0033,0.0013,0.0,1.0,0.4444,12,1166.595,3.9968,0.3333,0.3331,0.2917,0.5,154.1667,0.4031,0.0833,1.0417,0.9083,0.2908,2.4308,-0.1675,0.0,1.0
KWKSFIKKLTTKLTSKLKTILKTL,DBAASPS_270,KWKSFLKTFKSLKKTVLHTLLKAISS,lead_opt_random,8.7924,16,24;2416.185;7.9957;0.3333;0.3332;-0.2667;0.375;113.75;0.3152;0.0833;1.0579;0.8662;0.3163;2.5602;-0.0562;0.25;0.0598;0.0782;0.155;1.0,0.9677,0.0598,0.0782,0.155,1.0,0.5385,24,2416.185,7.9957,0.3333,0.3332,-0.2667,0.375,113.75,0.3152,0.0833,1.0579,0.8662,0.3163,2.5602,-0.0562,0.25,1.0
GFWRVVIRGVKKRC,DBAASPS_3078,VRRFGWWWGFLRR,lead_opt_motif,8.7897,12,14;1451.895;4.9354;0.3571;0.3525;-0.0429;0.4286;90.0;0.4572;0.1429;0.9629;0.9193;0.2814;2.2991;0.0;0.0;0.3082;0.1233;0.0;1.0,0.9676,0.3082,0.1233,0.0,1.0,0.3095,14,1451.895,4.9354,0.3571,0.3525,-0.0429,0.4286,90.0,0.4572,0.1429,0.9629,0.9193,0.2814,2.2991,0.0,0.0,1.0
GIKTILKIVKKW,DBAASPS_3365,LNWKAILKHIIK,lead_opt_random,8.7888,12,12;1210.645;3.9968;0.3333;0.3331;0.325;0.5;154.1667;0.512;0.0833;1.0525;0.8417;0.28;2.4328;-0.145;0.0;0.0057;0.0023;0.0;1.0,0.9675,0.0057,0.0023,0.0,1.0,0.41,12,1210.645,3.9968,0.3333,0.3331,0.325,0.5,154.1667,0.512,0.0833,1.0525,0.8417,0.28,2.4328,-0.145,0.0,1.0
GIGKIFKKILKSA,DBAASPS_3367,LNWGAKLKHIIK,lead_opt_motif,8.7885,12,13;1168.58;3.9968;0.3077;0.3074;0.3615;0.4615;127.6923;0.52;0.0769;1.0423;0.9038;0.3015;2.6279;-0.1338;0.0;0.0058;0.0023;0.0;1.0,0.9675,0.0058,0.0023,0.0,1.0,0.4103,13,1168.58,3.9968,0.3077,0.3074,0.3615,0.4615,127.6923,0.52,0.0769,1.0423,0.9038,0.3015,2.6279,-0.1338,0.0,1.0
GIKSIFKKIGKIL,DBAASPS_3367,LNWGAKLKHIIK,lead_opt_contiguous,8.7878,12,13;1210.66;3.9968;0.3077;0.3074;0.5692;0.4615;150.0;0.4939;0.0769;1.0162;0.8938;0.2908;2.6418;-0.1654;0.0;0.0061;0.0025;0.0;1.0,0.9675,0.0061,0.0025,0.0,1.0,0.4359,13,1210.66,3.9968,0.3077,0.3074,0.5692,0.4615,150.0,0.4939,0.0769,1.0162,0.8938,0.2908,2.6418,-0.1654,0.0,1.0
VTRGGFKRWIIRVKW,DBAASPS_3078,VRRFGWWWGFLRR,lead_opt_random,8.7871,11,15;1632.08;4.9974;0.3333;0.3332;-0.2933;0.4667;90.6667;0.2623;0.2;0.9807;0.9047;0.2827;2.5059;-0.02;0.0;0.3096;0.1238;0.0;1.0,0.9675,0.3096,0.1238,0.0,1.0,0.2667,15,1632.08,4.9974,0.3333,0.3332,-0.2933,0.4667,90.6667,0.2623,0.2,0.9807,0.9047,0.2827,2.5059,-0.02,0.0,1.0
KWKSFIKKLTKKAAKIGAVLTTGK,DBAASPS_173,KWKSFIKKLTKAAKKVVTTAKKPLIV,lead_opt_random,8.7858,13,24;2213.895;7.9957;0.3333;0.3332;-0.2833;0.4167;89.5833;0.3306;0.0833;1.0746;0.8938;0.3175;2.6561;-0.0458;0.0;0.1094;0.0718;0.08;1.0,0.9674,0.1094,0.0718,0.08,1.0,0.4733,24,2213.895,7.9957,0.3333,0.3332,-0.2833,0.4167,89.5833,0.3306,0.0833,1.0746,0.8938,0.3175,2.6561,-0.0458,0.0,1.0
KWKSFIKKLTKKAAKIGVTVLTTGK,DBAASPS_270,KWKSFLKTFKSLKKTVLHTLLKAISS,lead_opt_random,8.7824,18,25;2325.03;7.9957;0.32;0.3198;-0.204;0.4;93.6;0.3453;0.08;1.0504;0.8924;0.3144;2.6648;-0.0484;0.0;0.0988;0.0745;0.1;1.0,0.9672,0.0988,0.0745,0.1,1.0,0.5128,25,2325.03,7.9957,0.32,0.3198,-0.204,0.4,93.6,0.3453,0.08,1.0504,0.8924,0.3144,2.6648,-0.0484,0.0,1.0
KWKSFIKKLTKAALKHIGKLLTGKC,DBAASPS_270,KWKSFLKTFKSLKKTVLHTLLKAISS,lead_opt_random,8.7473,18,25;2391.17;8.0246;0.36;0.321;-0.208;0.4;101.6;0.3708;0.08;1.064;0.9084;0.3072;2.5588;-0.0608;0.0;0.1165;0.0816;0.1;1.0,0.9653,0.1165,0.0816,0.1,1.0,0.5195,25,2391.17,8.0246,0.36,0.321,-0.208,0.4,101.6,0.3708,0.08,1.064,0.9084,0.3072,2.5588,-0.0608,0.0,1.0
VGRFRGGRWKWVIRAF,DBAASPS_3078,VRRFGWWWGFLRR,lead_opt_random,8.746,13,16;1703.135;4.9977;0.3125;0.3124;-0.2875;0.5;66.875;0.1023;0.25;0.9819;0.9325;0.2831;2.4869;-0.0131;0.0;0.1788;0.0715;0.0;1.0,0.9653,0.1788,0.0715,0.0,1.0,0.2719,16,1703.135,4.9977,0.3125,0.3124,-0.2875,0.5,66.875,0.1023,0.25,0.9819,0.9325,0.2831,2.4869,-0.0131,0.0,1.0
GLFKKIAKVAKTL,DBAASPS_3367,LNWGAKLKHIIK,lead_opt_motif,8.7344,12,13;1182.6;3.9968;0.3077;0.3074;0.4615;0.5385;127.6923;0.4592;0.0769;1.1208;0.8146;0.2954;2.5152;-0.1262;0.0;0.0016;0.0186;0.0513;1.0,0.9647,0.0016,0.0186,0.0513,1.0,0.4792,13,1182.6,3.9968,0.3077,0.3074,0.4615,0.5385,127.6923,0.4592,0.0769,1.1208,0.8146,0.2954,2.5152,-0.1262,0.0,1.0
GVKSFAKKIAKVL,DBAASPS_3367,LNWGAKLKHIIK,lead_opt_motif,8.7344,12,13;1154.55;3.9968;0.3077;0.3074;0.4846;0.5385;120.0;0.4506;0.0769;1.1046;0.8285;0.2954;2.5335;-0.1085;0.0;0.0016;0.0186;0.0513;1.0,0.9647,0.0016,0.0186,0.0513,1.0,0.4193,13,1154.55,3.9968,0.3077,0.3074,0.4846,0.5385,120.0,0.4506,0.0769,1.1046,0.8285,0.2954,2.5335,-0.1085,0.0,1.0
VNWKKIGKVLKAL,DBAASPS_3367,LNWGAKLKHIIK,lead_opt_contiguous,8.7301,10,13;1262.68;3.9968;0.3077;0.3074;0.1462;0.5385;142.3077;0.3953;0.0769;1.0769;0.8808;0.2985;2.6062;-0.1262;0.0;0.0037;0.0194;0.0513;1.0,0.9644,0.0037,0.0194,0.0513,1.0,0.454,13,1262.68,3.9968,0.3077,0.3074,0.1462,0.5385,142.3077,0.3953,0.0769,1.0769,0.8808,0.2985,2.6062,-0.1262,0.0,1.0
LGAFKRVVGRRFVVGR,DBAASPS_3078,VRRFGWWWGFLRR,lead_opt_motif,8.7268,14,16;1528.975;4.9977;0.3125;0.3124;0.3062;0.5;103.125;0.2413;0.125;0.9875;0.8825;0.2944;2.5653;-0.0156;0.375;0.1192;0.087;0.1125;1.0,0.9642,0.1192,0.087,0.1125,1.0,0.2894,16,1528.975,4.9977,0.3125,0.3124,0.3062,0.5,103.125,0.2413,0.125,0.9875,0.8825,0.2944,2.5653,-0.0156,0.375,1.0
KKVVNLVKVKF,DBAASPS_3365,LNWKAILKHIIK,lead_opt_random,8.7238,11,11;1103.49;3.9968;0.3636;0.3633;0.3909;0.5455;140.9091;0.258;0.0909;1.0809;0.7991;0.2909;2.6166;-0.0918;0.0;0.0012;0.0217;0.0606;1.0,0.9641,0.0012,0.0217,0.0606,1.0,0.6187,11,1103.49,3.9968,0.3636,0.3633,0.3909,0.5455,140.9091,0.258,0.0909,1.0809,0.7991,0.2909,2.6166,-0.0918,0.0,1.0
VNWKKILKIIK,DBAASPS_3365,LNWKAILKHIIK,lead_opt_motif,8.7235,5,11;1184.61;3.9968;0.3636;0.3633;0.1364;0.5455;168.1818;0.3727;0.0909;1.0818;0.8236;0.2827;2.4978;-0.1345;0.0;0.0013;0.0217;0.0606;1.0,0.9641,0.0013,0.0217,0.0606,1.0,0.5778,11,1184.61,3.9968,0.3636,0.3633,0.1364,0.5455,168.1818,0.3727,0.0909,1.0818,0.8236,0.2827,2.4978,-0.1345,0.0,1.0
VNWKKILKVIK,DBAASPS_3365,LNWKAILKHIIK,lead_opt_motif,8.7235,5,11;1170.58;3.9968;0.3636;0.3633;0.1091;0.5455;159.0909;0.3689;0.0909;1.08;0.8264;0.2855;2.5115;-0.1173;0.0;0.0013;0.0217;0.0606;1.0,0.9641,0.0013,0.0217,0.0606,1.0,0.5778,11,1170.58,3.9968,0.3636,0.3633,0.1091,0.5455,159.0909,0.3689,0.0909,1.08,0.8264,0.2855,2.5115,-0.1173,0.0,1.0
VNWKKIGAIKKVL,DBAASPS_3367,LNWGAKLKHIIK,lead_opt_random,8.7234,11,13;1262.68;3.9968;0.3077;0.3074;0.2;0.5385;142.3077;0.1919;0.0769;1.0669;0.8715;0.2923;2.6364;-0.1246;0.0;0.0071;0.0208;0.0513;1.0,0.9641,0.0071,0.0208,0.0513,1.0,0.4095,13,1262.68,3.9968,0.3077,0.3074,0.2,0.5385,142.3077,0.1919,0.0769,1.0669,0.8715,0.2923,2.6364,-0.1246,0.0,1.0
VNWKKILIKVK,DBAASPS_3365,LNWKAILKHIIK,lead_opt_random,8.7234,7,11;1170.58;3.9968;0.3636;0.3633;0.1091;0.5455;159.0909;0.207;0.0909;1.08;0.8264;0.2855;2.5176;-0.1173;0.0;0.0014;0.0218;0.0606;1.0,0.9641,0.0014,0.0218,0.0606,1.0,0.5333,11,1170.58,3.9968,0.3636,0.3633,0.1091,0.5455,159.0909,0.207,0.0909,1.08,0.8264,0.2855,2.5176,-0.1173,0.0,1.0
VNWKKILKVVK,DBAASPS_3365,LNWKAILKHIIK,lead_opt_motif,8.7232,6,11;1156.55;3.9968;0.3636;0.3633;0.0818;0.5455;150.0;0.3529;0.0909;1.0782;0.8291;0.2882;2.5252;-0.1;0.0;0.0014;0.0218;0.0606;1.0,0.9641,0.0014,0.0218,0.0606,1.0,0.5111,11,1156.55,3.9968,0.3636,0.3633,0.0818,0.5455,150.0,0.3529,0.0909,1.0782,0.8291,0.2882,2.5252,-0.1,0.0,1.0
VNWKKVLKVVK,DBAASPS_3365,LNWKAILKHIIK,lead_opt_random,8.7232,7,11;1142.52;3.9968;0.3636;0.3633;0.0545;0.5455;140.9091;0.3364;0.0909;1.0764;0.8318;0.2909;2.5384;-0.0827;0.0;0.0014;0.0218;0.0606;1.0,0.9641,0.0014,0.0218,0.0606,1.0,0.4778,11,1142.52,3.9968,0.3636,0.3633,0.0545,0.5455,140.9091,0.3364,0.0909,1.0764,0.8318,0.2909,2.5384,-0.0827,0.0,1.0
VNLKKIIKFIK,DBAASPS_3365,LNWKAILKHIIK,lead_opt_random,8.7232,7,11;1145.58;3.9968;0.3636;0.3633;0.4727;0.5455;168.1818;0.3843;0.0909;1.0864;0.7909;0.2827;2.632;-0.1436;0.0;0.0014;0.0218;0.0606;1.0,0.9641,0.0014,0.0218,0.0606,1.0,0.4444,11,1145.58,3.9968,0.3636,0.3633,0.4727,0.5455,168.1818,0.3843,0.0909,1.0864,0.7909,0.2827,2.632,-0.1436,0.0,1.0
KILGKIWKVLK,DBAASPS_3365,LNWKAILKHIIK,lead_opt_contiguous,8.7206,10,11;1127.56;3.9968;0.3636;0.3633;0.3545;0.5455;168.1818;0.4749;0.0909;1.0845;0.8418;0.2809;2.3344;-0.17;0.0;0.0028;0.0223;0.0606;1.0,0.9639,0.0028,0.0223,0.0606,1.0,0.3706,11,1127.56,3.9968,0.3636,0.3633,0.3545,0.5455,168.1818,0.4749,0.0909,1.0845,0.8418,0.2809,2.3344,-0.17,0.0,1.0
VIRGGFKVWKGKIRF,DBAASPS_3078,VRRFGWWWGFLRR,lead_opt_motif,8.7186,12,15;1520.98;4.9971;0.3333;0.3331;0.0133;0.4667;90.6667;0.3284;0.2;0.9807;0.93;0.286;2.7017;-0.072;0.0;0.3441;0.1377;0.0;1.0,0.9638,0.3441,0.1377,0.0,1.0,0.3111,15,1520.98,4.9971,0.3333,0.3331,0.0133,0.4667,90.6667,0.3284,0.2,0.9807,0.93,0.286,2.7017,-0.072,0.0,1.0
KWKSFIKKLTKKALHIGKALKSTV,DBAASPS_173,KWKSFIKKLTKAAKKVVTTAKKPLIV,lead_opt_contiguous,8.7165,13,24;2322.045;8.0866;0.375;0.3369;-0.3208;0.4167;101.6667;0.3485;0.0833;1.0812;0.8758;0.3129;2.6488;-0.0358;0.125;0.1213;0.0896;0.1175;1.0,0.9637,0.1213,0.0896,0.1175,1.0,0.5972,24,2322.045,8.0866,0.375,0.3369,-0.3208,0.4167,101.6667,0.3485,0.0833,1.0812,0.8758,0.3129,2.6488,-0.0358,0.125,1.0
FGGRLFRVGRKVWVR,DBAASPS_3078,VRRFGWWWGFLRR,lead_opt_motif,8.7154,14,15;1562.99;4.9977;0.3333;0.3332;-0.1333;0.4667;84.0;0.4928;0.2;0.96;0.932;0.2933;2.5505;-0.0033;0.0;0.1943;0.0777;0.0;1.0,0.9636,0.1943,0.0777,0.0,1.0,0.3778,15,1562.99,4.9977,0.3333,0.3332,-0.1333,0.4667,84.0,0.4928,0.2,0.96,0.932,0.2933,2.5505,-0.0033,0.0,1.0
GIKSFLKKIKSL,DBAASPS_3367,LNWGAKLKHIIK,lead_opt_motif,8.706,11,12;1145.545;3.9968;0.3333;0.3331;0.15;0.4167;130.0;0.4386;0.0833;1.0383;0.905;0.3117;2.5347;-0.1083;0.25;0.0012;0.0267;0.075;1.0,0.9631,0.0012,0.0267,0.075,1.0,0.3953,12,1145.545,3.9968,0.3333,0.3331,0.15,0.4167,130.0,0.4386,0.0833,1.0383,0.905,0.3117,2.5347,-0.1083,0.25,1.0
IGKWVKIGKKIL,DBAASPS_3367,LNWGAKLKHIIK,lead_opt_random,8.7059,10,12;1166.595;3.9968;0.3333;0.3331;0.35;0.5;154.1667;0.422;0.0833;1.0308;0.8983;0.2842;2.617;-0.1658;0.25;0.0013;0.0268;0.075;1.0,0.9631,0.0013,0.0268,0.075,1.0,0.3435,12,1166.595,3.9968,0.3333,0.3331,0.35,0.5,154.1667,0.422,0.0833,1.0308,0.8983,0.2842,2.617,-0.1658,0.25,1.0
GKWMKILGKILK,DBAASPS_3367,LNWGAKLKHIIK,lead_opt_motif,8.7048,8,12;1198.665;3.9968;0.3333;0.3331;0.1;0.5;130.0;0.4442;0.0833;1.0742;0.9167;0.2967;2.5159;-0.1675;0.25;0.0019;0.027;0.075;1.0,0.9631,0.0019,0.027,0.075,1.0,0.6944,12,1198.665,3.9968,0.3333,0.3331,0.1,0.5,130.0,0.4442,0.0833,1.0742,0.9167,0.2967,2.5159,-0.1675,0.25,1.0
FFHGVKRVFVKKC,DBAASPS_3078,VRRFGWWWGFLRR,lead_opt_contiguous,8.7043,13,13;1360.78;4.0261;0.3846;0.3097;0.2846;0.4615;66.9231;0.3127;0.2308;1.0208;0.8508;0.2592;2.6321;-0.0454;0.0;0.1999;0.0799;0.0;1.0,0.963,0.1999,0.0799,0.0,1.0,0.3077,13,1360.78,4.0261,0.3846,0.3097,0.2846,0.4615,66.9231,0.3127,0.2308,1.0208,0.8508,0.2592,2.6321,-0.0454,0.0,1.0
GSSKRGPSTPIVGRPKIRC,DBAASPS_2111,GNNRPVYLPQPRPPHPRI,lead_opt_contiguous,8.689,18,19;1654.08;4.9354;0.2632;0.2598;-0.7737;0.1579;56.3158;0.1123;0.0;0.7874;1.1384;0.3847;2.3987;0.0763;0.0;0.0055;0.0022;0.0;1.0,0.9622,0.0055,0.0022,0.0,1.0,0.258,19,1654.08,4.9354,0.2632,0.2598,-0.7737,0.1579,56.3158,0.1123,0.0,0.7874,1.1384,0.3847,2.3987,0.0763,0.0,1.0
WKSALKKYIKGAIKKITKIIDTVK,DBAASPS_270,KWKSFLKTFKSLKKTVLHTLLKAISS,lead_opt_contiguous,8.688,23,24;2342.075;6.9953;0.3333;0.2915;-0.225;0.4167;117.9167;0.4242;0.0833;1.0654;0.8779;0.3092;2.7672;-0.0771;0.0;0.0073;0.0309;0.08;1.0,0.9622,0.0073,0.0309,0.08,1.0,0.3194,24,2342.075,6.9953,0.3333,0.2915,-0.225,0.4167,117.9167,0.4242,0.0833,1.0654,0.8779,0.3092,2.7672,-0.0771,0.0,1.0
RGRWKIVTAVKYKKC,DBAASPS_3078,VRRFGWWWGFLRR,lead_opt_motif,8.6864,14,15;1566.03;5.934;0.4;0.3956;-0.7133;0.3333;71.3333;0.1142;0.1333;1.002;0.9267;0.3067;2.2521;0.052;0.0;0.0068;0.0027;0.0;1.0,0.9621,0.0068,0.0027,0.0,1.0,0.283,15,1566.03,5.934,0.4,0.3956,-0.7133,0.3333,71.3333,0.1142,0.1333,1.002,0.9267,0.3067,2.2521,0.052,0.0,1.0
TFGRRFSFRIKVKFK,DBAASPS_3078,VRRFGWWWGFLRR,lead_opt_contiguous,8.6811,15,15;1647.11;5.9971;0.4;0.3998;-0.48;0.4;45.3333;0.2765;0.2667;1.0107;0.872;0.3013;2.7349;0.044;0.0;0.0096;0.0038;0.0;1.0,0.9618,0.0096,0.0038,0.0,1.0,0.2315,15,1647.11,5.9971,0.4,0.3998,-0.48,0.4,45.3333,0.2765,0.2667,1.0107,0.872,0.3013,2.7349,0.044,0.0,1.0
RGGRRFFVRVAFKR,DBAASPS_3078,VRRFGWWWGFLRR,lead_opt_contiguous,8.6803,14,14;1499.905;5.9977;0.4286;0.4284;-0.6143;0.4286;48.5714;0.3214;0.2143;0.9986;0.8886;0.3114;2.5956;0.1171;0.0;0.0099;0.004;0.0;1.0,0.9618,0.0099,0.004,0.0,1.0,0.3869,14,1499.905,5.9977,0.4286,0.4284,-0.6143,0.4286,48.5714,0.3214,0.2143,0.9986,0.8886,0.3114,2.5956,0.1171,0.0,1.0
GRWRIRVAFVKKKGC,DBAASPS_3078,VRRFGWWWGFLRR,lead_opt_random,8.6795,14,15;1534.0;5.9351;0.4;0.3957;-0.46;0.4;71.3333;0.0685;0.1333;1.0;0.932;0.3;2.3169;0.04;0.0;0.0103;0.0041;0.0;1.0,0.9617,0.0103,0.0041,0.0,1.0,0.4222,15,1534.0,5.9351,0.4,0.3957,-0.46,0.4,71.3333,0.0685,0.1333,1.0,0.932,0.3,2.3169,0.04,0.0,1.0
KVVVKVVKFKKL,DBAASPS_3365,LNWKAILKHIIK,lead_opt_motif,8.6788,11,12;1198.675;4.9965;0.4167;0.4164;0.675;0.5833;153.3333;0.2303;0.0833;1.12;0.7283;0.275;2.5758;-0.1058;0.5;0.0013;0.0919;0.2611;1.0,0.9617,0.0013,0.0919,0.2611,1.0,0.6389,12,1198.675,4.9965,0.4167,0.4164,0.675,0.5833,153.3333,0.2303,0.0833,1.12,0.7283,0.275,2.5758,-0.1058,0.5,1.0
RGGRFGRWVWRVKVKF,DBAASPS_3078,VRRFGWWWGFLRR,lead_opt_random,8.6776,15,16;1746.195;5.9974;0.375;0.3748;-0.6625;0.4375;54.375;0.4457;0.25;0.9644;0.96;0.2969;2.5678;0.0344;0.0;0.0113;0.0045;0.0;1.0,0.9616,0.0113,0.0045,0.0,1.0,0.3275,16,1746.195,5.9974,0.375,0.3748,-0.6625,0.4375,54.375,0.4457,0.25,0.9644,0.96,0.2969,2.5678,0.0344,0.0,1.0
KWKLFKKIGKAVLKVLTTGKA,DBAASPS_173,KWKSFIKKLTKAAKKVVTTAKKPLIV,lead_opt_random,8.6759,19,21;1979.64;6.996;0.3333;0.3331;0.0143;0.4762;111.4286;0.4011;0.0952;1.0857;0.87;0.3043;2.639;-0.0933;0.1429;0.0239;0.0316;0.0629;1.0,0.9615,0.0239,0.0316,0.0629,1.0,0.4603,21,1979.64,6.996,0.3333,0.3331,0.0143,0.4762,111.4286,0.4011,0.0952,1.0857,0.87,0.3043,2.639,-0.0933,0.1429,1.0
KWKSFIKKATKIGLHAVKKITTGF,DBAASPS_270,KWKSFLKTFKSLKKTVLHTLLKAISS,lead_opt_contiguous,8.673,20,24;2298.965;7.0869;0.3333;0.2953;-0.1833;0.4167;85.4167;0.351;0.125;1.0504;0.8863;0.3012;2.7413;-0.0525;0.0;0.0148;0.0339;0.08;1.0,0.9614,0.0148,0.0339,0.08,1.0,0.5556,24,2298.965,7.0869,0.3333,0.2953,-0.1833,0.4167,85.4167,0.351,0.125,1.0504,0.8863,0.3012,2.7413,-0.0525,0.0,1.0
VNWKKILGKIVKV,DBAASPS_3365,LNWKAILKHIIK,lead_opt_motif,8.6717,6,13;1290.73;3.9968;0.3077;0.3074;0.3846;0.5385;156.9231;0.3949;0.0769;1.0392;0.8638;0.2838;2.6231;-0.1415;0.0;0.0332;0.0312;0.0513;1.0,0.9613,0.0332,0.0312,0.0513,1.0,0.7333,13,1290.73,3.9968,0.3077,0.3074,0.3846,0.5385,156.9231,0.3949,0.0769,1.0392,0.8638,0.2838,2.6231,-0.1415,0.0,1.0
RGGYFGRIAIKVKRK,DBAASPS_3078,VRRFGWWWGFLRR,lead_opt_motif,8.6683,15,15;1478.91;5.9963;0.4;0.3998;-0.66;0.3333;78.0;0.3585;0.1333;0.9667;0.972;0.3267;2.5678;0.0473;0.0;0.016;0.0064;0.0;1.0,0.9611,0.016,0.0064,0.0,1.0,0.2643,15,1478.91,5.9963,0.4,0.3998,-0.66,0.3333,78.0,0.3585,0.1333,0.9667,0.972,0.3267,2.5678,0.0473,0.0,1.0
RGGLRRFIKVFAKK,DBAASPS_3078,VRRFGWWWGFLRR,lead_opt_contiguous,8.6607,14,14;1423.875;5.9971;0.4286;0.4284;-0.4357;0.4286;83.5714;0.5036;0.1429;1.0357;0.8943;0.3164;2.5331;0.0336;0.0;0.0199;0.0079;0.0;1.0,0.9607,0.0199,0.0079,0.0,1.0,0.2957,14,1423.875,5.9971,0.4286,0.4284,-0.4357,0.4286,83.5714,0.5036,0.1429,1.0357,0.8943,0.3164,2.5331,0.0336,0.0,1.0
KWKLFKKIGIHAVKKLTTGGPALIK,DBAASPS_270,KWKSFLKTFKSLKKTVLHTLLKAISS,lead_opt_contiguous,8.6595,19,25;2326.08;7.0869;0.32;0.2835;-0.004;0.44;113.2;0.282;0.08;1.0324;0.9128;0.3112;2.6738;-0.0956;0.0;0.0094;0.0387;0.1;1.0,0.9607,0.0094,0.0387,0.1,1.0,0.4744,25,2326.08,7.0869,0.32,0.2835,-0.004,0.44,113.2,0.282,0.08,1.0324,0.9128,0.3112,2.6738,-0.0956,0.0,1.0
GIKKIWKVLKAL,DBAASPS_3365,LNWKAILKHIIK,lead_opt_motif,8.6559,11,12;1180.625;3.9968;0.3333;0.3331;0.475;0.5833;162.5;0.4611;0.0833;1.1125;0.8217;0.2792;2.3595;-0.1717;0.0;0.0043;0.0406;0.1111;1.0,0.9605,0.0043,0.0406,0.1111,1.0,0.4103,12,1180.625,3.9968,0.3333,0.3331,0.475,0.5833,162.5,0.4611,0.0833,1.1125,0.8217,0.2792,2.3595,-0.1717,0.0,1.0
GILDTLKKAAKVGLGFVAKAHKKS,DBAASPR_1546,GLWSTIKNVGKEAAIAAGKAALGAL,lead_opt_motif,8.6542,19,24;2048.635;5.0876;0.2917;0.212;0.0625;0.4583;105.8333;0.2869;0.0417;1.08;0.9092;0.3171;2.843;-0.0867;0.0;0.0243;0.0377;0.08;1.0,0.9604,0.0243,0.0377,0.08,1.0,0.4933,24,2048.635,5.0876,0.2917,0.212,0.0625,0.4583,105.8333,0.2869,0.0417,1.08,0.9092,0.3171,2.843,-0.0867,0.0,1.0
KWKSFIKKLTKKLTTAGKALVKTL,DBAASPS_173,KWKSFIKKLTKAAKKVVTTAKKPLIV,lead_opt_motif,8.6456,13,24;2300.025;7.9957;0.3333;0.3332;-0.2417;0.4167;101.6667;0.3646;0.0833;1.0821;0.87;0.3163;2.6168;-0.0542;0.25;0.134;0.1079;0.155;1.0,0.9599,0.134,0.1079,0.155,1.0,0.5139,24,2300.025,7.9957,0.3333,0.3332,-0.2417,0.4167,101.6667,0.3646,0.0833,1.0821,0.87,0.3163,2.6168,-0.0542,0.25,1.0
RGGRWIRVFVKVKK,DBAASPS_3078,VRRFGWWWGFLRR,lead_opt_motif,8.644,14,14;1476.925;5.9971;0.4286;0.4284;-0.5;0.4286;90.0;0.4831;0.1429;0.9957;0.9064;0.305;2.5086;0.04;0.0;0.0283;0.0113;0.0;1.0,0.9598,0.0283,0.0113,0.0,1.0,0.2857,14,1476.925,5.9971,0.4286,0.4284,-0.5,0.4286,90.0,0.4831,0.1429,0.9957,0.9064,0.305,2.5086,0.04,0.0,1.0
GGRLKFRRWVFVGR,DBAASPS_3078,VRRFGWWWGFLRR,lead_opt_motif,8.6306,13,14;1481.875;4.9977;0.3571;0.357;-0.4429;0.4286;69.2857;0.196;0.2143;0.9529;0.9629;0.3036;2.5612;0.0257;0.0;0.035;0.014;0.0;1.0,0.9591,0.035,0.014,0.0,1.0,0.3584,14,1481.875,4.9977,0.3571,0.357,-0.4429,0.4286,69.2857,0.196,0.2143,0.9529,0.9629,0.3036,2.5612,0.0257,0.0,1.0
VNWKKILKVVKV,DBAASPS_3365,LNWKAILKHIIK,lead_opt_random,8.6299,6,12;1237.665;3.9968;0.3333;0.3331;0.425;0.5833;161.6667;0.3576;0.0833;1.0767;0.8017;0.2767;2.5419;-0.1258;0.0;0.0175;0.0459;0.1111;1.0,0.9591,0.0175,0.0459,0.1111,1.0,0.5111,12,1237.665,3.9968,0.3333,0.3331,0.425,0.5833,161.6667,0.3576,0.0833,1.0767,0.8017,0.2767,2.5419,-0.1258,0.0,1.0
GIGKFLKAFKKVTAGAVKKIAGAL,DBAASPR_1546,GLWSTIKNVGKEAAIAAGKAALGAL,lead_opt_random,8.6277,18,24;1984.635;5.9963;0.25;0.2498;0.5792;0.5417;110.0;0.323;0.0833;1.0888;0.8708;0.2954;2.7049;-0.1408;0.125;0.1319;0.1133;0.1731;1.0,0.959,0.1319,0.1133,0.1731,1.0,0.4306,24,1984.635,5.9963,0.25,0.2498,0.5792,0.5417,110.0,0.323,0.0833,1.0888,0.8708,0.2954,2.7049,-0.1408,0.125,1.0
KILGKIIKIFKKL,DBAASPS_3365,LNWKAILKHIIK,lead_opt_random,8.6261,10,13;1307.86;4.9965;0.3846;0.3843;0.6538;0.5385;180.0;0.4825;0.0769;1.0954;0.7962;0.2792;2.5641;-0.1831;0.0;0.1573;0.0809;0.0513;1.0,0.9589,0.1573,0.0809,0.0513,1.0,0.3649,13,1307.86,4.9965,0.3846,0.3843,0.6538,0.5385,180.0,0.4825,0.0769,1.0954,0.7962,0.2792,2.5641,-0.1831,0.0,1.0
GRARRWVWVVGYVKRK,DBAASPS_3078,VRRFGWWWGFLRR,lead_opt_motif,8.6258,13,16;1728.175;5.9965;0.375;0.3748;-0.6938;0.4375;78.75;0.2671;0.1875;0.9856;0.9225;0.3006;2.2532;0.0594;0.0;0.0375;0.015;0.0;1.0,0.9589,0.0375,0.015,0.0,1.0,0.2708,16,1728.175,5.9965,0.375,0.3748,-0.6938,0.4375,78.75,0.2671,0.1875,0.9856,0.9225,0.3006,2.2532,0.0594,0.0,1.0
VVNWKKILKVIK,DBAASPS_3365,LNWKAILKHIIK,lead_opt_contiguous,8.6146,10,12;1251.695;3.9968;0.3333;0.3331;0.45;0.5833;170.0;0.3517;0.0833;1.0783;0.7992;0.2742;2.4907;-0.1417;0.0;0.0252;0.049;0.1111;1.0,0.9583,0.0252,0.049,0.1111,1.0,0.4444,12,1251.695,3.9968,0.3333,0.3331,0.45,0.5833,170.0,0.3517,0.0833,1.0783,0.7992,0.2742,2.4907,-0.1417,0.0,1.0
GFGKVLKKVLKA,DBAASPS_3367,LNWGAKLKHIIK,lead_opt_contiguous,8.6118,11,12;1071.455;3.9968;0.3333;0.3331;0.35;0.5;121.6667;0.4954;0.0833;1.0725;0.8917;0.305;2.6435;-0.1258;0.5;0.0026;0.0535;0.15;1.0,0.9581,0.0026,0.0535,0.15,1.0,0.5406,12,1071.455,3.9968,0.3333,0.3331,0.35,0.5,121.6667,0.4954,0.0833,1.0725,0.8917,0.305,2.6435,-0.1258,0.5,1.0
KWKSFIKKLTTKALHTAKKLVTSGL,DBAASPS_270,KWKSFLKTFKSLKKTVLHTLLKAISS,lead_opt_contiguous,8.6091,19,25;2378.06;7.0869;0.32;0.2835;-0.236;0.4;97.6;0.3124;0.08;1.0632;0.882;0.3136;2.6228;-0.0416;0.12;0.0126;0.0526;0.136;1.0,0.958,0.0126,0.0526,0.136,1.0,0.64,25,2378.06,7.0869,0.32,0.2835,-0.236,0.4,97.6,0.3124,0.08,1.0632,0.882,0.3136,2.6228,-0.0416,0.12,1.0
KWKSFIKKLTTKLTKAALKHLTGGL,DBAASPS_270,KWKSFLKTFKSLKKTVLHTLLKAISS,lead_opt_contiguous,8.6076,19,25;2362.06;7.0869;0.32;0.2835;-0.236;0.4;101.6;0.3246;0.08;1.0612;0.902;0.3156;2.6518;-0.0608;0.12;0.0134;0.053;0.136;1.0,0.9579,0.0134,0.053,0.136,1.0,0.52,25,2362.06,7.0869,0.32,0.2835,-0.236,0.4,101.6,0.3246,0.08,1.0612,0.902,0.3156,2.6518,-0.0608,0.12,1.0
KWKSIKKAGLGIAAKVGAGVLKSL,DBAASPR_1546,GLWSTIKNVGKEAAIAAGKAALGAL,lead_opt_motif,8.601,21,24;1991.625;5.9963;0.25;0.2498;0.3542;0.5;122.0833;0.2207;0.0417;1.0604;0.9229;0.3075;2.5669;-0.1275;0.0;0.0512;0.0485;0.08;1.0,0.9576,0.0512,0.0485,0.08,1.0,0.3782,24,1991.625,5.9963,0.25,0.2498,0.3542,0.5,122.0833,0.2207,0.0417,1.0604,0.9229,0.3075,2.5669,-0.1275,0.0,1.0
GKRWRWVLFGKVKK,DBAASPS_3078,VRRFGWWWGFLRR,lead_opt_random,8.5967,12,14;1535.985;5.9968;0.4286;0.4283;-0.8714;0.4286;69.2857;0.083;0.2143;1.0214;0.9521;0.3071;2.5539;0.0086;0.0;0.0017;0.0007;0.0;1.0,0.9573,0.0017,0.0007,0.0,1.0,0.2957,14,1535.985,5.9968,0.4286,0.4283,-0.8714,0.4286,69.2857,0.083,0.2143,1.0214,0.9521,0.3071,2.5539,0.0086,0.0,1.0
RGGRYVRVWVKVKVWKG,DBAASPS_3078,VRRFGWWWGFLRR,lead_opt_motif,8.5961,17,17;1767.24;5.9963;0.3529;0.3527;-0.5;0.4118;85.2941;0.2873;0.1765;0.9524;0.9624;0.3;2.4622;0.0094;0.1765;0.0198;0.0265;0.0529;1.0,0.9573,0.0198,0.0265,0.0529,1.0,0.3203,17,1767.24,5.9963,0.3529,0.3527,-0.5,0.4118,85.2941,0.2873,0.1765,0.9524,0.9624,0.3,2.4622,0.0094,0.1765,1.0
RGYGYVKKVWKVRV,DBAASPS_3078,VRRFGWWWGFLRR,lead_opt_contiguous,8.5947,13,14;1485.885;4.9954;0.3571;0.3568;-0.5857;0.3571;82.8571;0.2601;0.2143;0.9443;0.9607;0.3036;2.4301;0.0114;0.0;0.0532;0.0213;0.0;1.0,0.9572,0.0532,0.0213,0.0,1.0,0.2619,14,1485.885,4.9954,0.3571,0.3568,-0.5857,0.3571,82.8571,0.2601,0.2143,0.9443,0.9607,0.3036,2.4301,0.0114,0.0,1.0
RGVGRVFKVKFKKC,DBAASPS_3078,VRRFGWWWGFLRR,lead_opt_random,8.5939,14,14;1399.855;5.9348;0.4286;0.4239;-0.3357;0.3571;62.1429;0.3402;0.1429;0.9871;0.9364;0.305;2.5681;0.0321;0.0;0.2556;0.1022;0.0;1.0,0.9572,0.2556,0.1022,0.0,1.0,0.3095,14,1399.855,5.9348,0.4286,0.4239,-0.3357,0.3571,62.1429,0.3402,0.1429,0.9871,0.9364,0.305,2.5681,0.0321,0.0,1.0
YLKKIKKIAFL,DBAASPS_3365,LNWKAILKHIIK,lead_opt_contiguous,8.5857,11,11;1166.61;3.996;0.3636;0.3633;0.3909;0.5455;150.9091;0.2987;0.1818;1.1327;0.7727;0.2773;2.4496;-0.1591;0.2727;0.0205;0.058;0.1424;1.0,0.9567,0.0205,0.058,0.1424,1.0,0.3636,11,1166.61,3.996,0.3636,0.3633,0.3909,0.5455,150.9091,0.2987,0.1818,1.1327,0.7727,0.2773,2.4496,-0.1591,0.2727,1.0
VNWKKILGKIIKVM,DBAASPS_3365,LNWKAILKHIIK,lead_opt_motif,8.5851,6,14;1417.945;3.9968;0.2857;0.2855;0.5143;0.5714;152.8571;0.407;0.0714;1.07;0.8429;0.2771;2.6229;-0.1743;0.0;0.0498;0.0533;0.0952;1.0,0.9567,0.0498,0.0533,0.0952,1.0,0.8,14,1417.945,3.9968,0.2857,0.2855,0.5143,0.5714,152.8571,0.407,0.0714,1.07,0.8429,0.2771,2.6229,-0.1743,0.0,1.0
VNWKKILGKIIKVA,DBAASPS_3365,LNWKAILKHIIK,lead_opt_random,8.5794,6,14;1357.825;3.9968;0.2857;0.2855;0.5071;0.5714;160.0;0.4068;0.0714;1.0679;0.8429;0.28;2.5839;-0.1586;0.0;0.0527;0.0544;0.0952;1.0,0.9564,0.0527,0.0544,0.0952,1.0,0.8667,14,1357.825,3.9968,0.2857,0.2855,0.5071,0.5714,160.0,0.4068,0.0714,1.0679,0.8429,0.28,2.5839,-0.1586,0.0,1.0
RGGAVFKVRVPKFKR,DBAASPS_3078,VRRFGWWWGFLRR,lead_opt_contiguous,8.5753,15,15;1474.92;5.9971;0.4;0.3998;-0.5067;0.4;64.6667;0.1293;0.1333;0.978;0.932;0.334;2.6926;0.0573;0.0;0.063;0.0252;0.0;1.0,0.9562,0.063,0.0252,0.0,1.0,0.2889,15,1474.92,5.9971,0.4,0.3998,-0.5067,0.4,64.6667,0.1293,0.1333,0.978,0.932,0.334,2.6926,0.0573,0.0,1.0
RGGRFVKVFKRVCV,DBAASPS_3078,VRRFGWWWGFLRR,lead_opt_contiguous,8.5744,14,14;1398.835;4.9354;0.3571;0.3525;0.2;0.4286;82.8571;0.5105;0.1429;0.965;0.8957;0.2836;2.3761;0.0064;0.0;0.2654;0.1062;0.0;1.0,0.9561,0.2654,0.1062,0.0,1.0,0.3472,14,1398.835,4.9354,0.3571,0.3525,0.2,0.4286,82.8571,0.5105,0.1429,0.965,0.8957,0.2836,2.3761,0.0064,0.0,1.0
VNWKKILGKIIKV,DBAASPS_3365,LNWKAILKHIIK,lead_opt_motif,8.5727,5,13;1304.76;3.9968;0.3077;0.3074;0.4077;0.5385;164.6154;0.401;0.0769;1.0408;0.8615;0.2815;2.6116;-0.1562;0.0;0.0832;0.0512;0.0513;1.0,0.956,0.0832,0.0512,0.0513,1.0,0.8,13,1304.76,3.9968,0.3077,0.3074,0.4077,0.5385,164.6154,0.401,0.0769,1.0408,0.8615,0.2815,2.6116,-0.1562,0.0,1.0
FFGGIIKHFIHRGGGFIHRLHFGK,DBAASPS_1001,FLGLLFHGVHHVGKWIHGLIHGHH,lead_opt_random,8.5716,19,24;2346.935;4.361;0.3333;0.1817;0.1583;0.4167;81.25;0.3045;0.2083;0.9508;0.9596;0.2742;3.0816;-0.0808;0.25;0.0198;0.0622;0.155;1.0,0.956,0.0198,0.0622,0.155,1.0,0.2392,24,2346.935,4.361,0.3333,0.1817,0.1583,0.4167,81.25,0.3045,0.2083,0.9508,0.9596,0.2742,3.0816,-0.0808,0.25,1.0
KWKSFIKKLTKKLTKAAKTLIGHIA,DBAASPS_270,KWKSFLKTFKSLKKTVLHTLLKAISS,lead_opt_random,8.5669,17,25;2403.16;8.0866;0.36;0.3235;-0.22;0.44;105.6;0.4037;0.08;1.098;0.8528;0.3076;2.642;-0.0504;0.36;0.1411;0.1292;0.208;1.0,0.9557,0.1411,0.1292,0.208,1.0,0.5333,25,2403.16,8.0866,0.36,0.3235,-0.22,0.44,105.6,0.4037,0.08,1.098,0.8528,0.3076,2.642,-0.0504,0.36,1.0
RGGIIKWKKFIKVG,DBAASPS_3078,VRRFGWWWGFLRR,lead_opt_random,8.5629,12,14;1377.825;4.9968;0.3571;0.3569;-0.1214;0.4286;104.2857;0.2844;0.1429;0.9864;0.9557;0.2971;2.6859;-0.0857;0.0;0.4228;0.1691;0.0;1.0,0.9555,0.4228,0.1691,0.0,1.0,0.3264,14,1377.825,4.9968,0.3571,0.3569,-0.1214,0.4286,104.2857,0.2844,0.1429,0.9864,0.9557,0.2971,2.6859,-0.0857,0.0,1.0
KWKFKKIGIGAIKKLTTGLTALKK,DBAASPS_270,KWKSFLKTFKSLKKTVLHTLLKAISS,lead_opt_contiguous,8.5597,21,24;2239.975;7.9957;0.3333;0.3332;-0.1708;0.4167;105.8333;0.2609;0.0833;1.0583;0.9092;0.3138;2.6829;-0.0829;0.0;0.0721;0.0568;0.08;1.0,0.9554,0.0721,0.0568,0.08,1.0,0.2778,24,2239.975,7.9957,0.3333,0.3332,-0.1708,0.4167,105.8333,0.2609,0.0833,1.0583,0.9092,0.3138,2.6829,-0.0829,0.0,1.0
RRGGFIKHFIHRF,DBAASPS_3078,VRRFGWWWGFLRR,lead_opt_contiguous,8.5545,11,13;1436.8;4.1795;0.4615;0.3215;-0.5538;0.3846;60.0;0.2485;0.2308;0.9769;0.9062;0.2877;2.7887;0.0654;0.0;0.225;0.09;0.0;1.0,0.9551,0.225,0.09,0.0,1.0,0.2885,13,1436.8,4.1795,0.4615,0.3215,-0.5538,0.3846,60.0,0.2485,0.2308,0.9769,0.9062,0.2877,2.7887,0.0654,0.0,1.0
KVWKKILKGVKKFVPAMIKQRL,DBAASPS_173,KWKSFIKKLTKAAKKVVTTAKKPLIV,lead_opt_motif,8.5456,22,22;2243.065;7.996;0.3636;0.3635;-0.1136;0.5;115.0;0.3968;0.0909;1.0877;0.8427;0.3077;2.6468;-0.075;0.0;0.1039;0.0555;0.04;1.0,0.9546,0.1039,0.0555,0.04,1.0,0.3485,22,2243.065,7.996,0.3636,0.3635,-0.1136,0.5,115.0,0.3968,0.0909,1.0877,0.8427,0.3077,2.6468,-0.075,0.0,1.0
KWKSFIKKLTSAAKKFIHAASKITGA,DBAASPS_173,KWKSFIKKLTKAAKKVVTTAKKPLIV,lead_opt_contiguous,8.5424,10,26;2393.055;7.0869;0.3077;0.2726;-0.1423;0.4615;79.2308;0.3645;0.1154;1.0981;0.8627;0.3042;2.6658;-0.0435;0.0;0.1572;0.1049;0.12;1.0,0.9544,0.1572,0.1049,0.12,1.0,0.5,26,2393.055,7.0869,0.3077,0.2726,-0.1423,0.4615,79.2308,0.3645,0.1154,1.0981,0.8627,0.3042,2.6658,-0.0435,0.0,1.0
GPFKVKVRYVKVKK,DBAASPS_3078,VRRFGWWWGFLRR,lead_opt_motif,8.5209,14,14;1423.895;5.9957;0.4286;0.4283;-0.55;0.3571;82.8571;0.2028;0.1429;0.98;0.9214;0.3321;2.5892;0.02;0.4286;0.0112;0.0495;0.1286;1.0,0.9533,0.0112,0.0495,0.1286,1.0,0.327,14,1423.895,5.9957,0.4286,0.4283,-0.55,0.3571,82.8571,0.2028,0.1429,0.98,0.9214,0.3321,2.5892,0.02,0.4286,1.0
KWKSFIKKLTKKLTKLAKTLLDKL,DBAASPS_173,KWKSFIKKLTKAAKKVVTTAKKPLIV,lead_opt_random,8.5187,12,24;2441.245;7.9958;0.375;0.3332;-0.4375;0.4167;117.9167;0.431;0.0833;1.1117;0.8679;0.3242;2.7445;-0.07;0.375;0.1245;0.1172;0.1925;1.0,0.9532,0.1245,0.1172,0.1925,1.0,0.5556,24,2441.245,7.9958,0.375,0.3332,-0.4375,0.4167,117.9167,0.431,0.0833,1.1117,0.8679,0.3242,2.7445,-0.07,0.375,1.0
RGGWKIWVKVVKR,DBAASPS_3078,VRRFGWWWGFLRR,lead_opt_motif,8.5038,11,13;1377.78;4.9971;0.3846;0.3844;-0.4769;0.4615;96.9231;0.4041;0.1538;0.9954;0.9308;0.2938;2.4962;-0.0115;0.0;0.2506;0.1002;0.0;1.0,0.9524,0.2506,0.1002,0.0,1.0,0.3466,13,1377.78,4.9971,0.3846,0.3844,-0.4769,0.4615,96.9231,0.4041,0.1538,0.9954,0.9308,0.2938,2.4962,-0.0115,0.0,1.0
GVLKGLKFLKKAG,DBAASPS_3367,LNWGAKLKHIIK,lead_opt_random,8.4985,13,13;1124.52;3.9968;0.3077;0.3074;0.2615;0.4615;120.0;0.375;0.0769;1.0454;0.9562;0.3162;2.6052;-0.1431;0.0;0.0008;0.0003;0.0;1.0,0.9521,0.0008,0.0003,0.0,1.0,0.4103,13,1124.52,3.9968,0.3077,0.3074,0.2615,0.4615,120.0,0.375,0.0769,1.0454,0.9562,0.3162,2.6052,-0.1431,0.0,1.0
GIGKIIKAFKKIS,DBAASPS_3367,LNWGAKLKHIIK,lead_opt_motif,8.4965,13,13;1168.58;3.9968;0.3077;0.3074;0.4154;0.4615;127.6923;0.4742;0.0769;1.0323;0.8946;0.2954;2.6495;-0.1323;0.0;0.0017;0.0007;0.0;1.0,0.952,0.0017,0.0007,0.0,1.0,0.4103,13,1168.58,3.9968,0.3077,0.3074,0.4154,0.4615,127.6923,0.4742,0.0769,1.0323,0.8946,0.2954,2.6495,-0.1323,0.0,1.0
YKVLKKILKFVK,DBAASPS_3365,LNWKAILKHIIK,lead_opt_random,8.4954,11,12;1290.785;4.9957;0.4167;0.4163;0.2083;0.5;145.8333;0.5353;0.1667;1.1033;0.7867;0.285;2.4884;-0.1167;0.0;0.4569;0.1827;0.0;1.0,0.9519,0.4569,0.1827,0.0,1.0,0.5278,12,1290.785,4.9957,0.4167,0.4163,0.2083,0.5,145.8333,0.5353,0.1667,1.1033,0.7867,0.285,2.4884,-0.1167,0.0,1.0
KWKSFIKKLTKKLTTALKKLTTGL,DBAASPS_173,KWKSFIKKLTKAAKKVVTTAKKPLIV,lead_opt_contiguous,8.49,14,24;2344.075;7.9957;0.3333;0.3332;-0.3625;0.375;101.6667;0.3848;0.0833;1.0638;0.8888;0.3221;2.6122;-0.0504;0.625;0.1432;0.1509;0.2675;1.0,0.9516,0.1432,0.1509,0.2675,1.0,0.5556,24,2344.075,7.9957,0.3333,0.3332,-0.3625,0.375,101.6667,0.3848,0.0833,1.0638,0.8888,0.3221,2.6122,-0.0504,0.625,1.0
RGFGRRLRWFVVAVGR,DBAASPS_3078,VRRFGWWWGFLRR,lead_opt_motif,8.489,15,16;1644.075;4.998;0.3125;0.3124;-0.05;0.5;85.0;0.3299;0.1875;0.9756;0.9075;0.2912;2.4589;0.0119;0.0;0.3086;0.1234;0.0;1.0,0.9516,0.3086,0.1234,0.0,1.0,0.2731,16,1644.075,4.998,0.3125,0.3124,-0.05,0.5,85.0,0.3299,0.1875,0.9756,0.9075,0.2912,2.4589,0.0119,0.0,1.0
RGGGLYKIFKVKCK,DBAASPS_3078,VRRFGWWWGFLRR,lead_opt_motif,8.4878,14,14;1344.775;4.934;0.3571;0.3524;-0.3429;0.2857;76.4286;0.1923;0.1429;0.9407;1.0286;0.3136;2.4406;-0.0386;0.0;0.3092;0.1237;0.0;1.0,0.9515,0.3092,0.1237,0.0,1.0,0.3042,14,1344.775,4.934,0.3571,0.3524,-0.3429,0.2857,76.4286,0.1923,0.1429,0.9407,1.0286,0.3136,2.4406,-0.0386,0.0,1.0
GFGSILKKAAKAGVGLALKYIKGA,DBAASPR_1546,GLWSTIKNVGKEAAIAAGKAALGAL,lead_opt_contiguous,8.4851,17,24;1929.525;4.9957;0.2083;0.2082;0.5333;0.5;114.1667;0.2791;0.0833;1.0496;0.9346;0.3038;2.6252;-0.1554;0.0;0.0088;0.0315;0.08;1.0,0.9514,0.0088,0.0315,0.08,1.0,0.4136,24,1929.525,4.9957,0.2083,0.2082,0.5333,0.5,114.1667,0.2791,0.0833,1.0496,0.9346,0.3038,2.6252,-0.1554,0.0,1.0
GLWKRIKKIAGII,DBAASPS_3367,LNWGAKLKHIIK,lead_opt_contiguous,8.4835,11,13;1261.71;3.9971;0.3077;0.3075;0.4385;0.5385;157.6923;0.3762;0.0769;1.0462;0.8685;0.28;2.371;-0.1492;0.0;0.1283;0.0693;0.0513;1.0,0.9513,0.1283,0.0693,0.0513,1.0,0.4646,13,1261.71,3.9971,0.3077,0.3075,0.4385,0.5385,157.6923,0.3762,0.0769,1.0462,0.8685,0.28,2.371,-0.1492,0.0,1.0
KGPPIPPIRPPPPKPRPGR,DBAASPS_3028,PRPPHPPRPPHPPRPPHPRL,lead_opt_random,8.4801,11,19;1712.26;4.9974;0.2632;0.263;-1.5316;0.1053;41.0526;0.2072;0.0;0.6247;1.2784;0.4889;2.4966;0.0847;0.3158;0.0022;0.034;0.0947;1.0,0.9511,0.0022,0.034,0.0947,1.0,0.2624,19,1712.26,4.9974,0.2632,0.263,-1.5316,0.1053,41.0526,0.2072,0.0,0.6247,1.2784,0.4889,2.4966,0.0847,0.3158,1.0
KPKPVPPRPPIPPHPRPP,DBAASPS_3028,PRPPHPPRPPHPPRPPHPRL,lead_opt_motif,8.4677,10,18;1680.215;4.0883;0.2778;0.2271;-1.6056;0.1111;37.7778;0.13;0.0;0.6167;1.2533;0.4983;2.4289;0.0983;0.3333;0.0052;0.0371;0.1;1.0,0.9505,0.0052,0.0371,0.1,1.0,0.2681,18,1680.215,4.0883,0.2778,0.2271,-1.6056,0.1111,37.7778,0.13,0.0,0.6167,1.2533,0.4983,2.4289,0.0983,0.3333,1.0
FKRLFKKIGTAVKKLATKITKTLIP,DBAASPS_173,KWKSFIKKLTKAAKKVVTTAKKPLIV,lead_opt_motif,8.4638,21,25;2394.2;7.996;0.32;0.3198;0.068;0.44;113.2;0.4159;0.08;1.0532;0.844;0.3132;2.618;-0.0676;0.0;0.1082;0.0783;0.1;1.0,0.9503,0.1082,0.0783,0.1,1.0,0.32,25,2394.2,7.996,0.32,0.3198,0.068,0.44,113.2,0.4159,0.08,1.0532,0.844,0.3132,2.618,-0.0676,0.0,1.0
VVVGKKYCRFVRRF,DBAASPS_3078,VRRFGWWWGFLRR,lead_opt_contiguous,8.4618,10,14;1504.965;4.9346;0.3571;0.3525;0.1357;0.4286;82.8571;0.4952;0.2143;0.9736;0.86;0.2729;2.2275;0.0064;0.0;0.4738;0.1895;0.0;1.0,0.9501,0.4738,0.1895,0.0,1.0,0.2675,14,1504.965,4.9346,0.3571,0.3525,0.1357,0.4286,82.8571,0.4952,0.2143,0.9736,0.86,0.2729,2.2275,0.0064,0.0,1.0
GIIKTLKKFAGKIAHVVGKIAQGL,DBAASPS_1140,GLLSVLGSVAKHVLGHVVGVIAEHL,lead_opt_contiguous,8.4457,21,24;2058.715;5.0875;0.25;0.212;0.5708;0.5;134.1667;0.3683;0.0417;1.0529;0.8733;0.29;2.7117;-0.1404;0.25;0.0834;0.0876;0.155;1.0,0.9493,0.0834,0.0876,0.155,1.0,0.3422,24,2058.715,5.0875,0.25,0.212,0.5708,0.5,134.1667,0.3683,0.0417,1.0529,0.8733,0.29,2.7117,-0.1404,0.25,1.0
VKRIVKVFKKVAGI,DBAASPS_3365,LNWKAILKHIIK,lead_opt_motif,8.442,14,14;1332.825;4.9968;0.3571;0.3569;0.7071;0.5714;145.7143;0.509;0.0714;1.0793;0.7693;0.275;2.5754;-0.0957;0.0;0.0716;0.062;0.0952;1.0,0.9491,0.0716,0.062,0.0952,1.0,0.3476,14,1332.825,4.9968,0.3571,0.3569,0.7071,0.5714,145.7143,0.509,0.0714,1.0793,0.7693,0.275,2.5754,-0.0957,0.0,1.0
SFGGFVKKVIRWKC,DBAASPS_3078,VRRFGWWWGFLRR,lead_opt_random,8.4412,14,14;1402.815;3.9351;0.2857;0.2811;0.1643;0.4286;69.2857;0.3821;0.2143;0.97;0.9507;0.2743;2.5294;-0.0857;0.0;0.0297;0.0119;0.0;1.0,0.9491,0.0297,0.0119,0.0,1.0,0.2857,14,1402.815,3.9351,0.2857,0.2811,0.1643,0.4286,69.2857,0.3821,0.2143,0.97,0.9507,0.2743,2.5294,-0.0857,0.0,1.0
GFGKLAKKVGKAALGAIKQVLGAS,DBAASPR_1546,GLWSTIKNVGKEAAIAAGKAALGAL,lead_opt_random,8.4393,18,24;1880.445;4.9965;0.2083;0.2082;0.4292;0.5;110.0;0.3302;0.0417;1.0662;0.9292;0.3113;2.6791;-0.1333;0.125;0.0087;0.0446;0.1175;1.0,0.949,0.0087,0.0446,0.1175,1.0,0.4244,24,1880.445,4.9965,0.2083,0.2082,0.4292,0.5,110.0,0.3302,0.0417,1.0662,0.9292,0.3113,2.6791,-0.1333,0.125,1.0
KWKKFIKLTTKGAKKALTHLATKL,DBAASPS_173,KWKSFIKKLTKAAKKVVTTAKKPLIV,lead_opt_random,8.4336,13,24;2322.035;8.0866;0.375;0.3369;-0.4417;0.4167;93.75;0.3475;0.0833;1.1067;0.8625;0.3167;2.6655;-0.0292;0.0;0.0853;0.0621;0.08;1.0,0.9486,0.0853,0.0621,0.08,1.0,0.5,24,2322.035,8.0866,0.375,0.3369,-0.4417,0.4167,93.75,0.3475,0.0833,1.1067,0.8625,0.3167,2.6655,-0.0292,0.0,1.0
GFLKRIKNLVKVA,DBAASPS_3367,LNWGAKLKHIIK,lead_opt_motif,8.4326,13,13;1251.67;3.9971;0.3077;0.3075;0.3846;0.5385;142.3077;0.4405;0.0769;1.0646;0.8485;0.2985;2.5509;-0.1008;0.0;0.0024;0.0189;0.0513;1.0,0.9486,0.0024,0.0189,0.0513,1.0,0.5385,13,1251.67,3.9971,0.3077,0.3075,0.3846,0.5385,142.3077,0.4405,0.0769,1.0646,0.8485,0.2985,2.5509,-0.1008,0.0,1.0
SKPVPRPRPPHGRPPIRPPL,DBAASPS_3028,PRPPHPPRPPHPPRPPHPRL,lead_opt_random,8.4319,11,20;1891.445;5.0886;0.3;0.2544;-1.41;0.15;53.5;0.1833;0.0;0.6855;1.1935;0.461;2.405;0.12;0.45;0.0017;0.0479;0.135;1.0,0.9486,0.0017,0.0479,0.135,1.0,0.2225,20,1891.445,5.0886,0.3,0.2544,-1.41,0.15,53.5,0.1833,0.0,0.6855,1.1935,0.461,2.405,0.12,0.45,1.0
KWKSFIRKLTKKLTSAAKKIFAGIH,DBAASPS_270,KWKSFLKTFKSLKKTVLHTLLKAISS,lead_opt_random,8.4314,20,25;2451.18;8.0869;0.36;0.3235;-0.288;0.44;90.0;0.3976;0.12;1.084;0.8616;0.3056;2.6089;-0.0276;0.12;0.1023;0.0885;0.136;1.0,0.9485,0.1023,0.0885,0.136,1.0,0.5333,25,2451.18,8.0869,0.36,0.3235,-0.288,0.44,90.0,0.3976,0.12,1.084,0.8616,0.3056,2.6089,-0.0276,0.12,1.0
KWKSFIKKLTKKAGIGAVKKLTKVL,DBAASPS_173,KWKSFIKKLTKAAKKVVTTAKKPLIV,lead_opt_motif,8.4294,14,25;2364.16;8.9954;0.36;0.3598;-0.152;0.44;109.2;0.3043;0.08;1.0788;0.8796;0.3124;2.669;-0.0668;0.36;0.2105;0.157;0.208;1.0,0.9484,0.2105,0.157,0.208,1.0,0.5333,25,2364.16,8.9954,0.36,0.3598,-0.152,0.44,109.2,0.3043,0.08,1.0788,0.8796,0.3124,2.669,-0.0668,0.36,1.0
KWKSFIKKLTSKAAKTGIKVLTTGK,DBAASPS_270,KWKSFLKTFKSLKKTVLHTLLKAISS,lead_opt_random,8.4236,18,25;2312.98;7.9957;0.32;0.3198;-0.404;0.36;82.0;0.3366;0.08;1.0388;0.9216;0.3244;2.6755;-0.0268;0.0;0.078;0.0662;0.1;1.0,0.9481,0.078,0.0662,0.1,1.0,0.5262,25,2312.98,7.9957,0.32,0.3198,-0.404,0.36,82.0,0.3366,0.08,1.0388,0.9216,0.3244,2.6755,-0.0268,0.0,1.0
GIMSTLKKTAKAFAGAIGKVLKTA,DBAASPR_1546,GLWSTIKNVGKEAAIAAGKAALGAL,lead_opt_random,8.4215,15,24;1973.585;4.9965;0.2083;0.2082;0.4542;0.5;97.9167;0.3144;0.0417;1.0871;0.8708;0.3046;2.626;-0.1154;0.125;0.0178;0.0482;0.1175;1.0,0.948,0.0178,0.0482,0.1175,1.0,0.4306,24,1973.585,4.9965,0.2083,0.2082,0.4542,0.5,97.9167,0.3144,0.0417,1.0871,0.8708,0.3046,2.626,-0.1154,0.125,1.0
VVIGWKRKRWVCWR,DBAASPS_3078,VRRFGWWWGFLRR,lead_opt_contiguous,8.4165,13,14;1620.085;4.9354;0.3571;0.3525;-0.3429;0.5;90.0;0.0945;0.2143;0.9957;0.8964;0.26;2.1038;-0.0114;0.0;0.3452;0.1381;0.0;1.0,0.9477,0.3452,0.1381,0.0,1.0,0.2407,14,1620.085,4.9354,0.3571,0.3525,-0.3429,0.5,90.0,0.0945,0.2143,0.9957,0.8964,0.26,2.1038,-0.0114,0.0,1.0
RGLPSPPPPPRPPHPRPGR,DBAASPS_3028,PRPPHPPRPPHPPRPPHPRL,lead_opt_contiguous,8.4155,11,19;1723.17;4.0889;0.2632;0.2152;-1.8421;0.0526;20.5263;0.1592;0.0;0.5958;1.3184;0.5;2.4455;0.1516;0.4737;0.0056;0.052;0.1421;1.0,0.9477,0.0056,0.052,0.1421,1.0,0.2769,19,1723.17,4.0889,0.2632,0.2152,-1.8421,0.0526,20.5263,0.1592,0.0,0.5958,1.3184,0.5,2.4455,0.1516,0.4737,1.0
KPPVSGRPPPPPYRPKPPR,DBAASPS_3028,PRPPHPPRPPHPPRPPHPRL,lead_opt_motif,8.414,12,19;1778.28;4.9965;0.2632;0.263;-1.8737;0.0526;15.2632;0.1637;0.0526;0.6137;1.2937;0.4974;2.4354;0.1332;0.4737;0.0064;0.0523;0.1421;1.0,0.9476,0.0064,0.0523,0.1421,1.0,0.2814,19,1778.28,4.9965,0.2632,0.263,-1.8737,0.0526,15.2632,0.1637,0.0526,0.6137,1.2937,0.4974,2.4354,0.1332,0.4737,1.0
VKWKKFIKKLTSKLTKLAKNLVTTG,DBAASPS_173,KWKSFIKKLTKAAKKVVTTAKKPLIV,lead_opt_contiguous,8.4134,25,25;2424.16;7.9957;0.32;0.3198;-0.276;0.4;105.2;0.3914;0.08;1.0512;0.8936;0.3192;2.6903;-0.0516;0.12;0.1114;0.0922;0.136;1.0,0.9476,0.1114,0.0922,0.136,1.0,0.3024,25,2424.16,7.9957,0.32,0.3198,-0.276,0.4,105.2,0.3914,0.08,1.0512,0.8936,0.3192,2.6903,-0.0516,0.12,1.0
RIVLSIFKHIKKL,DBAASPS_3365,LNWKAILKHIIK,lead_opt_motif,8.4109,8,13;1360.85;4.088;0.3846;0.3145;0.6077;0.5385;172.3077;0.4381;0.0769;1.0808;0.7577;0.27;2.4577;-0.1046;0.0;0.2659;0.1243;0.0513;1.0,0.9474,0.2659,0.1243,0.0513,1.0,0.3846,13,1360.85,4.088,0.3846,0.3145,0.6077,0.5385,172.3077,0.4381,0.0769,1.0808,0.7577,0.27,2.4577,-0.1046,0.0,1.0
GRPPPVPGPRPPRPHPRP,DBAASPS_3028,PRPPHPPRPPHPPRPPHPRL,lead_opt_contiguous,8.4053,12,18;1640.075;4.0889;0.2778;0.2272;-1.8778;0.0556;16.1111;0.2634;0.0;0.5778;1.3183;0.5028;2.4187;0.1644;0.5;0.0059;0.0549;0.15;1.0,0.9471,0.0059,0.0549,0.15,1.0,0.2477,18,1640.075,4.0889,0.2778,0.2272,-1.8778,0.0556,16.1111,0.2634,0.0,0.5778,1.3183,0.5028,2.4187,0.1644,0.5,1.0
GFKIIKKIGKVL,DBAASPS_3367,LNWGAKLKHIIK,lead_opt_contiguous,8.3974,11,12;1127.565;3.9968;0.3333;0.3331;0.6583;0.5;154.1667;0.5006;0.0833;1.035;0.8683;0.2842;2.6734;-0.1742;0.0;0.0013;0.0005;0.0;1.0,0.9467,0.0013,0.0005,0.0,1.0,0.4889,12,1127.565,3.9968,0.3333,0.3331,0.6583,0.5,154.1667,0.5006,0.0833,1.035,0.8683,0.2842,2.6734,-0.1742,0.0,1.0
WKILKKIKSIFK,DBAASPS_3365,LNWKAILKHIIK,lead_opt_random,8.3928,9,12;1315.795;4.9965;0.4167;0.4164;-0.0917;0.5;130.0;0.4767;0.1667;1.1025;0.82;0.2842;2.5367;-0.1075;0.0;0.5087;0.2035;0.0;1.0,0.9465,0.5087,0.2035,0.0,1.0,0.3968,12,1315.795,4.9965,0.4167,0.4164,-0.0917,0.5,130.0,0.4767,0.1667,1.1025,0.82,0.2842,2.5367,-0.1075,0.0,1.0
KWKSFIKKIASVGKKIAKTITKLLT,DBAASPS_173,KWKSFIKKLTKAAKKVVTTAKKPLIV,lead_opt_random,8.3824,13,25;2381.15;7.9957;0.32;0.3198;-0.0;0.44;113.2;0.4371;0.08;1.0692;0.8552;0.304;2.6065;-0.0736;0.24;0.2564;0.1628;0.172;1.0,0.9459,0.2564,0.1628,0.172,1.0,0.4805,25,2381.15,7.9957,0.32,0.3198,-0.0,0.44,113.2,0.4371,0.08,1.0692,0.8552,0.304,2.6065,-0.0736,0.24,1.0
GLFDLIKKVAGKALKAAVGEVKK,DBAASPR_1546,GLWSTIKNVGKEAAIAAGKAALGAL,lead_opt_random,8.3798,17,23;1969.58;3.9985;0.2609;0.1738;0.3;0.5217;123.0435;0.3273;0.0435;1.1257;0.8574;0.3135;2.9822;-0.1391;0.0;0.0059;0.0335;0.089;1.0,0.9458,0.0059,0.0335,0.089,1.0,0.4058,23,1969.58,3.9985,0.2609,0.1738,0.3,0.5217,123.0435,0.3273,0.0435,1.1257,0.8574,0.3135,2.9822,-0.1391,0.0,1.0
KWKSFIKKLTTKLAKKILTGAPKLT,DBAASPS_270,KWKSFLKTFKSLKKTVLHTLLKAISS,lead_opt_motif,8.3769,19,25;2393.16;7.9957;0.32;0.3198;-0.284;0.4;101.6;0.3627;0.08;1.0532;0.8948;0.3264;2.5834;-0.06;0.12;0.1299;0.0996;0.136;1.0,0.9456,0.1299,0.0996,0.136,1.0,0.5641,25,2393.16,7.9957,0.32,0.3198,-0.284,0.4,101.6,0.3627,0.08,1.0532,0.8948,0.3264,2.5834,-0.06,0.12,1.0
PVRPRPPPPPPIGRRPPGR,DBAASPS_3028,PRPPHPPRPPHPPRPPHPRL,lead_opt_random,8.3638,11,19;1754.27;4.998;0.2632;0.2631;-1.6105;0.1053;35.7895;0.1539;0.0;0.6016;1.2737;0.4905;2.3747;0.14;0.6316;0.0026;0.0673;0.1895;1.0,0.9449,0.0026,0.0673,0.1895,1.0,0.1863,19,1754.27,4.998,0.2632,0.2631,-1.6105,0.1053,35.7895,0.1539,0.0,0.6016,1.2737,0.4905,2.3747,0.14,0.6316,1.0
INWKKILGKIIKVA,DBAASPS_3365,LNWKAILKHIIK,lead_opt_random,8.3636,6,14;1371.855;3.9968;0.2857;0.2855;0.5286;0.5714;167.1429;0.4036;0.0714;1.0693;0.8407;0.2779;2.5773;-0.1721;0.0;0.1617;0.098;0.0952;1.0,0.9449,0.1617,0.098,0.0952,1.0,0.8,14,1371.855,3.9968,0.2857,0.2855,0.5286,0.5714,167.1429,0.4036,0.0714,1.0693,0.8407,0.2779,2.5773,-0.1721,0.0,1.0
FGGRRWRIVVVWRK,DBAASPS_3078,VRRFGWWWGFLRR,lead_opt_motif,8.3594,12,14;1562.985;4.9977;0.3571;0.357;-0.3286;0.5;90.0;0.1487;0.2143;0.975;0.8986;0.28;2.3133;0.015;0.0;0.5256;0.2102;0.0;1.0,0.9447,0.5256,0.2102,0.0,1.0,0.2857,14,1562.985,4.9977,0.3571,0.357,-0.3286,0.5,90.0,0.1487,0.2143,0.975,0.8986,0.28,2.3133,0.015,0.0,1.0
IGPPIPPRPRPPRPGRPPH,DBAASPS_3028,PRPPHPPRPPHPPRPPHPRL,lead_opt_random,8.3573,12,19;1749.25;4.0889;0.2632;0.2152;-1.5263;0.1053;41.0526;0.1963;0.0;0.6053;1.2721;0.4811;2.414;0.1142;0.6316;0.0058;0.0686;0.1895;1.0,0.9446,0.0058,0.0686,0.1895,1.0,0.2281,19,1749.25,4.0889,0.2632,0.2152,-1.5263,0.1053,41.0526,0.1963,0.0,0.6053,1.2721,0.4811,2.414,0.1142,0.6316,1.0
GRPPIPPRPRPPHPHPRR,DBAASPS_3028,PRPPHPPRPPHPPRPPHPRL,lead_opt_contiguous,8.357,11,18;1793.265;5.1798;0.3889;0.2878;-2.1778;0.0556;21.6667;0.1215;0.0;0.6367;1.2467;0.4872;2.4214;0.2356;0.5;0.0303;0.0646;0.15;1.0,0.9446,0.0303,0.0646,0.15,1.0,0.1813,18,1793.265,5.1798,0.3889,0.2878,-2.1778,0.0556,21.6667,0.1215,0.0,0.6367,1.2467,0.4872,2.4214,0.2356,0.5,1.0
KYPRPRPIPSRPPRPPP,DBAASPS_3028,PRPPHPPRPPHPPRPPHPRL,lead_opt_motif,8.354,12,17;1702.19;4.9968;0.2941;0.2939;-1.9941;0.0588;22.9412;0.2599;0.0588;0.6212;1.2547;0.4953;2.2279;0.1718;0.5294;0.0264;0.0661;0.1588;1.0,0.9444,0.0264,0.0661,0.1588,1.0,0.2898,17,1702.19,4.9968,0.2941,0.2939,-1.9941,0.0588,22.9412,0.2599,0.0588,0.6212,1.2547,0.4953,2.2279,0.1718,0.5294,1.0
RVCVDFKRVRFCKV,DBAASPS_3078,VRRFGWWWGFLRR,lead_opt_contiguous,8.3515,14,14;1502.965;3.8739;0.3571;0.2767;0.1857;0.4286;82.8571;0.111;0.1429;1.0057;0.8507;0.2707;2.3121;0.0029;0.0;0.075;0.03;0.0;1.0,0.9443,0.075,0.03,0.0,1.0,0.2857,14,1502.965,3.8739,0.3571,0.2767,0.1857,0.4286,82.8571,0.111,0.1429,1.0057,0.8507,0.2707,2.3121,0.0029,0.0,1.0
KWKSFIKKLTKKLTTAVKHIAGRIL,DBAASPS_270,KWKSFLKTFKSLKKTVLHTLLKAISS,lead_opt_contiguous,8.3433,18,25;2459.23;8.0869;0.36;0.3235;-0.148;0.44;113.2;0.3693;0.08;1.0752;0.8464;0.3032;2.6028;-0.042;0.24;0.2762;0.1707;0.172;1.0,0.9438,0.2762,0.1707,0.172,1.0,0.4933,25,2459.23,8.0869,0.36,0.3235,-0.148,0.44,113.2,0.3693,0.08,1.0752,0.8464,0.3032,2.6028,-0.042,0.24,1.0
KWKSFIKKLTKKATKLFVTSITK,DBAASPS_270,KWKSFLKTFKSLKKTVLHTLLKAISS,lead_opt_contiguous,8.3424,19,23;2311.01;7.9957;0.3478;0.3476;-0.3609;0.3913;84.7826;0.3732;0.1304;1.067;0.8591;0.3109;2.6438;-0.0304;0.0;0.1941;0.0987;0.06;1.0,0.9438,0.1941,0.0987,0.06,1.0,0.5,23,2311.01,7.9957,0.3478,0.3476,-0.3609,0.3913,84.7826,0.3732,0.1304,1.067,0.8591,0.3109,2.6438,-0.0304,0.0,1.0
GVFKKIGKVLKAL,DBAASPS_3367,LNWGAKLKHIIK,lead_opt_contiguous,8.3353,12,13;1166.6;3.9968;0.3077;0.3074;0.6692;0.5385;142.3077;0.4658;0.0769;1.0731;0.8592;0.2908;2.6015;-0.1623;0.0;0.0011;0.0184;0.0513;1.0,0.9434,0.0011,0.0184,0.0513,1.0,0.3846,13,1166.6,3.9968,0.3077,0.3074,0.6692,0.5385,142.3077,0.4658,0.0769,1.0731,0.8592,0.2908,2.6015,-0.1623,0.0,1.0
KIGKIFKKVASLI,DBAASPS_3367,LNWGAKLKHIIK,lead_opt_random,8.3335,12,13;1210.66;3.9968;0.3077;0.3074;0.7154;0.5385;150.0;0.4526;0.0769;1.08;0.8162;0.2823;2.544;-0.1546;0.0;0.002;0.0187;0.0513;1.0,0.9433,0.002,0.0187,0.0513,1.0,0.4103,13,1210.66,3.9968,0.3077,0.3074,0.7154,0.5385,150.0,0.4526,0.0769,1.08,0.8162,0.2823,2.544,-0.1546,0.0,1.0
GLFKVIKKVAKGI,DBAASPS_3367,LNWGAKLKHIIK,lead_opt_random,8.3334,12,13;1166.6;3.9968;0.3077;0.3074;0.7231;0.5385;142.3077;0.5024;0.0769;1.0631;0.85;0.2846;2.6132;-0.1608;0.0;0.002;0.0188;0.0513;1.0,0.9433,0.002,0.0188,0.0513,1.0,0.5962,13,1166.6,3.9968,0.3077,0.3074,0.7231,0.5385,142.3077,0.5024,0.0769,1.0631,0.85,0.2846,2.6132,-0.1608,0.0,1.0
GIGKLFKKILKAV,DBAASPS_3367,LNWGAKLKHIIK,lead_opt_random,8.3325,12,13;1180.63;3.9968;0.3077;0.3074;0.6923;0.5385;150.0;0.5223;0.0769;1.0746;0.8569;0.2885;2.5619;-0.1769;0.0;0.0025;0.019;0.0513;1.0,0.9433,0.0025,0.019,0.0513,1.0,0.4249,13,1180.63,3.9968,0.3077,0.3074,0.6923,0.5385,150.0,0.5223,0.0769,1.0746,0.8569,0.2885,2.5619,-0.1769,0.0,1.0
GKWMSLFKKILK,DBAASPS_3367,LNWGAKLKHIIK,lead_opt_motif,8.3282,8,12;1262.715;3.9968;0.3333;0.3331;-0.075;0.5;97.5;0.415;0.1667;1.095;0.8933;0.295;2.5505;-0.1367;0.0;0.2383;0.0953;0.0;1.0,0.943,0.2383,0.0953,0.0,1.0,0.7778,12,1262.715,3.9968,0.3333,0.3331,-0.075,0.5,97.5,0.415,0.1667,1.095,0.8933,0.295,2.5505,-0.1367,0.0,1.0
RGSPRGPRPPRPPVPRPP,DBAASPS_3028,PRPPHPPRPPHPPRPPHPRL,lead_opt_random,8.3273,11,18;1649.085;4.998;0.2778;0.2777;-1.9056;0.0556;16.1111;0.3399;0.0;0.5989;1.3022;0.5;2.3316;0.1889;0.6667;0.0145;0.0758;0.2;1.0,0.943,0.0145,0.0758,0.2,1.0,0.2721,18,1649.085,4.998,0.2778,0.2777,-1.9056,0.0556,16.1111,0.3399,0.0,0.5989,1.3022,0.5,2.3316,0.1889,0.6667,1.0
LKLFKKIGKIL,DBAASPS_3365,LNWKAILKHIIK,lead_opt_contiguous,8.3242,10,11;1102.56;3.9968;0.3636;0.3633;0.6545;0.5455;177.2727;0.5021;0.0909;1.1027;0.8173;0.2855;2.5787;-0.1982;0.0;0.001;0.0216;0.0606;1.0,0.9428,0.001,0.0216,0.0606,1.0,0.7273,11,1102.56,3.9968,0.3636,0.3633,0.6545,0.5455,177.2727,0.5021,0.0909,1.1027,0.8173,0.2855,2.5787,-0.1982,0.0,1.0
LKRIFKIGKIL,DBAASPS_3365,LNWKAILKHIIK,lead_opt_contiguous,8.3229,10,11;1130.58;3.9971;0.3636;0.3634;0.6636;0.5455;177.2727;0.4348;0.0909;1.0718;0.8009;0.2782;2.5044;-0.1573;0.0;0.0016;0.0219;0.0606;1.0,0.9428,0.0016,0.0219,0.0606,1.0,0.4545,11,1130.58,3.9971,0.3636,0.3634,0.6636,0.5455,177.2727,0.4348,0.0909,1.0718,0.8009,0.2782,2.5044,-0.1573,0.0,1.0
GKIMKVIKKIV,DBAASPS_3365,LNWKAILKHIIK,lead_opt_motif,8.3212,10,11;1058.52;3.9968;0.3636;0.3633;0.7091;0.5455;159.0909;0.4806;0.0;1.0927;0.79;0.28;2.5585;-0.15;0.0;0.0025;0.0222;0.0606;1.0,0.9427,0.0025,0.0222,0.0606,1.0,0.4874,11,1058.52,3.9968,0.3636,0.3633,0.7091,0.5455,159.0909,0.4806,0.0,1.0927,0.79,0.28,2.5585,-0.15,0.0,1.0
RPPRPPVPRPHWPRPPHPPLRGP,DBAASPS_3028,PRPPHPPRPPHPPRPPHPRL,lead_opt_random,8.3198,12,23;2279.89;5.1798;0.3043;0.2252;-1.8;0.1304;29.5652;0.2007;0.0435;0.6413;1.2426;0.4739;2.3833;0.147;0.5217;0.0081;0.079;0.2165;1.0,0.9426,0.0081,0.079,0.2165,1.0,0.2464,23,2279.89,5.1798,0.3043,0.2252,-1.8,0.1304,29.5652,0.2007,0.0435,0.6413,1.2426,0.4739,2.3833,0.147,0.5217,1.0
IKHLFKILSKI,DBAASPS_3365,LNWKAILKHIIK,lead_opt_contiguous,8.3195,11,11;1141.56;3.088;0.3636;0.2807;0.7455;0.5455;177.2727;0.4966;0.0909;1.0945;0.7636;0.2645;2.5128;-0.16;0.0;0.0033;0.0225;0.0606;1.0,0.9426,0.0033,0.0225,0.0606,1.0,0.3636,11,1141.56,3.088,0.3636,0.2807,0.7455,0.5455,177.2727,0.4966,0.0909,1.0945,0.7636,0.2645,2.5128,-0.16,0.0,1.0
FKILRKIVTKI,DBAASPS_3365,LNWKAILKHIIK,lead_opt_random,8.3191,11,11;1160.6;3.9971;0.3636;0.3634;0.6727;0.5455;168.1818;0.4981;0.0909;1.0818;0.7309;0.2691;2.3418;-0.1155;0.0;0.0035;0.0226;0.0606;1.0,0.9426,0.0035,0.0226,0.0606,1.0,0.3333,11,1160.6,3.9971,0.3636,0.3634,0.6727,0.5455,168.1818,0.4981,0.0909,1.0818,0.7309,0.2691,2.3418,-0.1155,0.0,1.0
KILGKIIKIAK,DBAASPS_3365,LNWKAILKHIIK,lead_opt_random,8.3176,10,11;1026.46;3.9968;0.3636;0.3633;0.6909;0.5455;186.3636;0.4597;0.0;1.1055;0.7955;0.2855;2.3618;-0.1664;0.0;0.0043;0.0229;0.0606;1.0,0.9425,0.0043,0.0229,0.0606,1.0,0.3636,11,1026.46,3.9968,0.3636,0.3633,0.6909,0.5455,186.3636,0.4597,0.0,1.1055,0.7955,0.2855,2.3618,-0.1664,0.0,1.0
TRIIVKIKKFL,DBAASPS_3365,LNWKAILKHIIK,lead_opt_motif,8.3138,11,11;1160.6;3.9971;0.3636;0.3634;0.6727;0.5455;168.1818;0.4498;0.0909;1.0818;0.7309;0.2691;2.4066;-0.1155;0.0;0.0062;0.0237;0.0606;1.0,0.9423,0.0062,0.0237,0.0606,1.0,0.4697,11,1160.6,3.9971,0.3636,0.3634,0.6727,0.5455,168.1818,0.4498,0.0909,1.0818,0.7309,0.2691,2.4066,-0.1155,0.0,1.0
GFLGKVFKKIKTL,DBAASPS_3367,LNWGAKLKHIIK,lead_opt_motif,8.3119,10,13;1244.67;3.9968;0.3077;0.3074;0.3692;0.4615;112.3077;0.396;0.1538;1.0331;0.8946;0.2938;2.7571;-0.1462;0.0;0.2465;0.0986;0.0;1.0,0.9422,0.2465,0.0986,0.0,1.0,0.3663,13,1244.67,3.9968,0.3077,0.3074,0.3692,0.4615,112.3077,0.396,0.1538,1.0331,0.8946,0.2938,2.7571,-0.1462,0.0,1.0
GSKPRPPVRPPIPRPPRPP,DBAASPS_3028,PRPPHPPRPPHPPRPPHPRL,lead_opt_contiguous,8.3079,11,19;1756.28;4.9977;0.2632;0.263;-1.6;0.1053;35.7895;0.2588;0.0;0.6232;1.2553;0.4905;2.3166;0.1316;0.7895;0.0016;0.0835;0.2368;1.0,0.942,0.0016,0.0835,0.2368,1.0,0.2815,19,1756.28,4.9977,0.2632,0.263,-1.6,0.1053,35.7895,0.2588,0.0,0.6232,1.2553,0.4905,2.3166,0.1316,0.7895,1.0
RPRPRPPPIPRPHPPPHR,DBAASPS_3028,PRPPHPPRPPHPPRPPHPRL,lead_opt_random,8.3039,12,18;1833.335;5.1798;0.3889;0.2878;-2.2444;0.0556;21.6667;0.199;0.0;0.6239;1.24;0.4983;2.3886;0.2428;0.6667;0.0263;0.0805;0.2;1.0,0.9417,0.0263,0.0805,0.2,1.0,0.3099,18,1833.335,5.1798,0.3889,0.2878,-2.2444,0.0556,21.6667,0.199,0.0,0.6239,1.24,0.4983,2.3886,0.2428,0.6667,1.0
GLLKALKKIGKAFVGIGAKIANQM,DBAASPR_1546,GLWSTIKNVGKEAAIAAGKAALGAL,lead_opt_contiguous,8.3023,18,24;2037.725;4.9965;0.2083;0.2082;0.5375;0.5417;126.25;0.3516;0.0417;1.0854;0.8929;0.3008;2.7;-0.1654;0.0;0.0669;0.0742;0.1356;1.0,0.9417,0.0669,0.0742,0.1356,1.0,0.3511,24,2037.725,4.9965,0.2083,0.2082,0.5375,0.5417,126.25,0.3516,0.0417,1.0854,0.8929,0.3008,2.7,-0.1654,0.0,1.0
FGKFIGRVVRRWVK,DBAASPS_3078,VRRFGWWWGFLRR,lead_opt_motif,8.2982,13,14;1495.935;4.9974;0.3571;0.357;-0.0214;0.5;90.0;0.6086;0.2143;0.9936;0.8771;0.28;2.5168;-0.0229;0.0;0.4049;0.162;0.0;1.0,0.9414,0.4049,0.162,0.0,1.0,0.3158,14,1495.935,4.9974,0.3571,0.357,-0.0214,0.5,90.0,0.6086,0.2143,0.9936,0.8771,0.28,2.5168,-0.0229,0.0,1.0
GSPVGRVGGYKPKPPRPVR,DBAASPS_2111,GNNRPVYLPQPRPPHPRI,lead_opt_random,8.2904,17,19;1662.09;4.9965;0.2632;0.263;-1.0737;0.1579;45.7895;0.2078;0.0526;0.7258;1.2053;0.4184;2.5859;0.0705;0.0;0.0048;0.0019;0.0;1.0,0.941,0.0048,0.0019,0.0,1.0,0.268,19,1662.09,4.9965,0.2632,0.263,-1.0737,0.1579,45.7895,0.2078,0.0526,0.7258,1.2053,0.4184,2.5859,0.0705,0.0,1.0
GRLPPSFPPKRPPPHPVRPR,DBAASPS_3028,PRPPHPPRPPHPPRPPHPRL,lead_opt_motif,8.2832,14,20;1925.465;5.0886;0.3;0.2544;-1.495;0.15;34.0;0.1586;0.05;0.688;1.2;0.46;2.4649;0.125;0.0;0.0085;0.0034;0.0;1.0,0.9406,0.0085,0.0034,0.0,1.0,0.25,20,1925.465,5.0886,0.3,0.2544,-1.495,0.15,34.0,0.1586,0.05,0.688,1.2,0.46,2.4649,0.125,0.0,1.0
VCFRRGGGFKRRFVAVV,DBAASPS_3078,VRRFGWWWGFLRR,lead_opt_random,8.2784,15,17;1648.12;4.9357;0.2941;0.2903;0.3765;0.4706;74.1176;0.3064;0.1765;0.9659;0.9012;0.2782;2.4548;-0.0182;0.0;0.4149;0.166;0.0;1.0,0.9404,0.4149,0.166,0.0,1.0,0.2691,17,1648.12,4.9357,0.2941,0.2903,0.3765,0.4706,74.1176,0.3064,0.1765,0.9659,0.9012,0.2782,2.4548,-0.0182,0.0,1.0
RGGRWVWVKVFKKVC,DBAASPS_3078,VRRFGWWWGFLRR,lead_opt_motif,8.2765,14,15;1578.04;4.9351;0.3333;0.329;-0.08;0.4667;77.3333;0.2657;0.2;0.9833;0.928;0.2713;2.3993;-0.0427;0.0;0.4159;0.1664;0.0;1.0,0.9403,0.4159,0.1664,0.0,1.0,0.3264,15,1578.04,4.9351,0.3333,0.329,-0.08,0.4667,77.3333,0.2657,0.2,0.9833,0.928,0.2713,2.3993,-0.0427,0.0,1.0
GLFDILKKVAKVGAGIVKKIGAH,DBAASPR_1546,GLWSTIKNVGKEAAIAAGKAALGAL,lead_opt_motif,8.2726,18,23;1948.56;4.0879;0.2609;0.1777;0.613;0.5217;135.6522;0.3615;0.0435;1.0574;0.8917;0.293;2.842;-0.1583;0.0;0.161;0.0956;0.089;1.0,0.9401,0.161,0.0956,0.089,1.0,0.4058,23,1948.56,4.0879,0.2609,0.1777,0.613,0.5217,135.6522,0.3615,0.0435,1.0574,0.8917,0.293,2.842,-0.1583,0.0,1.0
GPRVGGSPPVGRPPKFKR,DBAASPS_2111,GNNRPVYLPQPRPPHPRI,lead_opt_random,8.2702,13,18;1564.975;4.9974;0.2778;0.2776;-1.1389;0.1667;32.2222;0.1564;0.0556;0.7317;1.2144;0.425;2.7028;0.0772;0.0;0.0151;0.006;0.0;1.0,0.94,0.0151,0.006,0.0,1.0,0.2368,18,1564.975,4.9974,0.2778,0.2776,-1.1389,0.1667,32.2222,0.1564,0.0556,0.7317,1.2144,0.425,2.7028,0.0772,0.0,1.0
FIKHFIHRFSSGSKKLQKFLHSAKK,DBAASPS_270,KWKSFLKTFKSLKKTVLHTLLKAISS,lead_opt_motif,8.2697,19,25;2550.21;7.269;0.4;0.2908;-0.6;0.36;66.4;0.3596;0.16;1.0476;0.9008;0.31;2.8582;0.0228;0.0;0.0042;0.0367;0.1;1.0,0.9399,0.0042,0.0367,0.1,1.0,0.3697,25,2550.21,7.269,0.4,0.2908,-0.6,0.36,66.4,0.3596,0.16,1.0476,0.9008,0.31,2.8582,0.0228,0.0,1.0
PFPIPHPRPIRGRSGGSR,DBAASPS_2111,GNNRPVYLPQPRPPHPRI,lead_opt_motif,8.2604,16,18;1660.055;4.0889;0.2778;0.2272;-1.1222;0.1667;43.3333;0.1608;0.0556;0.7244;1.1817;0.4133;2.5854;0.1022;0.0;0.02;0.008;0.0;1.0,0.9394,0.02,0.008,0.0,1.0,0.2222,18,1660.055,4.0889,0.2778,0.2272,-1.1222,0.1667,43.3333,0.1608,0.0556,0.7244,1.1817,0.4133,2.5854,0.1022,0.0,1.0
FAGLVKRIKKVL,DBAASPS_3365,LNWKAILKHIIK,lead_opt_contiguous,8.2585,12,12;1155.585;3.9971;0.3333;0.3331;0.7083;0.5833;154.1667;0.4124;0.0833;1.0975;0.7892;0.2817;2.405;-0.1283;0.0;0.003;0.0401;0.1111;1.0,0.9393,0.003,0.0401,0.1111,1.0,0.3675,12,1155.585,3.9971,0.3333,0.3331,0.7083,0.5833,154.1667,0.4124,0.0833,1.0975,0.7892,0.2817,2.405,-0.1283,0.0,1.0
ILKKIFKALPKL,DBAASPS_3365,LNWKAILKHIIK,lead_opt_random,8.2537,11,12;1195.695;3.9968;0.3333;0.3331;0.65;0.5833;170.8333;0.5085;0.0833;1.11;0.7892;0.3;2.43;-0.1867;0.0;0.0054;0.0411;0.1111;1.0,0.9391,0.0054,0.0411,0.1111,1.0,0.5641,12,1195.695,3.9968,0.3333,0.3331,0.65,0.5833,170.8333,0.5085,0.0833,1.11,0.7892,0.3,2.43,-0.1867,0.0,1.0
YCVHFGKRVKWKVR,DBAASPS_3078,VRRFGWWWGFLRR,lead_opt_motif,8.2497,14,14;1553.985;5.0252;0.4286;0.3589;-0.6143;0.3571;62.1429;0.2618;0.2143;0.9807;0.9221;0.2836;2.4629;0.0486;0.0;0.2274;0.091;0.0;1.0,0.9389,0.2274,0.091,0.0,1.0,0.2952,14,1553.985,5.0252,0.4286,0.3589,-0.6143,0.3571,62.1429,0.2618,0.2143,0.9807,0.9221,0.2836,2.4629,0.0486,0.0,1.0
RPRPPPPRPPIPRPHPRPP,DBAASPS_3028,PRPPHPPRPPHPPRPPHPRL,lead_opt_contiguous,8.2407,11,19;1872.42;5.0889;0.3158;0.2678;-2.1263;0.0526;20.5263;0.1662;0.0;0.5742;1.2847;0.5195;2.2932;0.2021;0.9474;0.0064;0.102;0.2842;1.0,0.9384,0.0064,0.102,0.2842,1.0,0.3333,19,1872.42,5.0889,0.3158,0.2678,-2.1263,0.0526,20.5263,0.1662,0.0,0.5742,1.2847,0.5195,2.2932,0.2021,0.9474,1.0
FLPIVVKVKKKV,DBAASPS_3365,LNWKAILKHIIK,lead_opt_motif,8.2398,12,12;1181.655;3.9968;0.3333;0.3331;0.8917;0.5833;161.6667;0.2774;0.0833;1.0533;0.7683;0.285;2.4515;-0.1542;0.0;0.0125;0.0439;0.1111;1.0,0.9383,0.0125,0.0439,0.1111,1.0,0.4316,12,1181.655,3.9968,0.3333,0.3331,0.8917,0.5833,161.6667,0.2774,0.0833,1.0533,0.7683,0.285,2.4515,-0.1542,0.0,1.0
GMWGTILKKVGKAALKAALGAIKN,DBAASPR_1546,GLWSTIKNVGKEAAIAAGKAALGAL,lead_opt_random,8.234,17,24;2007.645;4.9965;0.2083;0.2082;0.3875;0.5417;114.1667;0.3305;0.0417;1.0858;0.9125;0.3046;2.6142;-0.1479;0.25;0.0551;0.0957;0.2106;1.0,0.938,0.0551,0.0957,0.2106,1.0,0.5,24,2007.645,4.9965,0.2083,0.2082,0.3875,0.5417,114.1667,0.3305,0.0417,1.0858,0.9125,0.3046,2.6142,-0.1479,0.25,1.0
RGFGRWIKKIFKVAC,DBAASPS_3078,VRRFGWWWGFLRR,lead_opt_contiguous,8.2334,14,15;1539.02;4.9351;0.3333;0.329;0.0467;0.4667;78.0;0.5779;0.2;1.0133;0.9067;0.2747;2.4822;-0.06;0.0;0.4377;0.1751;0.0;1.0,0.938,0.4377,0.1751,0.0,1.0,0.3556,15,1539.02,4.9351,0.3333,0.329,0.0467,0.4667,78.0,0.5779,0.2,1.0133,0.9067,0.2747,2.4822,-0.06,0.0,1.0
RPVPPRPPPRPPPKPPRPV,DBAASPS_3028,PRPPHPPRPPHPPRPPHPRL,lead_opt_random,8.2311,12,19;1792.36;4.9977;0.2632;0.263;-1.7211;0.1053;30.5263;0.3146;0.0;0.5874;1.2658;0.5132;2.2936;0.1411;1.0;0.0015;0.1056;0.3;1.0,0.9379,0.0015,0.1056,0.3,1.0,0.2151,19,1792.36,4.9977,0.2632,0.263,-1.7211,0.1053,30.5263,0.3146,0.0,0.5874,1.2658,0.5132,2.2936,0.1411,1.0,1.0
GSKPRPPRPPRPIRPPRPVP,DBAASPS_3028,PRPPHPPRPPHPPRPPHPRL,lead_opt_contiguous,8.2264,9,20;1894.455;5.9977;0.3;0.2999;-1.745;0.1;34.0;0.3173;0.0;0.6395;1.24;0.4885;2.3012;0.1655;1.0;0.0038;0.1065;0.3;1.0,0.9376,0.0038,0.1065,0.3,1.0,0.246,20,1894.455,5.9977,0.3,0.2999,-1.745,0.1,34.0,0.3173,0.0,0.6395,1.24,0.4885,2.3012,0.1655,1.0,1.0
RGGYPKPKPPPPPRPPIPRPGR,DBAASPS_3028,PRPPHPPRPPHPPRPPHPRL,lead_opt_motif,8.2243,12,22;2018.595;5.9965;0.2727;0.2726;-1.8818;0.0455;17.7273;0.1494;0.0455;0.6064;1.3214;0.4941;2.5339;0.1241;0.5455;0.0643;0.097;0.2036;1.0,0.9375,0.0643,0.097,0.2036,1.0,0.2273,22,2018.595,5.9965,0.2727,0.2726,-1.8818,0.0455,17.7273,0.1494,0.0455,0.6064,1.3214,0.4941,2.5339,0.1241,0.5455,1.0
GSPGVPKPIPIYKPKPRPH,DBAASPS_2111,GNNRPVYLPQPRPPHPRI,lead_opt_random,8.222,15,19;1723.22;4.0872;0.2632;0.2151;-1.0684;0.1579;56.3158;0.1577;0.0526;0.7174;1.1926;0.4284;2.5414;0.0258;0.1579;0.0102;0.0207;0.0474;1.0,0.9374,0.0102,0.0207,0.0474,1.0,0.2632,19,1723.22,4.0872,0.2632,0.2151,-1.0684,0.1579,56.3158,0.1577,0.0526,0.7174,1.1926,0.4284,2.5414,0.0258,0.1579,1.0
GRPRPPPIPPPPRPPIRPRP,DBAASPS_3028,PRPPHPPRPPHPPRPPHPRL,lead_opt_random,8.2173,10,20;1887.475;4.998;0.25;0.2499;-1.655;0.1;39.0;0.1709;0.0;0.578;1.2785;0.5045;2.252;0.1295;1.0;0.0084;0.1084;0.3;1.0,0.9371,0.0084,0.1084,0.3,1.0,0.246,20,1887.475,4.998,0.25,0.2499,-1.655,0.1,39.0,0.1709,0.0,0.578,1.2785,0.5045,2.252,0.1295,1.0,1.0
KVLFKVGKVLKKF,DBAASPS_3365,LNWKAILKHIIK,lead_opt_contiguous,8.2083,11,13;1299.79;4.9965;0.3846;0.3843;0.4538;0.5385;126.9231;0.4127;0.1538;1.0946;0.8131;0.2846;2.6596;-0.1315;0.2308;0.5276;0.2532;0.1205;1.0,0.9367,0.5276,0.2532,0.1205,1.0,0.3663,13,1299.79,4.9965,0.3846,0.3843,0.4538,0.5385,126.9231,0.4127,0.1538,1.0946,0.8131,0.2846,2.6596,-0.1315,0.2308,1.0
GPRPPIPRPPRPPPRPRPR,DBAASPS_3028,PRPPHPPRPPHPPRPPHPRL,lead_opt_motif,8.2052,10,19;1851.4;5.998;0.3158;0.3157;-2.1316;0.0526;20.5263;0.3428;0.0;0.5837;1.2911;0.5168;2.2646;0.2111;1.0;0.0145;0.1108;0.3;1.0,0.9365,0.0145,0.1108,0.3,1.0,0.2807,19,1851.4,5.998,0.3158,0.3157,-2.1316,0.0526,20.5263,0.3428,0.0,0.5837,1.2911,0.5168,2.2646,0.2111,1.0,1.0
RPRPVPPPPRPPPPRPHPRP,DBAASPS_3028,PRPPHPPRPPHPPRPPHPRL,lead_opt_random,8.1999,10,20;1937.495;5.0889;0.3;0.2544;-2.115;0.05;14.5;0.1839;0.0;0.5615;1.298;0.525;2.3117;0.201;1.0;0.0172;0.1119;0.3;1.0,0.9362,0.0172,0.1119,0.3,1.0,0.246,20,1937.495,5.0889,0.3,0.2544,-2.115,0.05,14.5,0.1839,0.0,0.5615,1.298,0.525,2.3117,0.201,1.0,1.0
GRLPVPGPPRPPPIRPPHNRR,DBAASPS_3028,PRPPHPPRPPHPPRPPHPRL,lead_opt_contiguous,8.1923,14,21;1985.52;5.0889;0.2857;0.2423;-1.519;0.1429;50.9524;0.1097;0.0;0.6652;1.2276;0.4629;2.4973;0.1329;0.1429;0.0157;0.0283;0.0629;1.0,0.9358,0.0157,0.0283,0.0629,1.0,0.1994,21,1985.52,5.0889,0.2857,0.2423,-1.519,0.1429,50.9524,0.1097,0.0,0.6652,1.2276,0.4629,2.4973,0.1329,0.1429,1.0
ILSAIKKFLHRL,DBAASPS_3365,LNWKAILKHIIK,lead_opt_random,8.189,12,12;1222.645;3.0883;0.3333;0.2574;0.725;0.5833;170.8333;0.4411;0.0833;1.115;0.755;0.2708;2.3699;-0.1283;0.0;0.0381;0.0541;0.1111;1.0,0.9356,0.0381,0.0541,0.1111,1.0,0.3846,12,1222.645,3.0883,0.3333,0.2574,0.725,0.5833,170.8333,0.4411,0.0833,1.115,0.755,0.2708,2.3699,-0.1283,0.0,1.0
GWKPRPRPPIIPPHPRRPPP,DBAASPS_3028,PRPPHPPRPPHPPRPPHPRL,lead_opt_random,8.1832,13,20;1988.565;5.0886;0.3;0.2544;-1.67;0.15;39.0;0.1184;0.05;0.6585;1.225;0.4645;2.3581;0.1145;0.3;0.0035;0.0329;0.09;1.0,0.9353,0.0035,0.0329,0.09,1.0,0.2663,20,1988.565,5.0886,0.3,0.2544,-1.67,0.15,39.0,0.1184,0.05,0.6585,1.225,0.4645,2.3581,0.1145,0.3,1.0
KWKSFIKKLTTKALHHALKKLTGGA,DBAASPS_270,KWKSFLKTFKSLKKTVLHTLLKAISS,lead_opt_contiguous,8.1825,19,25;2356.02;7.1778;0.36;0.2871;-0.416;0.4;90.0;0.3175;0.08;1.0764;0.902;0.316;2.7081;-0.0276;0.24;0.0039;0.0617;0.172;1.0,0.9353,0.0039,0.0617,0.172,1.0,0.6,25,2356.02,7.1778,0.36,0.2871,-0.416,0.4,90.0,0.3175,0.08,1.0764,0.902,0.316,2.7081,-0.0276,0.24,1.0
KWKSFIKKLTSKIAKLATKIMTTGLN,DBAASPS_173,KWKSFIKKLTKAAKKVVTTAKKPLIV,lead_opt_random,8.1808,14,26;2482.235;6.996;0.2692;0.2691;-0.1269;0.4231;97.6923;0.3667;0.0769;1.0612;0.8888;0.3135;2.6307;-0.0731;0.0;0.1883;0.1173;0.12;1.0,0.9352,0.1883,0.1173,0.12,1.0,0.5256,26,2482.235,6.996,0.2692,0.2691,-0.1269,0.4231,97.6923,0.3667,0.0769,1.0612,0.8888,0.3135,2.6307,-0.0731,0.0,1.0
GIPPVGRGSPKSPKFRPSTK,DBAASPS_2111,GNNRPVYLPQPRPPHPRI,lead_opt_contiguous,8.1728,18,20;1733.165;4.9971;0.25;0.2499;-1.075;0.15;34.0;0.2041;0.05;0.76;1.1835;0.4185;2.624;0.064;0.15;0.0365;0.0303;0.045;1.0,0.9348,0.0365,0.0303,0.045,1.0,0.2,20,1733.165,4.9971,0.25,0.2499,-1.075,0.15,34.0,0.2041,0.05,0.76,1.1835,0.4185,2.624,0.064,0.15,1.0
GIGAVLKKVLGGMAKAAISYLSKK,DBAASPR_1546,GLWSTIKNVGKEAAIAAGKAALGAL,lead_opt_motif,8.166,19,24;1971.625;4.9957;0.2083;0.2082;0.5792;0.5;122.0833;0.2524;0.0417;1.0562;0.9133;0.3042;2.5383;-0.1496;0.0;0.0184;0.0354;0.08;1.0,0.9344,0.0184,0.0354,0.08,1.0,0.3152,24,1971.625,4.9957,0.2083,0.2082,0.5792,0.5,122.0833,0.2524,0.0417,1.0562,0.9133,0.3042,2.5383,-0.1496,0.0,1.0
KVVVVVKGKFRKCF,DBAASPS_3078,VRRFGWWWGFLRR,lead_opt_random,8.1655,13,14;1384.875;4.9349;0.3571;0.3525;0.6143;0.5;103.5714;0.2127;0.1429;1.03;0.8229;0.2657;2.372;-0.0743;0.4286;0.1907;0.1213;0.1286;1.0,0.9344,0.1907,0.1213,0.1286,1.0,0.3254,14,1384.875,4.9349,0.3571,0.3525,0.6143,0.5,103.5714,0.2127,0.1429,1.03,0.8229,0.2657,2.372,-0.0743,0.4286,1.0
GIGKFLKAAKKANGVGLAVLKTGAH,DBAASPR_1546,GLWSTIKNVGKEAAIAAGKAALGAL,lead_opt_contiguous,8.1642,20,25;1999.56;5.0875;0.24;0.2035;0.288;0.48;105.6;0.2441;0.04;1.0484;0.9424;0.3128;2.7515;-0.1072;0.0;0.007;0.0378;0.1;1.0,0.9343,0.007,0.0378,0.1,1.0,0.3936,25,1999.56,5.0875,0.24,0.2035,0.288,0.48,105.6,0.2441,0.04,1.0484,0.9424,0.3128,2.7515,-0.1072,0.0,1.0
ILKKILKAFKTL,DBAASPS_3365,LNWKAILKHIIK,lead_opt_motif,8.1582,11,12;1199.675;3.9968;0.3333;0.3331;0.725;0.5833;170.8333;0.4902;0.0833;1.1508;0.7425;0.2792;2.4567;-0.1767;0.25;0.0074;0.0681;0.1861;1.0,0.934,0.0074,0.0681,0.1861,1.0,0.5385,12,1199.675,3.9968,0.3333,0.3331,0.725,0.5833,170.8333,0.4902,0.0833,1.1508,0.7425,0.2792,2.4567,-0.1767,0.25,1.0
KIIGAIKGVLKAFK,DBAASPS_3365,LNWKAILKHIIK,lead_opt_motif,8.1581,12,14;1233.695;3.9968;0.2857;0.2855;0.8214;0.5714;146.4286;0.3542;0.0714;1.09;0.83;0.2807;2.5479;-0.1764;0.0;0.0635;0.0587;0.0952;1.0,0.934,0.0635,0.0587,0.0952,1.0,0.3838,14,1233.695,3.9968,0.2857,0.2855,0.8214,0.5714,146.4286,0.3542,0.0714,1.09,0.83,0.2807,2.5479,-0.1764,0.0,1.0
GIGKFLHSAKGIAKALMKVVTGAEK,DBAASPR_1546,GLWSTIKNVGKEAAIAAGKAALGAL,lead_opt_motif,8.1531,23,25;2104.73;4.0892;0.24;0.1636;0.304;0.48;101.6;0.3334;0.04;1.086;0.8804;0.308;2.8789;-0.112;0.0;0.0126;0.04;0.1;1.0,0.9337,0.0126,0.04,0.1,1.0,0.44,25,2104.73,4.0892,0.24,0.1636,0.304,0.48,101.6,0.3334,0.04,1.086,0.8804,0.308,2.8789,-0.112,0.0,1.0
KWKFPKILNKLKKVLTTKAKTL,DBAASPS_173,KWKSFIKKLTKAAKKVVTTAKKPLIV,lead_opt_random,8.1496,23,22;2230.965;7.9957;0.3636;0.3634;-0.4909;0.4091;106.3636;0.344;0.0909;1.0632;0.8877;0.3309;2.6689;-0.045;0.0;0.1018;0.0547;0.04;1.0,0.9335,0.1018,0.0547,0.04,1.0,0.3531,22,2230.965,7.9957,0.3636,0.3634,-0.4909,0.4091,106.3636,0.344,0.0909,1.0632,0.8877,0.3309,2.6689,-0.045,0.0,1.0
GIGKILHSVKKLGSFIKALIHHVAN,DBAASPS_1140,GLLSVLGSVAKHVLGHVVGVIAEHL,lead_opt_contiguous,8.1411,20,25;2230.87;4.2696;0.28;0.1708;0.508;0.48;140.4;0.3549;0.04;1.024;0.8912;0.288;2.6938;-0.1136;0.0;0.2712;0.1435;0.1;1.0,0.9331,0.2712,0.1435,0.1,1.0,0.4,25,2230.87,4.2696,0.28,0.1708,0.508,0.48,140.4,0.3549,0.04,1.024,0.8912,0.288,2.6938,-0.1136,0.0,1.0
GRGGRGCPPRGPPPRPVCGRKS,DBAASPS_3028,PRPPHPPRPPHPPRPPHPRL,lead_opt_random,8.1392,17,22;1848.315;5.8737;0.2727;0.267;-1.3636;0.0455;13.1818;0.1234;0.0;0.6636;1.3105;0.4314;2.2836;0.1314;0.2727;0.0061;0.0451;0.1218;1.0,0.933,0.0061,0.0451,0.1218,1.0,0.2273,22,1848.315,5.8737,0.2727,0.267,-1.3636,0.0455,13.1818,0.1234,0.0,0.6636,1.3105,0.4314,2.2836,0.1314,0.2727,1.0
GSIPVGGRPPKPKPKFR,DBAASPS_2111,GNNRPVYLPQPRPPHPRI,lead_opt_contiguous,8.1388,14,17;1511.95;4.9971;0.2941;0.2939;-1.1294;0.1765;40.0;0.1981;0.0588;0.7547;1.1912;0.4247;2.7085;0.0535;0.3529;0.0162;0.0435;0.1059;1.0,0.933,0.0162,0.0435,0.1059,1.0,0.2309,17,1511.95,4.9971,0.2941,0.2939,-1.1294,0.1765,40.0,0.1981,0.0588,0.7547,1.1912,0.4247,2.7085,0.0535,0.3529,1.0
GIGKFLKAAKKFAKVGLGLIANS,DBAASPR_1546,GLWSTIKNVGKEAAIAAGKAALGAL,lead_opt_motif,8.1327,19,23;1917.51;4.9965;0.2174;0.2172;0.5217;0.5217;114.7826;0.3623;0.087;1.057;0.9222;0.3035;2.727;-0.1535;0.0;0.0297;0.043;0.089;1.0,0.9326,0.0297,0.043,0.089,1.0,0.6377,23,1917.51,4.9965,0.2174,0.2172,0.5217,0.5217,114.7826,0.3623,0.087,1.057,0.9222,0.3035,2.727,-0.1535,0.0,1.0
GSGPVGRPPPPPKPRRPSRLGGR,DBAASPS_3028,PRPPHPPRPPHPPRPPHPRL,lead_opt_motif,8.1281,17,23;1961.45;5.9977;0.2609;0.2608;-1.513;0.087;29.5652;0.231;0.0;0.6648;1.29;0.463;2.5541;0.1252;0.2609;0.0016;0.049;0.1383;1.0,0.9324,0.0016,0.049,0.1383,1.0,0.2174,23,1961.45,5.9977,0.2609,0.2608,-1.513,0.087,29.5652,0.231,0.0,0.6648,1.29,0.463,2.5541,0.1252,0.2609,1.0
RALFKIVKKVLKV,DBAASPS_3365,LNWKAILKHIIK,lead_opt_contiguous,8.1257,10,13;1307.82;4.9968;0.3846;0.3844;0.7077;0.6154;164.6154;0.5064;0.0769;1.14;0.7185;0.2754;2.3842;-0.11;0.0;0.3468;0.1926;0.1538;1.0,0.9323,0.3468,0.1926,0.1538,1.0,0.4667,13,1307.82,4.9968,0.3846,0.3844,0.7077,0.6154,164.6154,0.5064,0.0769,1.14,0.7185,0.2754,2.3842,-0.11,0.0,1.0
RRPVGLRPPYPPRPPRPHP,DBAASPS_3028,PRPPHPPRPPHPPRPPHPRL,lead_opt_random,8.1197,15,19;1900.42;5.088;0.3158;0.2678;-1.7789;0.1053;35.7895;0.1454;0.0526;0.6495;1.2237;0.4711;2.2915;0.1663;0.4737;0.0035;0.0511;0.1421;1.0,0.9319,0.0035,0.0511,0.1421,1.0,0.2654,19,1900.42,5.088,0.3158,0.2678,-1.7789,0.1053,35.7895,0.1454,0.0526,0.6495,1.2237,0.4711,2.2915,0.1663,0.4737,1.0
RVCFKVWRRGGKIWV,DBAASPS_3078,VRRFGWWWGFLRR,lead_opt_random,8.1146,13,15;1620.09;4.9354;0.3333;0.329;-0.1;0.4667;84.0;0.4814;0.2;0.9707;0.922;0.2693;2.2495;-0.0267;0.0;0.4977;0.1991;0.0;1.0,0.9317,0.4977,0.1991,0.0,1.0,0.298,15,1620.09,4.9354,0.3333,0.329,-0.1,0.4667,84.0,0.4814,0.2,0.9707,0.922,0.2693,2.2495,-0.0267,0.0,1.0
YPRPRPIPPRPHPPRSRGP,DBAASPS_3028,PRPPHPPRPPHPPRPPHPRL,lead_opt_motif,8.1112,16,19;1888.37;5.088;0.3158;0.2678;-2.0053;0.0526;20.5263;0.1434;0.0526;0.6274;1.2558;0.48;2.3459;0.1958;0.4737;0.0078;0.0528;0.1421;1.0,0.9315,0.0078,0.0528,0.1421,1.0,0.2105,19,1888.37,5.088,0.3158,0.2678,-2.0053,0.0526,20.5263,0.1434,0.0526,0.6274,1.2558,0.48,2.3459,0.1958,0.4737,1.0
ANLSKIAKKVGKVFAGNILKTLVMG,DBAASPR_1546,GLWSTIKNVGKEAAIAAGKAALGAL,lead_opt_motif,8.1108,22,25;2150.83;4.9965;0.2;0.1999;0.556;0.52;124.8;0.3321;0.04;1.0504;0.8996;0.3036;2.7579;-0.1436;0.0;0.0175;0.0513;0.1267;1.0,0.9315,0.0175,0.0513,0.1267,1.0,0.2957,25,2150.83,4.9965,0.2,0.1999,0.556,0.52,124.8,0.3321,0.04,1.0504,0.8996,0.3036,2.7579,-0.1436,0.0,1.0
GIGKFLHAIKALKKIAGAVLGKINQ,DBAASPR_1546,GLWSTIKNVGKEAAIAAGKAALGAL,lead_opt_random,8.1107,22,25;2138.81;5.0875;0.24;0.2035;0.492;0.52;136.8;0.3059;0.04;1.0672;0.89;0.2968;2.6988;-0.146;0.0;0.0176;0.0514;0.1267;1.0,0.9315,0.0176,0.0514,0.1267,1.0,0.4133,25,2138.81,5.0875,0.24,0.2035,0.492,0.52,136.8,0.3059,0.04,1.0672,0.89,0.2968,2.6988,-0.146,0.0,1.0
GPPGRPVPGRPPRPPPLRPR,DBAASPS_3028,PRPPHPPRPPHPPRPPHPRL,lead_opt_random,8.1098,15,20;1793.305;4.998;0.25;0.2499;-1.585;0.1;34.0;0.2326;0.0;0.6065;1.298;0.49;2.3904;0.125;0.45;0.0129;0.0524;0.135;1.0,0.9314,0.0129,0.0524,0.135,1.0,0.246,20,1793.305,4.998,0.25,0.2499,-1.585,0.1,34.0,0.2326,0.0,0.6065,1.298,0.49,2.3904,0.125,0.45,1.0
GIGAIKTLLKGAAKAFVGKIMQSMK,DBAASPR_1546,GLWSTIKNVGKEAAIAAGKAALGAL,lead_opt_contiguous,8.108,21,25;2111.83;4.9965;0.2;0.1999;0.52;0.52;105.6;0.2838;0.04;1.0888;0.8828;0.2996;2.6896;-0.15;0.0;0.0189;0.0519;0.1267;1.0,0.9313,0.0189,0.0519,0.1267,1.0,0.4533,25,2111.83,4.9965,0.2,0.1999,0.52,0.52,105.6,0.2838,0.04,1.0888,0.8828,0.2996,2.6896,-0.15,0.0,1.0
RPVPPPPIPRPRPPRPHG,DBAASPS_3028,PRPPHPPRPPHPPRPPHPRL,lead_opt_motif,8.1072,13,18;1696.185;4.0889;0.2778;0.2272;-1.6056;0.1111;37.7778;0.0601;0.0;0.6061;1.2533;0.4872;2.3406;0.1389;0.5;0.005;0.0545;0.15;1.0,0.9313,0.005,0.0545,0.15,1.0,0.2222,18,1696.185,4.0889,0.2778,0.2272,-1.6056,0.1111,37.7778,0.0601,0.0,0.6061,1.2533,0.4872,2.3406,0.1389,0.5,1.0
ILGKIASMGKNLAKFAGKLIAHSA,DBAASPR_1546,GLWSTIKNVGKEAAIAAGKAALGAL,lead_opt_motif,8.1056,20,24;2007.625;4.0877;0.2083;0.1703;0.5625;0.5417;118.3333;0.3392;0.0417;1.0879;0.8879;0.2992;2.7178;-0.1425;0.0;0.0146;0.0533;0.1356;1.0,0.9312,0.0146,0.0533,0.1356,1.0,0.3194,24,2007.625,4.0877,0.2083,0.1703,0.5625,0.5417,118.3333,0.3392,0.0417,1.0879,0.8879,0.2992,2.7178,-0.1425,0.0,1.0
KWKSFIKKLTKKVLTFLTKAGSLS,DBAASPS_270,KWKSFLKTFKSLKKTVLHTLLKAISS,lead_opt_contiguous,8.105,18,24;2321.015;6.996;0.2917;0.2915;-0.075;0.4167;97.5;0.3603;0.125;1.0512;0.8904;0.3096;2.615;-0.0767;0.125;0.4301;0.2132;0.1175;1.0,0.9312,0.4301,0.2132,0.1175,1.0,0.5556,24,2321.015,6.996,0.2917,0.2915,-0.075,0.4167,97.5,0.3603,0.125,1.0512,0.8904,0.3096,2.615,-0.0767,0.125,1.0
IKLFKSFAKKIIRAITKAISSKR,DBAASPS_173,KWKSFIKKLTKAAKKVVTTAKKPLIV,lead_opt_random,8.1019,25,23;2233.97;7.9962;0.3478;0.3477;0.0783;0.4783;114.7826;0.4893;0.087;1.0926;0.8065;0.3013;2.5595;-0.0343;0.0;0.3156;0.1472;0.06;1.0,0.931,0.3156,0.1472,0.06,1.0,0.2174,23,2233.97,7.9962,0.3478,0.3477,0.0783,0.4783,114.7826,0.4893,0.087,1.0926,0.8065,0.3013,2.5595,-0.0343,0.0,1.0
CGSKPKPPRPPPRPPVRPGI,DBAASPS_3028,PRPPHPPRPPHPPRPPHPRL,lead_opt_contiguous,8.1018,15,20;1773.315;4.9354;0.25;0.2468;-1.305;0.1;34.0;0.2828;0.0;0.649;1.261;0.462;2.451;0.088;0.45;0.0169;0.054;0.135;1.0,0.931,0.0169,0.054,0.135,1.0,0.2536,20,1773.315,4.9354,0.25,0.2468,-1.305,0.1,34.0,0.2828,0.0,0.649,1.261,0.462,2.451,0.088,0.45,1.0
RGRPRPPPIPRPIPHPRP,DBAASPS_3028,PRPPHPPRPPHPPRPPHPRL,lead_opt_random,8.1003,13,18;1769.285;5.0889;0.3333;0.2827;-1.75;0.1111;43.3333;0.2571;0.0;0.6411;1.22;0.4772;2.3157;0.1739;0.5;0.0084;0.0559;0.15;1.0,0.9309,0.0084,0.0559,0.15,1.0,0.2914,18,1769.285,5.0889,0.3333,0.2827,-1.75,0.1111,43.3333,0.2571,0.0,0.6411,1.22,0.4772,2.3157,0.1739,0.5,1.0
KWKSFIKKLTKKLTSKLKEILTTFL,DBAASPS_270,KWKSFLKTFKSLKKTVLHTLLKAISS,lead_opt_contiguous,8.0964,18,25;2573.37;6.9975;0.32;0.2799;-0.256;0.4;109.2;0.3652;0.12;1.088;0.8388;0.3136;2.7807;-0.0768;0.24;0.4009;0.2205;0.172;1.0,0.9307,0.4009,0.2205,0.172,1.0,0.4933,25,2573.37,6.9975,0.32,0.2799,-0.256,0.4,109.2,0.3652,0.12,1.088,0.8388,0.3136,2.7807,-0.0768,0.24,1.0
ALWKTILKGAGKAVGKVLVGAGKQ,DBAASPR_1546,GLWSTIKNVGKEAAIAAGKAALGAL,lead_opt_motif,8.0898,19,24;1961.545;4.9965;0.2083;0.2082;0.3792;0.5;117.9167;0.3313;0.0417;1.0517;0.9288;0.3046;2.6536;-0.1392;0.25;0.0106;0.0585;0.155;1.0,0.9304,0.0106,0.0585,0.155,1.0,0.4484,24,1961.545,4.9965,0.2083,0.2082,0.3792,0.5,117.9167,0.3313,0.0417,1.0517,0.9288,0.3046,2.6536,-0.1392,0.25,1.0
KWKSFIKKLTKKALKAITKVLTGK,DBAASPS_173,KWKSFIKKLTKAAKKVVTTAKKPLIV,lead_opt_motif,8.0841,12,24;2327.095;8.9954;0.375;0.3748;-0.3458;0.4167;101.6667;0.4149;0.0833;1.0904;0.8671;0.3171;2.6254;-0.0421;0.0;0.6153;0.2741;0.08;1.0,0.9301,0.6153,0.2741,0.08,1.0,0.5556,24,2327.095,8.9954,0.375,0.3748,-0.3458,0.4167,101.6667,0.4149,0.0833,1.0904,0.8671,0.3171,2.6254,-0.0421,0.0,1.0
KWKSFIKKLTSKAKKIGAVLKVTKS,DBAASPS_173,KWKSFIKKLTKAAKKVVTTAKKPLIV,lead_opt_motif,8.0711,12,25;2368.11;8.9954;0.36;0.3598;-0.352;0.4;93.6;0.3023;0.08;1.0692;0.8888;0.3204;2.6452;-0.026;0.0;0.6095;0.2788;0.1;1.0,0.9294,0.6095,0.2788,0.1,1.0,0.4995,25,2368.11,8.9954,0.36,0.3598,-0.352,0.4,93.6,0.3023,0.08,1.0692,0.8888,0.3204,2.6452,-0.026,0.0,1.0
KIAKKFIHSAKKFLHSAKKFLRTIG,DBAASPS_173,KWKSFIKKLTKAAKKVVTTAKKPLIV,lead_opt_motif,8.0704,24,25;2448.19;8.1778;0.4;0.3271;-0.24;0.44;90.0;0.4229;0.12;1.0928;0.8468;0.3036;2.7314;-0.0156;0.84;0.1516;0.1838;0.352;1.0,0.9293,0.1516,0.1838,0.352,1.0,0.44,25,2448.19,8.1778,0.4,0.3271,-0.24,0.44,90.0,0.4229,0.12,1.0928,0.8468,0.3036,2.7314,-0.0156,0.84,1.0
VRRGPKPPPPIPRPRPPPP,DBAASPS_3028,PRPPHPPRPPHPPRPPHPRL,lead_opt_random,8.0633,13,19;1766.32;4.9977;0.2632;0.263;-1.6421;0.1053;35.7895;0.2405;0.0;0.6005;1.2705;0.5011;2.3512;0.1242;0.6316;0.0028;0.0674;0.1895;1.0,0.9289,0.0028,0.0674,0.1895,1.0,0.2944,19,1766.32,4.9977,0.2632,0.263,-1.6421,0.1053,35.7895,0.2405,0.0,0.6005,1.2705,0.5011,2.3512,0.1242,0.6316,1.0
VRGRPPTPPPPPHPRPPRP,DBAASPS_3028,PRPPHPPRPPHPPRPPHPRL,lead_opt_random,8.0578,14,19;1763.23;4.0889;0.2632;0.2152;-1.8789;0.0526;15.2632;0.1337;0.0;0.5789;1.2932;0.5053;2.4127;0.1684;0.6316;0.0056;0.0686;0.1895;1.0,0.9287,0.0056,0.0686,0.1895,1.0,0.2535,19,1763.23,4.0889,0.2632,0.2152,-1.8789,0.0526,15.2632,0.1337,0.0,0.5789,1.2932,0.5053,2.4127,0.1684,0.6316,1.0
RGGRPGPPPPVGRPPRPPR,DBAASPS_3028,PRPPHPPRPPHPPRPPHPRL,lead_opt_contiguous,8.0558,14,19;1658.09;4.998;0.2632;0.2631;-1.8053;0.0526;15.2632;0.2176;0.0;0.5868;1.3416;0.4947;2.5153;0.1574;0.6316;0.0066;0.069;0.1895;1.0,0.9286,0.0066,0.069,0.1895,1.0,0.3158,19,1658.09,4.998,0.2632,0.2631,-1.8053,0.0526,15.2632,0.2176,0.0,0.5868,1.3416,0.4947,2.5153,0.1574,0.6316,1.0
GIPGCGKYGPRPPKPRSR,DBAASPS_2111,GNNRPVYLPQPRPPHPRI,lead_opt_motif,8.0373,16,18;1599.015;4.9346;0.2778;0.2741;-1.4444;0.0556;21.6667;0.2736;0.0556;0.6883;1.2811;0.43;2.3903;0.0994;0.0;0.1327;0.0531;0.0;1.0,0.9276,0.1327,0.0531,0.0,1.0,0.2407,18,1599.015,4.9346,0.2778,0.2741,-1.4444,0.0556,21.6667,0.2736,0.0556,0.6883,1.2811,0.43,2.3903,0.0994,0.0,1.0
GIGKLFHRFGKIFHGVHALIHHGKHF,DBAASPS_1001,FLGLLFHGVHHVGKWIHGLIHGHH,lead_opt_motif,8.0351,18,26;2523.145;4.5426;0.3846;0.1747;0.0346;0.4231;90.0;0.3532;0.1538;0.9977;0.9219;0.2758;3.0477;-0.0512;0.0;0.2619;0.1467;0.12;1.0,0.9274,0.2619,0.1467,0.12,1.0,0.2821,26,2523.145,4.5426,0.3846,0.1747,0.0346,0.4231,90.0,0.3532,0.1538,0.9977,0.9219,0.2758,3.0477,-0.0512,0.0,1.0
GALDTIKDVAKKAAGHAAKSIAGAVKKL,DBAASPR_1546,GLWSTIKNVGKEAAIAAGKAALGAL,lead_opt_contiguous,8.0335,16,28;2228.805;4.0881;0.25;0.146;0.1107;0.5;105.0;0.3259;0.0;1.1196;0.8914;0.3204;2.9101;-0.0882;0.0;0.238;0.1512;0.16;1.0,0.9274,0.238,0.1512,0.16,1.0,0.3571,28,2228.805,4.0881,0.25,0.146,0.1107,0.5,105.0,0.3259,0.0,1.1196,0.8914,0.3204,2.9101,-0.0882,0.0,1.0
FKRIVKIGIGAVK,DBAASPS_3365,LNWKAILKHIIK,lead_opt_motif,8.0327,13,13;1194.62;3.9971;0.3077;0.3075;0.7308;0.5385;142.3077;0.3828;0.0769;1.0369;0.8362;0.2785;2.5075;-0.1262;0.0;0.0024;0.0189;0.0513;1.0,0.9273,0.0024,0.0189,0.0513,1.0,0.3162,13,1194.62,3.9971,0.3077,0.3075,0.7308,0.5385,142.3077,0.3828,0.0769,1.0369,0.8362,0.2785,2.5075,-0.1262,0.0,1.0
GIGKFLGKALKAAKKVLGAAVNA,DBAASPR_1546,GLWSTIKNVGKEAAIAAGKAALGAL,lead_opt_contiguous,8.0273,20,23;1811.38;4.9965;0.2174;0.2172;0.5783;0.5652;119.1304;0.3631;0.0435;1.097;0.8961;0.3057;2.6572;-0.1457;0.0;0.0472;0.0703;0.147;1.0,0.927,0.0472,0.0703,0.147,1.0,0.467,23,1811.38,4.9965,0.2174,0.2172,0.5783,0.5652,119.1304,0.3631,0.0435,1.097,0.8961,0.3057,2.6572,-0.1457,0.0,1.0
RGGPYGPRPIIRPRSPHF,DBAASPS_2111,GNNRPVYLPQPRPPHPRI,lead_opt_motif,8.0258,14,18;1736.155;4.088;0.2778;0.2271;-1.15;0.1667;43.3333;0.2972;0.1111;0.72;1.1767;0.405;2.4931;0.0872;0.0;0.1385;0.0554;0.0;1.0,0.927,0.1385,0.0554,0.0,1.0,0.2632,18,1736.155,4.088,0.2778,0.2271,-1.15,0.1667,43.3333,0.2972,0.1111,0.72,1.1767,0.405,2.4931,0.0872,0.0,1.0
GIGKFIHSIKKFGKFSIHHIHGIH,DBAASPS_1001,FLGLLFHGVHHVGKWIHGLIHGHH,lead_opt_contiguous,8.0247,16,24;2306.895;4.4514;0.375;0.1855;0.025;0.375;97.5;0.3315;0.125;0.9721;0.9346;0.28;3.0288;-0.0554;0.125;0.4707;0.2294;0.1175;1.0,0.9269,0.4707,0.2294,0.1175,1.0,0.5417,24,2306.895,4.4514,0.375,0.1855,0.025,0.375,97.5,0.3315,0.125,0.9721,0.9346,0.28,3.0288,-0.0554,0.125,1.0
IKHIYKLVKKFL,DBAASPS_3365,LNWKAILKHIIK,lead_opt_motif,8.0209,11,12;1313.785;4.0869;0.4167;0.3406;0.2917;0.5;154.1667;0.5281;0.1667;1.0917;0.7792;0.27;2.5836;-0.1217;0.0;0.6965;0.2786;0.0;1.0,0.9267,0.6965,0.2786,0.0,1.0,0.3175,12,1313.785,4.0869,0.4167,0.3406,0.2917,0.5,154.1667,0.5281,0.1667,1.0917,0.7792,0.27,2.5836,-0.1217,0.0,1.0
KWKSFIKKLTSKLKHFLKTLTTGL,DBAASPS_173,KWKSFIKKLTKAAKKVVTTAKKPLIV,lead_opt_contiguous,8.0184,13,24;2415.125;7.0869;0.3333;0.2953;-0.2958;0.375;97.5;0.3582;0.125;1.0425;0.8975;0.3113;2.6826;-0.0571;0.0;0.497;0.2268;0.08;1.0,0.9266,0.497,0.2268,0.08,1.0,0.5673,24,2415.125,7.0869,0.3333,0.2953,-0.2958,0.375,97.5,0.3582,0.125,1.0425,0.8975,0.3113,2.6826,-0.0571,0.0,1.0
GLASILKKVLKGAGKAAFVGAVKS,DBAASPR_1546,GLWSTIKNVGKEAAIAAGKAALGAL,lead_opt_random,8.0149,15,24;1881.475;4.9965;0.2083;0.2082;0.7333;0.5417;122.0833;0.3059;0.0417;1.0725;0.8921;0.3008;2.5778;-0.1475;0.0;0.0099;0.0514;0.1356;1.0,0.9264,0.0099,0.0514,0.1356,1.0,0.3422,24,1881.475,4.9965,0.2083,0.2082,0.7333,0.5417,122.0833,0.3059,0.0417,1.0725,0.8921,0.3008,2.5778,-0.1475,0.0,1.0
GPKPIPPPRPPRPPRPVRG,DBAASPS_3028,PRPPHPPRPPHPPRPPHPRL,lead_opt_motif,8.0081,14,19;1726.25;4.9977;0.2632;0.263;-1.5789;0.1053;35.7895;0.2365;0.0;0.6126;1.2768;0.4905;2.3423;0.1174;0.7895;0.0015;0.0835;0.2368;1.0,0.926,0.0015,0.0835,0.2368,1.0,0.2863,19,1726.25,4.9977,0.2632,0.263,-1.5789,0.1053,35.7895,0.2365,0.0,0.6126,1.2768,0.4905,2.3423,0.1174,0.7895,1.0
GGSKKPRPPIPRPPRPIPRSG,DBAASPS_3028,PRPPHPPRPPHPPRPPHPRL,lead_opt_contiguous,8.0067,15,21;1869.39;5.9974;0.2857;0.2856;-1.5429;0.0952;37.1429;0.3725;0.0;0.6786;1.2524;0.4638;2.467;0.1219;0.7143;0.0038;0.0835;0.2343;1.0,0.9259,0.0038,0.0835,0.2343,1.0,0.2063,21,1869.39,5.9974,0.2857,0.2856,-1.5429,0.0952,37.1429,0.3725,0.0,0.6786,1.2524,0.4638,2.467,0.1219,0.7143,1.0
GGPPRPRPIPPRPRPGPRG,DBAASPS_3028,PRPPHPPRPPHPPRPPHPRL,lead_opt_contiguous,8.0013,13,19;1672.12;4.998;0.2632;0.2631;-1.7895;0.0526;20.5263;0.2178;0.0;0.5879;1.34;0.4932;2.4169;0.1474;0.7895;0.0049;0.0849;0.2368;1.0,0.9257,0.0049,0.0849,0.2368,1.0,0.2281,19,1672.12,4.998,0.2632,0.2631,-1.7895,0.0526,20.5263,0.2178,0.0,0.5879,1.34,0.4932,2.4169,0.1474,0.7895,1.0
GIGAIKKAAKIGLAFMKIGAQSVK,DBAASPR_1546,GLWSTIKNVGKEAAIAAGKAALGAL,lead_opt_contiguous,7.9821,21,24;1968.625;4.9965;0.2083;0.2082;0.5958;0.5417;114.1667;0.276;0.0417;1.0929;0.8746;0.2958;2.6469;-0.1508;0.25;0.0308;0.086;0.2106;1.0,0.9246,0.0308,0.086,0.2106,1.0,0.2878,24,1968.625,4.9965,0.2083,0.2082,0.5958,0.5417,114.1667,0.276,0.0417,1.0929,0.8746,0.2958,2.6469,-0.1508,0.25,1.0
GIPGGYRGKVRSGKPKVTPK,DBAASPS_2111,GNNRPVYLPQPRPPHPRI,lead_opt_contiguous,7.97,19,20;1722.165;5.996;0.3;0.2998;-1.065;0.15;48.5;0.2101;0.05;0.795;1.175;0.396;2.6929;0.0545;0.0;0.0151;0.0061;0.0;1.0,0.924,0.0151,0.0061,0.0,1.0,0.25,20,1722.165,5.996,0.3,0.2998,-1.065,0.15,48.5,0.2101,0.05,0.795,1.175,0.396,2.6929,0.0545,0.0,1.0
GGGFPPVPRPPRPPRPHRPRG,DBAASPS_3028,PRPPHPPRPPHPPRPPHPRL,lead_opt_motif,7.9659,16,21;1906.38;5.0889;0.2857;0.2423;-1.6524;0.0952;13.8095;0.2906;0.0476;0.6324;1.2876;0.4667;2.5593;0.1429;0.5714;0.0508;0.0873;0.1914;1.0,0.9238,0.0508,0.0873,0.1914,1.0,0.2179,21,1906.38,5.0889,0.2857,0.2423,-1.6524,0.0952,13.8095,0.2906,0.0476,0.6324,1.2876,0.4667,2.5593,0.1429,0.5714,1.0
GGRPPPRPPPVRPPRPPHPP,DBAASPS_3028,PRPPHPPRPPHPPRPPHPRL,lead_opt_random,7.9601,14,20;1798.285;4.0889;0.25;0.2044;-1.85;0.05;14.5;0.199;0.0;0.554;1.3385;0.5125;2.4355;0.147;0.9;0.0053;0.0966;0.27;1.0,0.9235,0.0053,0.0966,0.27,1.0,0.25,20,1798.285,4.0889,0.25,0.2044,-1.85,0.05,14.5,0.199,0.0,0.554,1.3385,0.5125,2.4355,0.147,0.9,1.0
RPGRPGPPPPPPPRPRPVPH,DBAASPS_3028,PRPPHPPRPPHPPRPPHPRL,lead_opt_random,7.9601,13,20;1798.285;4.0889;0.25;0.2044;-1.85;0.05;14.5;0.1457;0.0;0.554;1.3385;0.5125;2.4285;0.147;0.9;0.0053;0.0966;0.27;1.0,0.9235,0.0053,0.0966,0.27,1.0,0.246,20,1798.285,4.0889,0.25,0.2044,-1.85,0.05,14.5,0.1457,0.0,0.554,1.3385,0.5125,2.4285,0.147,0.9,1.0
KKWKKFIKKLTTAAKKLTTTLPKLT,DBAASPS_173,KWKSFIKKLTKAAKKVVTTAKKPLIV,lead_opt_contiguous,7.9569,19,25;2466.24;8.9954;0.36;0.3598;-0.628;0.36;86.0;0.3745;0.08;1.0692;0.8784;0.3356;2.6163;-0.0116;0.48;0.0735;0.1148;0.244;1.0,0.9233,0.0735,0.1148,0.244,1.0,0.3718,25,2466.24,8.9954,0.36,0.3598,-0.628,0.36,86.0,0.3745,0.08,1.0692,0.8784,0.3356,2.6163,-0.0116,0.48,1.0
KWKSFIKKLTKKAAKVIGTVAKKL,DBAASPS_173,KWKSFIKKLTKAAKKVVTTAKKPLIV,lead_opt_random,7.9555,9,24;2283.045;8.9954;0.375;0.3748;-0.225;0.4583;101.6667;0.4032;0.0833;1.1087;0.8483;0.3113;2.6505;-0.0458;0.125;0.6572;0.304;0.1175;1.0,0.9232,0.6572,0.304,0.1175,1.0,0.5385,24,2283.045,8.9954,0.375,0.3748,-0.225,0.4583,101.6667,0.4032,0.0833,1.1087,0.8483,0.3113,2.6505,-0.0458,0.125,1.0
KPSIPPPRPPPPRPPIPRPK,DBAASPS_3028,PRPPHPPRPPHPPRPPHPRL,lead_opt_motif,7.9539,13,20;1861.465;4.9974;0.25;0.2499;-1.615;0.1;39.0;0.1193;0.0;0.609;1.264;0.5045;2.3202;0.1;0.9;0.0084;0.0979;0.27;1.0,0.9231,0.0084,0.0979,0.27,1.0,0.2258,20,1861.465,4.9974,0.25,0.2499,-1.615,0.1,39.0,0.1193,0.0,0.609,1.264,0.5045,2.3202,0.1,0.9,1.0
GSPRPIPPRPPIPPRPRPK,DBAASPS_3028,PRPPHPPRPPHPPRPPHPRL,lead_opt_motif,7.9504,14,19;1770.31;4.9977;0.2632;0.263;-1.5842;0.1053;41.0526;0.1116;0.0;0.6242;1.2537;0.4889;2.2866;0.1216;0.9474;0.0014;0.1;0.2842;1.0,0.9229,0.0014,0.1,0.2842,1.0,0.2632,19,1770.31,4.9977,0.2632,0.263,-1.5842,0.1053,41.0526,0.1116,0.0,0.6242,1.2537,0.4889,2.2866,0.1216,0.9474,1.0
RGRPRPPPPPPPIPRPPHP,DBAASPS_3028,PRPPHPPRPPHPPRPPHPRL,lead_opt_random,7.9458,13,19;1773.28;4.0889;0.2632;0.2152;-1.9105;0.0526;20.5263;0.1729;0.0;0.5542;1.3211;0.5168;2.3747;0.1521;0.9474;0.0038;0.101;0.2842;1.0,0.9227,0.0038,0.101,0.2842,1.0,0.2512,19,1773.28,4.0889,0.2632,0.2152,-1.9105,0.0526,20.5263,0.1729,0.0,0.5542,1.3211,0.5168,2.3747,0.1521,0.9474,1.0
RGRPPPPPRPPPIPRPPGR,DBAASPS_3028,PRPPHPPRPPHPPRPPHPRL,lead_opt_random,7.9447,13,19;1752.26;4.998;0.2632;0.2631;-1.9158;0.0526;20.5263;0.1656;0.0;0.5637;1.3274;0.5142;2.3768;0.1611;0.9474;0.0043;0.1012;0.2842;1.0,0.9226,0.0043,0.1012,0.2842,1.0,0.2863,19,1752.26,4.998,0.2632,0.2631,-1.9158,0.0526,20.5263,0.1656,0.0,0.5637,1.3274,0.5142,2.3768,0.1611,0.9474,1.0
GIWGIIKKALKAGKKLFGAVAGIAHEK,DBAASPR_1546,GLWSTIKNVGKEAAIAAGKAALGAL,lead_opt_random,7.9431,19,27;2319.02;5.0889;0.2593;0.1885;0.3185;0.5185;115.9259;0.33;0.0741;1.09;0.8841;0.2974;2.8636;-0.1396;0.0;0.1293;0.1094;0.1647;1.0,0.9226,0.1293,0.1094,0.1647,1.0,0.3827,27,2319.02,5.0889,0.2593,0.1885,0.3185,0.5185,115.9259,0.33,0.0741,1.09,0.8841,0.2974,2.8636,-0.1396,0.0,1.0
KPGPPPRPRPPHIPPKPRPRP,DBAASPS_3028,PRPPHPPRPPHPPRPPHPRL,lead_opt_motif,7.9301,17,21;1993.59;6.0883;0.3333;0.2899;-2.1;0.0476;18.5714;0.067;0.0;0.6119;1.2914;0.5105;2.4592;0.1738;0.5714;0.0689;0.0945;0.1914;1.0,0.9219,0.0689,0.0945,0.1914,1.0,0.2814,21,1993.59,6.0883,0.3333,0.2899,-2.1,0.0476,18.5714,0.067,0.0,0.6119,1.2914,0.5105,2.4592,0.1738,0.5714,1.0
KWKSFIKKLTTKALHSAKKLTTGLPAL,DBAASPS_270,KWKSFLKTFKSLKKTVLHTLLKAISS,lead_opt_contiguous,7.9242,20,27;2524.26;7.0869;0.2963;0.2625;-0.2259;0.4074;97.7778;0.2955;0.0741;1.0552;0.8985;0.3241;2.582;-0.0537;0.3333;0.0924;0.121;0.24;1.0,0.9215,0.0924,0.121,0.24,1.0,0.6296,27,2524.26,7.0869,0.2963,0.2625,-0.2259,0.4074,97.7778,0.2955,0.0741,1.0552,0.8985,0.3241,2.582,-0.0537,0.3333,1.0
GLPVGRGYNGRNKKVCSTPR,DBAASPS_2111,GNNRPVYLPQPRPPHPRI,lead_opt_random,7.9193,19,20;1799.185;4.9346;0.25;0.2467;-1.06;0.15;48.5;0.1323;0.05;0.7895;1.185;0.3835;2.6028;0.0775;0.0;0.0408;0.0163;0.0;1.0,0.9213,0.0408,0.0163,0.0,1.0,0.246,20,1799.185,4.9346,0.25,0.2467,-1.06,0.15,48.5,0.1323,0.05,0.7895,1.185,0.3835,2.6028,0.0775,0.0,1.0
RGYPRPPPVRPPRPPRPP,DBAASPS_3028,PRPPHPPRPPHPPRPPHPRL,lead_opt_random,7.9125,14,18;1765.255;4.9971;0.2778;0.2776;-2.0;0.0556;16.1111;0.2015;0.0556;0.5817;1.2906;0.5028;2.2476;0.1811;1.0;0.0109;0.1093;0.3;1.0,0.9209,0.0109,0.1093,0.3,1.0,0.2778,18,1765.255,4.9971,0.2778,0.2776,-2.0,0.0556,16.1111,0.2015,0.0556,0.5817,1.2906,0.5028,2.2476,0.1811,1.0,1.0
RGRPPPRPPPPPRPPVRGGR,DBAASPS_3028,PRPPHPPRPPHPPRPPHPRL,lead_opt_random,7.9103,14,20;1836.335;5.998;0.3;0.2999;-2.0;0.05;14.5;0.2667;0.0;0.5935;1.316;0.5025;2.423;0.1965;1.0;0.012;0.1098;0.3;1.0,0.9208,0.012,0.1098,0.3,1.0,0.2833,20,1836.335,5.998,0.3,0.2999,-2.0,0.05,14.5,0.2667,0.0,0.5935,1.316,0.5025,2.423,0.1965,1.0,1.0
GPPRPPRPPIPRPPRPPR,DBAASPS_3028,PRPPHPPRPPHPPRPPHPRL,lead_opt_motif,7.91,15,18;1713.225;4.998;0.2778;0.2777;-2.0;0.0556;21.6667;0.3117;0.0;0.5633;1.31;0.5206;2.2788;0.1778;1.0;0.0121;0.1099;0.3;1.0,0.9208,0.0121,0.1099,0.3,1.0,0.2183,18,1713.225,4.998,0.2778,0.2777,-2.0,0.0556,21.6667,0.3117,0.0,0.5633,1.31,0.5206,2.2788,0.1778,1.0,1.0
RGGPPPPPIPPRPPRPRPPR,DBAASPS_3028,PRPPHPPRPPHPPRPPHPRL,lead_opt_motif,7.9075,13,20;1831.365;4.998;0.25;0.2499;-1.9;0.05;19.5;0.1735;0.0;0.5525;1.337;0.5185;2.3884;0.1525;1.0;0.0134;0.1104;0.3;1.0,0.9207,0.0134,0.1104,0.3,1.0,0.2258,20,1831.365,4.998,0.25,0.2499,-1.9,0.05,19.5,0.1735,0.0,0.5525,1.337,0.5185,2.3884,0.1525,1.0,1.0
GRPRPIPRPPNPRPPIPRPPR,DBAASPS_3028,PRPPHPPRPPHPPRPPHPRL,lead_opt_motif,7.9046,13,21;2042.63;5.998;0.2857;0.2856;-1.881;0.0952;37.1429;0.2073;0.0;0.6114;1.2648;0.4971;2.368;0.1733;1.0;0.0025;0.113;0.32;1.0,0.9205,0.0025,0.113,0.32,1.0,0.2345,21,2042.63,5.998,0.2857,0.2856,-1.881,0.0952,37.1429,0.2073,0.0,0.6114,1.2648,0.4971,2.368,0.1733,1.0,1.0
GFGAMLKNLGKAGLGVLKKLAGAS,DBAASPR_1546,GLWSTIKNVGKEAAIAAGKAALGAL,lead_opt_random,7.8945,18,24;1869.445;3.9968;0.1667;0.1665;0.5333;0.5;110.0;0.2879;0.0417;1.0362;0.9883;0.3171;2.7354;-0.1725;0.0;0.004;0.0296;0.08;1.0,0.92,0.004,0.0296,0.08,1.0,0.3783,24,1869.445,3.9968,0.1667,0.1665,0.5333,0.5,110.0,0.2879,0.0417,1.0362,0.9883,0.3171,2.7354,-0.1725,0.0,1.0
RGGRFVAVKKFCRKVC,DBAASPS_3078,VRRFGWWWGFLRR,lead_opt_random,7.8944,15,16;1566.065;5.8732;0.375;0.3671;-0.0625;0.375;60.625;0.2262;0.125;0.9831;0.9275;0.2906;2.2369;0.0319;0.0;0.6089;0.2435;0.0;1.0,0.92,0.6089,0.2435,0.0,1.0,0.3333,16,1566.065,5.8732,0.375,0.3671,-0.0625,0.375,60.625,0.2262,0.125,0.9831,0.9275,0.2906,2.2369,0.0319,0.0,1.0
KWKSFIKKLTSKLKKFLTKLTS,DBAASPS_270,KWKSFLKTFKSLKKTVLHTLLKAISS,lead_opt_contiguous,7.8923,16,22;2257.955;7.9957;0.3636;0.3634;-0.5136;0.3636;88.6364;0.3799;0.1364;1.0609;0.8927;0.3214;2.6333;-0.0327;0.2727;0.3329;0.1758;0.1218;1.0,0.9199,0.3329,0.1758,0.1218,1.0,0.5862,22,2257.955,7.9957,0.3636,0.3634,-0.5136,0.3636,88.6364,0.3799,0.1364,1.0609,0.8927,0.3214,2.6333,-0.0327,0.2727,1.0
IKWKLFKKIGAVLK,DBAASPS_3365,LNWKAILKHIIK,lead_opt_motif,7.8846,11,14;1419.945;4.9965;0.3571;0.3569;0.3286;0.5714;139.2857;0.3163;0.1429;1.1171;0.8193;0.2786;2.5286;-0.1557;0.0;0.7067;0.316;0.0952;1.0,0.9194,0.7067,0.316,0.0952,1.0,0.3571,14,1419.945,4.9965,0.3571,0.3569,0.3286,0.5714,139.2857,0.3163,0.1429,1.1171,0.8193,0.2786,2.5286,-0.1557,0.0,1.0
FNFGLRLFIHGVKKFLHGIKKG,DBAASPS_1001,FLGLLFHGVHHVGKWIHGLIHGHH,lead_opt_contiguous,7.874,16,22;2160.785;5.1786;0.3182;0.2354;0.1909;0.4545;101.8182;0.3967;0.1818;0.9959;0.9373;0.2882;2.9892;-0.1114;0.0;0.5945;0.2518;0.04;1.0,0.9189,0.5945,0.2518,0.04,1.0,0.3093,22,2160.785,5.1786,0.3182,0.2354,0.1909,0.4545,101.8182,0.3967,0.1818,0.9959,0.9373,0.2882,2.9892,-0.1114,0.0,1.0
VLKVLKHFIKHL,DBAASPS_3365,LNWKAILKHIIK,lead_opt_contiguous,7.8718,12,12;1258.705;3.1789;0.4167;0.2649;0.75;0.5833;178.3333;0.4643;0.0833;1.12;0.7308;0.2558;2.5974;-0.135;0.25;0.1521;0.126;0.1861;1.0,0.9188,0.1521,0.126,0.1861,1.0,0.4011,12,1258.705,3.1789,0.4167,0.2649,0.75,0.5833,178.3333,0.4643,0.0833,1.12,0.7308,0.2558,2.5974,-0.135,0.25,1.0
GLLDALKKIAKAFAKVGASIAKSVK,DBAASPR_1546,GLWSTIKNVGKEAAIAAGKAALGAL,lead_opt_contiguous,7.8711,19,25;2077.73;4.9967;0.24;0.1999;0.524;0.56;125.2;0.4043;0.04;1.1284;0.8468;0.304;2.635;-0.1364;0.12;0.0835;0.109;0.216;1.0,0.9187,0.0835,0.109,0.216,1.0,0.3733,25,2077.73,4.9967,0.24,0.1999,0.524,0.56,125.2,0.4043,0.04,1.1284,0.8468,0.304,2.635,-0.1364,0.12,1.0
GRGGPPPPPPIPRPPRPPHKPRGP,DBAASPS_3028,PRPPHPPRPPHPPRPPHPRL,lead_opt_motif,7.8673,16,24;2079.645;5.0886;0.25;0.212;-1.7917;0.0417;16.25;0.2903;0.0;0.5725;1.3562;0.5029;2.567;0.1183;0.625;0.0537;0.1151;0.2675;1.0,0.9185,0.0537,0.1151,0.2675,1.0,0.2778,24,2079.645,5.0886,0.25,0.212,-1.7917,0.0417,16.25,0.2903,0.0,0.5725,1.3562,0.5029,2.567,0.1183,0.625,1.0
SGIGSRGKGPKPKPKVTPFVR,DBAASPS_2111,GNNRPVYLPQPRPPHPRI,lead_opt_random,7.8578,20,21;1815.3;5.9968;0.2857;0.2856;-0.9143;0.1905;46.1905;0.131;0.0476;0.8038;1.1462;0.3986;2.7776;0.0471;0.2857;0.0067;0.0397;0.1057;1.0,0.918,0.0067,0.0397,0.1057,1.0,0.254,21,1815.3,5.9968,0.2857,0.2856,-0.9143,0.1905,46.1905,0.131,0.0476,0.8038,1.1462,0.3986,2.7776,0.0471,0.2857,1.0
FLPKIIKVVKKV,DBAASPS_3365,LNWKAILKHIIK,lead_opt_motif,7.8564,10,12;1195.685;3.9968;0.3333;0.3331;0.9167;0.5833;170.0;0.4837;0.0833;1.055;0.7658;0.2825;2.4292;-0.17;0.0;0.0041;0.0405;0.1111;1.0,0.9179,0.0041,0.0405,0.1111,1.0,0.4466,12,1195.685,3.9968,0.3333,0.3331,0.9167,0.5833,170.0,0.4837,0.0833,1.055,0.7658,0.2825,2.4292,-0.17,0.0,1.0
RIPRPRPPPPRPPHPRGPPPRP,DBAASPS_3028,PRPPHPPRPPHPPRPPHPRL,lead_opt_contiguous,7.8558,14,22;2128.735;6.0889;0.3182;0.2768;-2.1318;0.0455;17.7273;0.1493;0.0;0.5805;1.2964;0.5145;2.3502;0.2045;0.9545;0.0232;0.1235;0.3264;1.0,0.9179,0.0232,0.1235,0.3264,1.0,0.2839,22,2128.735,6.0889,0.3182,0.2768,-2.1318,0.0455,17.7273,0.1493,0.0,0.5805,1.2964,0.5145,2.3502,0.2045,0.9545,1.0
GGFRKIVVIVYRKHR,DBAASPS_3078,VRRFGWWWGFLRR,lead_opt_contiguous,7.8552,14,15;1558.01;5.0875;0.4;0.3392;-0.1467;0.4;110.0;0.3467;0.1333;0.9647;0.8853;0.2927;2.5547;0.0233;0.0;0.6287;0.2515;0.0;1.0,0.9179,0.6287,0.2515,0.0,1.0,0.2889,15,1558.01,5.0875,0.4,0.3392,-0.1467,0.4,110.0,0.3467,0.1333,0.9647,0.8853,0.2927,2.5547,0.0233,0.0,1.0
RGRPPPPPPPPRPPRPIPHPRG,DBAASPS_3028,PRPPHPPRPPHPPRPPHPRL,lead_opt_random,7.8539,14,22;2029.595;5.0889;0.2727;0.2313;-1.9455;0.0455;17.7273;0.2228;0.0;0.5632;1.3277;0.5123;2.3945;0.1614;1.0;0.0158;0.1253;0.34;1.0,0.9178,0.0158,0.1253,0.34,1.0,0.2273,22,2029.595,5.0889,0.2727,0.2313,-1.9455,0.0455,17.7273,0.2228,0.0,0.5632,1.3277,0.5123,2.3945,0.1614,1.0,1.0
GIGKFLGKAAKAVKKIAGIAAGLA,DBAASPR_1546,GLWSTIKNVGKEAAIAAGKAALGAL,lead_opt_motif,7.851,18,24;1821.425;4.9965;0.2083;0.2082;0.8;0.5833;122.5;0.3628;0.0417;1.1017;0.8808;0.295;2.6137;-0.17;0.0;0.0585;0.0903;0.1911;1.0,0.9177,0.0585,0.0903,0.1911,1.0,0.4691,24,1821.425,4.9965,0.2083,0.2082,0.8,0.5833,122.5,0.3628,0.0417,1.1017,0.8808,0.295,2.6137,-0.17,0.0,1.0
KPVRPPPRPPRPPPVRPPHGRP,DBAASPS_3028,PRPPHPPRPPHPPRPPHPRL,lead_opt_contiguous,7.8415,14,22;2088.695;6.0886;0.3182;0.2768;-1.8545;0.0909;26.3636;0.2517;0.0;0.6218;1.2541;0.4955;2.4058;0.1755;1.0;0.0221;0.1278;0.34;1.0,0.9171,0.0221,0.1278,0.34,1.0,0.2391,22,2088.695,6.0886,0.3182,0.2768,-1.8545,0.0909,26.3636,0.2517,0.0,0.6218,1.2541,0.4955,2.4058,0.1755,1.0,1.0
KWKLFKKILGIVK,DBAASPS_3365,LNWKAILKHIIK,lead_opt_contiguous,7.8387,12,13;1366.88;4.9965;0.3846;0.3843;0.2154;0.5385;142.3077;0.3691;0.1538;1.0938;0.8362;0.28;2.5062;-0.1531;0.0;0.7569;0.3207;0.0513;1.0,0.917,0.7569,0.3207,0.0513,1.0,0.5556,13,1366.88,4.9965,0.3846,0.3843,0.2154,0.5385,142.3077,0.3691,0.1538,1.0938,0.8362,0.28,2.5062,-0.1531,0.0,1.0
KWKSFIKKLTKAGLKVLKTVLTKKG,DBAASPS_173,KWKSFIKKLTKAAKKVVTTAKKPLIV,lead_opt_motif,7.8217,11,25;2394.18;8.9954;0.36;0.3598;-0.28;0.4;105.2;0.3735;0.08;1.0604;0.8988;0.3192;2.6505;-0.0556;0.12;0.7133;0.3329;0.136;1.0,0.9161,0.7133,0.3329,0.136,1.0,0.5897,25,2394.18,8.9954,0.36,0.3598,-0.28,0.4,105.2,0.3735,0.08,1.0604,0.8988,0.3192,2.6505,-0.0556,0.12,1.0
KWKSFIKKLAHVGKAVISKLTKKH,DBAASPS_173,KWKSFIKKLTKAAKKVVTTAKKPLIV,lead_opt_random,7.8167,14,24;2344.055;8.1775;0.4167;0.3407;-0.4083;0.4167;97.5;0.3212;0.0833;1.0821;0.8717;0.3088;2.6959;-0.0104;0.0;0.3968;0.1867;0.08;1.0,0.9158,0.3968,0.1867,0.08,1.0,0.4348,24,2344.055,8.1775,0.4167,0.3407,-0.4083,0.4167,97.5,0.3212,0.0833,1.0821,0.8717,0.3088,2.6959,-0.0104,0.0,1.0
KWKSFIKKLTSKAGKIAVKVVKKT,DBAASPS_173,KWKSFIKKLTKAAKKVVTTAKKPLIV,lead_opt_random,7.8066,13,24;2285.015;8.9954;0.375;0.3748;-0.3167;0.4167;93.3333;0.3542;0.0833;1.0754;0.8708;0.315;2.6749;-0.0238;0.0;0.6039;0.2696;0.08;1.0,0.9153,0.6039,0.2696,0.08,1.0,0.5694,24,2285.015,8.9954,0.375,0.3748,-0.3167,0.4167,93.3333,0.3542,0.0833,1.0754,0.8708,0.315,2.6749,-0.0238,0.0,1.0
ILKRIKSFIKIA,DBAASPS_3365,LNWKAILKHIIK,lead_opt_random,7.7893,11,12;1213.675;3.9971;0.3333;0.3331;0.7833;0.5833;170.8333;0.4174;0.0833;1.1067;0.74;0.27;2.3653;-0.1358;0.0;0.24;0.1349;0.1111;1.0,0.9144,0.24,0.1349,0.1111,1.0,0.4209,12,1213.675,3.9971,0.3333,0.3331,0.7833,0.5833,170.8333,0.4174,0.0833,1.1067,0.74,0.27,2.3653,-0.1358,0.0,1.0
GLFSILKKAAKFGAKIGAVAGHALK,DBAASPR_1546,GLWSTIKNVGKEAAIAAGKAALGAL,lead_opt_contiguous,7.7892,18,25;2046.68;5.0875;0.24;0.2035;0.636;0.56;113.6;0.308;0.08;1.0992;0.872;0.292;2.6428;-0.1452;0.0;0.0965;0.1016;0.18;1.0,0.9144,0.0965,0.1016,0.18,1.0,0.3827,25,2046.68,5.0875,0.24,0.2035,0.636,0.56,113.6,0.308,0.08,1.0992,0.872,0.292,2.6428,-0.1452,0.0,1.0
IIKEVLHGVKNVLKVYVKGIAHAVKG,DBAASPS_1140,GLLSVLGSVAKHVLGHVVGVIAEHL,lead_opt_motif,7.7834,21,26;2345.045;4.1793;0.2692;0.1607;0.5577;0.5;149.6154;0.3594;0.0385;1.0477;0.8423;0.2877;2.8717;-0.125;0.1154;0.2161;0.1406;0.1546;1.0,0.9141,0.2161,0.1406,0.1546,1.0,0.2692,26,2345.045,4.1793,0.2692,0.1607,0.5577,0.5,149.6154,0.3594,0.0385,1.0477,0.8423,0.2877,2.8717,-0.125,0.1154,1.0
VIGKILKFIKQI,DBAASPS_3365,LNWKAILKHIIK,lead_opt_contiguous,7.7759,11,12;1183.635;2.9971;0.25;0.2498;1.1;0.5833;186.6667;0.4701;0.0833;1.0733;0.7683;0.2567;2.576;-0.2275;0.0;0.0447;0.0568;0.1111;1.0,0.9137,0.0447,0.0568,0.1111,1.0,0.4872,12,1183.635,2.9971,0.25,0.2498,1.1,0.5833,186.6667,0.4701,0.0833,1.0733,0.7683,0.2567,2.576,-0.2275,0.0,1.0
GLFDIVKKVAGKLAKGIAGAVKKVL,DBAASPR_1546,GLWSTIKNVGKEAAIAAGKAALGAL,lead_opt_motif,7.7711,18,25;2073.77;4.9967;0.24;0.1999;0.748;0.56;140.4;0.3594;0.04;1.0836;0.8716;0.2952;2.8067;-0.1756;0.24;0.0613;0.1127;0.252;1.0,0.9134,0.0613,0.1127,0.252,1.0,0.4667,25,2073.77,4.9967,0.24,0.1999,0.748,0.56,140.4,0.3594,0.04,1.0836,0.8716,0.2952,2.8067,-0.1756,0.24,1.0
GIGKILHSAKKFLGIVAKVVNSIK,DBAASPS_1140,GLLSVLGSVAKHVLGHVVGVIAEHL,lead_opt_random,7.7659,20,24;2088.745;5.0875;0.25;0.212;0.65;0.5;142.0833;0.3386;0.0417;1.0254;0.8875;0.2917;2.6689;-0.1363;0.0;0.2709;0.1364;0.08;1.0,0.9131,0.2709,0.1364,0.08,1.0,0.4028,24,2088.745,5.0875,0.25,0.212,0.65,0.5,142.0833,0.3386,0.0417,1.0254,0.8875,0.2917,2.6689,-0.1363,0.0,1.0
ILKKILKFLGKL,DBAASPS_3365,LNWKAILKHIIK,lead_opt_random,7.7638,11,12;1197.705;3.9968;0.3333;0.3331;0.9167;0.5833;195.0;0.499;0.0833;1.1117;0.7983;0.2783;2.4851;-0.2333;0.25;0.0046;0.067;0.1861;1.0,0.913,0.0046,0.067,0.1861,1.0,0.5662,12,1197.705,3.9968,0.3333,0.3331,0.9167,0.5833,195.0,0.499,0.0833,1.1117,0.7983,0.2783,2.4851,-0.2333,0.25,1.0
SVGYKKFKRVVCFR,DBAASPS_3078,VRRFGWWWGFLRR,lead_opt_contiguous,7.7638,14,14;1464.895;4.9343;0.3571;0.3524;-0.1786;0.3571;62.1429;0.3385;0.2143;0.9679;0.9164;0.2907;2.4344;0.0143;0.0;0.6749;0.2699;0.0;1.0,0.913,0.6749,0.2699,0.0,1.0,0.2819,14,1464.895,4.9343,0.3571,0.3524,-0.1786,0.3571,62.1429,0.3385,0.2143,0.9679,0.9164,0.2907,2.4344,0.0143,0.0,1.0
GLFDTLKKVAGKALKAALNVVTGAG,DBAASPR_1546,GLWSTIKNVGKEAAIAAGKAALGAL,lead_opt_random,7.7622,15,25;1992.52;2.9973;0.16;0.1199;0.56;0.52;117.2;0.331;0.04;1.0604;0.92;0.31;2.808;-0.156;0.0;0.0421;0.0612;0.1267;1.0,0.9129,0.0421,0.0612,0.1267,1.0,0.3669,25,1992.52,2.9973,0.16,0.1199,0.56,0.52,117.2,0.331,0.04,1.0604,0.92,0.31,2.808,-0.156,0.0,1.0
GSRPPVGRPPIRPFGRPV,DBAASPS_2111,GNNRPVYLPQPRPPHPRI,lead_opt_random,7.7587,12,18;1618.055;3.998;0.2222;0.2221;-0.7722;0.2222;53.8889;0.3316;0.0556;0.7028;1.1744;0.4178;2.4499;0.0539;0.3333;0.0098;0.0389;0.1;1.0,0.9127,0.0098,0.0389,0.1,1.0,0.2407,18,1618.055,3.998,0.2222,0.2221,-0.7722,0.2222,53.8889,0.3316,0.0556,0.7028,1.1744,0.4178,2.4499,0.0539,0.3333,1.0
VVHGFKKVRVFVCK,DBAASPS_3078,VRRFGWWWGFLRR,lead_opt_random,7.757,13,14;1393.845;4.0261;0.3571;0.2876;0.6643;0.5;103.5714;0.2708;0.1429;1.0186;0.8186;0.255;2.5051;-0.065;0.0;0.4763;0.1905;0.0;1.0,0.9127,0.4763,0.1905,0.0,1.0,0.2758,14,1393.845,4.0261,0.3571,0.2876,0.6643,0.5,103.5714,0.2708,0.1429,1.0186,0.8186,0.255,2.5051,-0.065,0.0,1.0
KLKWKLFKKLTKKVLGAVVGKVKC,DBAASPS_173,KWKSFIKKLTKAAKKVVTTAKKPLIV,lead_opt_contiguous,7.7511,22,24;2311.155;8.9334;0.375;0.3722;0.0667;0.4583;117.5;0.3064;0.0833;1.0758;0.8767;0.2992;2.5244;-0.0892;0.0;0.4804;0.2202;0.08;1.0,0.9123,0.4804,0.2202,0.08,1.0,0.2639,24,2311.155,8.9334,0.375,0.3722,0.0667,0.4583,117.5,0.3064,0.0833,1.0758,0.8767,0.2992,2.5244,-0.0892,0.0,1.0
KTLKKFAKKIGKLAKKFIGAIMRI,DBAASPS_173,KWKSFIKKLTKAAKKVVTTAKKPLIV,lead_opt_motif,7.7484,22,24;2300.165;8.9957;0.375;0.3748;0.0542;0.5;110.0;0.4674;0.0833;1.1212;0.8304;0.3033;2.7188;-0.0808;0.25;0.4356;0.2285;0.155;1.0,0.9122,0.4356,0.2285,0.155,1.0,0.3649,24,2300.165,8.9957,0.375,0.3748,0.0542,0.5,110.0,0.4674,0.0833,1.1212,0.8304,0.3033,2.7188,-0.0808,0.25,1.0
GIFDTLKKAGKAAGKAFVGAALKSL,DBAASPR_1546,GLWSTIKNVGKEAAIAAGKAALGAL,lead_opt_random,7.7469,14,25;2012.57;3.997;0.2;0.1599;0.416;0.52;98.0;0.308;0.08;1.0896;0.912;0.3092;2.8591;-0.1432;0.24;0.0054;0.0717;0.1987;1.0,0.9121,0.0054,0.0717,0.1987,1.0,0.4025,25,2012.57,3.997,0.2,0.1599,0.416,0.52,98.0,0.308,0.08,1.0896,0.912,0.3092,2.8591,-0.1432,0.24,1.0
KILGKILHAGKHVLGEIIHAIKHQ,DBAASPS_1140,GLLSVLGSVAKHVLGHVVGVIAEHL,lead_opt_random,7.7454,18,24;2221.865;3.3622;0.3333;0.1401;0.2125;0.4583;150.4167;0.298;0.0;1.0792;0.8375;0.2904;2.8894;-0.0946;0.125;0.3087;0.1646;0.1175;1.0,0.912,0.3087,0.1646,0.1175,1.0,0.3011,24,2221.865,3.3622,0.3333,0.1401,0.2125,0.4583,150.4167,0.298,0.0,1.0792,0.8375,0.2904,2.8894,-0.0946,0.125,1.0
RGRPPPPVPPIPPRPRPPPRP,DBAASPS_3028,PRPPHPPRPPHPPRPPHPRL,lead_opt_contiguous,7.7413,11,21;1952.55;4.998;0.2381;0.238;-1.6667;0.0952;32.381;0.1806;0.0;0.5657;1.2914;0.5105;2.2904;0.1319;0.8571;0.0104;0.1012;0.2771;1.0,0.9118,0.0104,0.1012,0.2771,1.0,0.2298,21,1952.55,4.998,0.2381,0.238,-1.6667,0.0952,32.381,0.1806,0.0,0.5657,1.2914,0.5105,2.2904,0.1319,0.8571,1.0
GLFDIIKKAAKIGAVGKAVLGAGKQ,DBAASPR_1546,GLWSTIKNVGKEAAIAAGKAALGAL,lead_opt_random,7.7349,18,25;2003.6;3.997;0.2;0.1599;0.512;0.52;121.2;0.2804;0.04;1.0712;0.9152;0.3044;2.8367;-0.1624;0.0;0.0559;0.0667;0.1267;1.0,0.9115,0.0559,0.0667,0.1267,1.0,0.371,25,2003.6,3.997,0.2,0.1599,0.512,0.52,121.2,0.2804,0.04,1.0712,0.9152,0.3044,2.8367,-0.1624,0.0,1.0
MLSGIKSMGKIAAKVGAGIIKASVK,DBAASPR_1546,GLWSTIKNVGKEAAIAAGKAALGAL,lead_opt_motif,7.7261,21,25;2008.71;4.9965;0.2;0.1999;0.708;0.52;117.2;0.2992;0.0;1.0648;0.8948;0.3004;2.6168;-0.1476;0.0;0.0098;0.0483;0.1267;1.0,0.911,0.0098,0.0483,0.1267,1.0,0.2731,25,2008.71,4.9965,0.2,0.1999,0.708,0.52,117.2,0.2992,0.0,1.0648,0.8948,0.3004,2.6168,-0.1476,0.0,1.0
LKRIKVFLKIL,DBAASPS_3365,LNWKAILKHIIK,lead_opt_contiguous,7.7252,10,11;1172.66;3.9971;0.3636;0.3634;1.0182;0.6364;203.6364;0.3529;0.0909;1.1282;0.7082;0.2627;2.3114;-0.1836;0.0;0.0267;0.0743;0.1818;1.0,0.911,0.0267,0.0743,0.1818,1.0,0.4545,11,1172.66,3.9971,0.3636,0.3634,1.0182,0.6364,203.6364,0.3529,0.0909,1.1282,0.7082,0.2627,2.3114,-0.1836,0.0,1.0
ARSPPIGRPPRPPGRPHPR,DBAASPS_3028,PRPPHPPRPPHPPRPPHPRL,lead_opt_motif,7.7226,9,19;1756.2;5.0889;0.3158;0.2678;-1.7789;0.1053;25.7895;0.3537;0.0;0.6779;1.2337;0.47;2.4509;0.1863;0.3158;0.3847;0.1871;0.0947;1.0,0.9108,0.3847,0.1871,0.0947,1.0,0.2214,19,1756.2,5.0889,0.3158,0.2678,-1.7789,0.1053,25.7895,0.3537,0.0,0.6779,1.2337,0.47,2.4509,0.1863,0.3158,1.0
GIGKYLKVAAKAGLGVFAKKIANGI,DBAASPR_1546,GLWSTIKNVGKEAAIAAGKAALGAL,lead_opt_random,7.7213,21,25;2037.66;4.9957;0.2;0.1998;0.6;0.52;121.2;0.2607;0.08;1.0408;0.9256;0.2984;2.6904;-0.1608;0.0;0.0122;0.0492;0.1267;1.0,0.9108,0.0122,0.0492,0.1267,1.0,0.4133,25,2037.66,4.9957,0.2,0.1998,0.6,0.52,121.2,0.2607,0.08,1.0408,0.9256,0.2984,2.6904,-0.1608,0.0,1.0
KWKSFIKKLTKKALKTITKVTKGL,DBAASPS_173,KWKSFIKKLTKAAKKVVTTAKKPLIV,lead_opt_random,7.7169,10,24;2357.115;8.9954;0.375;0.3748;-0.45;0.375;97.5;0.4265;0.0833;1.0658;0.8821;0.3208;2.6831;-0.0296;0.0;0.5987;0.2675;0.08;1.0,0.9105,0.5987,0.2675,0.08,1.0,0.5556,24,2357.115,8.9954,0.375,0.3748,-0.45,0.375,97.5,0.4265,0.0833,1.0658,0.8821,0.3208,2.6831,-0.0296,0.0,1.0
GIGKFLKKAAKAGLGAIKSIMGAV,DBAASPR_1546,GLWSTIKNVGKEAAIAAGKAALGAL,lead_opt_random,7.7121,21,24;1897.545;4.9965;0.2083;0.2082;0.6958;0.5417;114.1667;0.3226;0.0417;1.0758;0.9071;0.2992;2.6696;-0.1658;0.0;0.0114;0.052;0.1356;1.0,0.9103,0.0114,0.052,0.1356,1.0,0.4028,24,1897.545,4.9965,0.2083,0.2082,0.6958,0.5417,114.1667,0.3226,0.0417,1.0758,0.9071,0.2992,2.6696,-0.1658,0.0,1.0
FGRRFVPFVFRVRG,DBAASPS_3078,VRRFGWWWGFLRR,lead_opt_random,7.7082,11,14;1487.895;3.998;0.2857;0.2856;0.2429;0.5;62.1429;0.4049;0.2857;0.9271;0.8929;0.2893;2.5315;-0.02;0.0;0.5514;0.2206;0.0;1.0,0.9101,0.5514,0.2206,0.0,1.0,0.3631,14,1487.895,3.998,0.2857,0.2856,0.2429,0.5,62.1429,0.4049,0.2857,0.9271,0.8929,0.2893,2.5315,-0.02,0.0,1.0
GIGKILKAAKKFGKAVVGIAGQLA,DBAASPR_1546,GLWSTIKNVGKEAAIAAGKAALGAL,lead_opt_motif,7.7036,19,24;1906.525;4.9965;0.2083;0.2082;0.6792;0.5417;126.25;0.3745;0.0417;1.0738;0.8925;0.2963;2.6818;-0.1629;0.0;0.0157;0.0537;0.1356;1.0,0.9098,0.0157,0.0537,0.1356,1.0,0.5,24,1906.525,4.9965,0.2083,0.2082,0.6792,0.5417,126.25,0.3745,0.0417,1.0738,0.8925,0.2963,2.6818,-0.1629,0.0,1.0
KWKSFIKKLTKKIAGIAKKIATTVK,DBAASPS_173,KWKSFIKKLTKAAKKVVTTAKKPLIV,lead_opt_contiguous,7.7029,15,25;2380.16;8.9954;0.36;0.3598;-0.204;0.44;101.6;0.3804;0.08;1.0932;0.8468;0.3084;2.6347;-0.0464;0.24;0.5996;0.3;0.172;1.0,0.9098,0.5996,0.3,0.172,1.0,0.5733,25,2380.16,8.9954,0.36,0.3598,-0.204,0.44,101.6,0.3804,0.08,1.0932,0.8468,0.3084,2.6347,-0.0464,0.24,1.0
KWKSFIKKLTTKALKHIASKITGALS,DBAASPS_270,KWKSFLKTFKSLKKTVLHTLLKAISS,lead_opt_contiguous,7.7013,19,26;2431.135;7.0869;0.3077;0.2726;-0.1231;0.4231;101.5385;0.3331;0.0769;1.0704;0.8758;0.3092;2.5993;-0.0531;0.0;0.2789;0.1536;0.12;1.0,0.9097,0.2789,0.1536,0.12,1.0,0.4872,26,2431.135,7.0869,0.3077,0.2726,-0.1231,0.4231,101.5385,0.3331,0.0769,1.0704,0.8758,0.3092,2.5993,-0.0531,0.0,1.0
GRPPPPPIPPIPRPPRPRPPR,DBAASPS_3028,PRPPHPPRPPHPPRPPHPRL,lead_opt_contiguous,7.6995,12,21;1966.58;4.998;0.2381;0.238;-1.6524;0.0952;37.1429;0.2704;0.0;0.5667;1.29;0.509;2.295;0.1229;1.0;0.0051;0.114;0.32;1.0,0.9096,0.0051,0.114,0.32,1.0,0.2655,21,1966.58,4.998,0.2381,0.238,-1.6524,0.0952,37.1429,0.2704,0.0,0.5667,1.29,0.509,2.295,0.1229,1.0,1.0
VVKVFKKVLKV,DBAASPS_3365,LNWKAILKHIIK,lead_opt_contiguous,7.686,12,11;1088.52;3.9968;0.3636;0.3633;1.0909;0.6364;167.2727;0.4977;0.0909;1.1164;0.7027;0.2591;2.5275;-0.15;0.0;0.0465;0.0823;0.1818;1.0,0.9089,0.0465,0.0823,0.1818,1.0,0.3657,11,1088.52,3.9968,0.3636,0.3633,1.0909,0.6364,167.2727,0.4977,0.0909,1.1164,0.7027,0.2591,2.5275,-0.15,0.0,1.0
FFKLALKGLKTAGKIGAVLGKPVTA,DBAASPR_1546,GLWSTIKNVGKEAAIAAGKAALGAL,lead_opt_motif,7.6836,22,25;2078.75;4.9965;0.2;0.1999;0.672;0.52;117.2;0.3123;0.08;1.0424;0.8992;0.3044;2.648;-0.1644;0.0;0.0312;0.0568;0.1267;1.0,0.9087,0.0312,0.0568,0.1267,1.0,0.3205,25,2078.75,4.9965,0.2,0.1999,0.672,0.52,117.2,0.3123,0.08,1.0424,0.8992,0.3044,2.648,-0.1644,0.0,1.0
RRGWVVFVGVKIKKYR,DBAASPS_3078,VRRFGWWWGFLRR,lead_opt_contiguous,7.6791,14,16;1703.205;5.9963;0.375;0.3748;-0.2563;0.4375;96.875;0.1277;0.1875;0.9806;0.8956;0.2919;2.5042;0.0006;0.0;0.7176;0.2871;0.0;1.0,0.9085,0.7176,0.2871,0.0,1.0,0.3075,16,1703.205,5.9963,0.375,0.3748,-0.2563,0.4375,96.875,0.1277,0.1875,0.9806,0.8956,0.2919,2.5042,0.0006,0.0,1.0
RRPPPPPPIPRPPHPRPPPPP,DBAASPS_3028,PRPPHPPRPPHPPRPPHPRL,lead_opt_contiguous,7.6784,11,21;1971.56;4.0889;0.2381;0.1947;-1.9381;0.0476;18.5714;0.1482;0.0;0.5229;1.3343;0.5343;2.3377;0.1429;1.0;0.0157;0.1183;0.32;1.0,0.9085,0.0157,0.1183,0.32,1.0,0.2919,21,1971.56,4.0889,0.2381,0.1947,-1.9381,0.0476,18.5714,0.1482,0.0,0.5229,1.3343,0.5343,2.3377,0.1429,1.0,1.0
GLLDVLKHILGVGKHILHAIKHK,DBAASPS_1140,GLLSVLGSVAKHVLGHVVGVIAEHL,lead_opt_contiguous,7.669,20,23;2125.77;3.3609;0.3478;0.1461;0.4174;0.4783;165.2174;0.3259;0.0;1.0517;0.8774;0.2878;2.8098;-0.127;0.2609;0.183;0.1216;0.1383;1.0,0.908,0.183,0.1216,0.1383,1.0,0.3337,23,2125.77,3.3609,0.3478,0.1461,0.4174,0.4783,165.2174,0.3259,0.0,1.0517,0.8774,0.2878,2.8098,-0.127,0.2609,1.0
KWKSFIKKLTKTAKKIANVVTTGLPAI,DBAASPS_270,KWKSFLKTFKSLKKTVLHTLLKAISS,lead_opt_random,7.6642,20,27;2499.24;6.996;0.2593;0.2591;0.0148;0.4444;104.8148;0.3969;0.0741;1.0385;0.8819;0.3144;2.6426;-0.0748;0.0;0.2854;0.1631;0.14;1.0,0.9077,0.2854,0.1631,0.14,1.0,0.4815,27,2499.24,6.996,0.2593,0.2591,0.0148,0.4444,104.8148,0.3969,0.0741,1.0385,0.8819,0.3144,2.6426,-0.0748,0.0,1.0
GIGAILKKFGKAGLGAIKVIATANK,DBAASPR_1546,GLWSTIKNVGKEAAIAAGKAALGAL,lead_opt_random,7.6642,19,25;1989.61;4.9965;0.2;0.1999;0.636;0.52;125.2;0.2975;0.04;1.0472;0.9172;0.3012;2.7021;-0.1584;0.12;0.0189;0.0645;0.1627;1.0,0.9077,0.0189,0.0645,0.1627,1.0,0.3467,25,1989.61,4.9965,0.2,0.1999,0.636,0.52,125.2,0.2975,0.04,1.0472,0.9172,0.3012,2.7021,-0.1584,0.12,1.0
GGIPVGPKPSRPKPKFPVRGP,DBAASPS_2111,GNNRPVYLPQPRPPHPRI,lead_opt_contiguous,7.6587,18,21;1790.31;4.9971;0.2381;0.238;-0.8857;0.1905;46.1905;0.2206;0.0476;0.721;1.211;0.4271;2.6719;0.0162;0.1429;0.0326;0.0351;0.0629;1.0,0.9074,0.0326,0.0351,0.0629,1.0,0.2063,21,1790.31,4.9971,0.2381,0.238,-0.8857,0.1905,46.1905,0.2206,0.0476,0.721,1.211,0.4271,2.6719,0.0162,0.1429,1.0
GLFDILKKAVGKAAKVGLGAAKQL,DBAASPR_1546,GLWSTIKNVGKEAAIAAGKAALGAL,lead_opt_contiguous,7.6506,18,24;1964.565;3.997;0.2083;0.1665;0.4917;0.5417;126.25;0.3057;0.0417;1.1029;0.895;0.3071;2.7914;-0.165;0.125;0.0698;0.0885;0.1731;1.0,0.907,0.0698,0.0885,0.1731,1.0,0.375,24,1964.565,3.997,0.2083,0.1665,0.4917,0.5417,126.25,0.3057,0.0417,1.1029,0.895,0.3071,2.7914,-0.165,0.125,1.0
KWKSFIKKLTSKLAKLLKKTVKVT,DBAASPS_173,KWKSFIKKLTKAAKKVVTTAKKPLIV,lead_opt_random,7.6506,14,24;2385.175;8.9954;0.375;0.3748;-0.2917;0.4167;109.5833;0.3942;0.0833;1.0892;0.8508;0.3158;2.5748;-0.0408;0.0;0.6827;0.3011;0.08;1.0,0.907,0.6827,0.3011,0.08,1.0,0.5556,24,2385.175,8.9954,0.375,0.3748,-0.2917,0.4167,109.5833,0.3942,0.0833,1.0892,0.8508,0.3158,2.5748,-0.0408,0.0,1.0
FLGTILTKLKTTAFGALKKIKGAIA,DBAASPR_1546,GLWSTIKNVGKEAAIAAGKAALGAL,lead_opt_motif,7.6411,21,25;2154.84;4.9965;0.2;0.1999;0.72;0.52;125.2;0.206;0.08;1.074;0.8472;0.29;2.6043;-0.1648;0.0;0.0527;0.0654;0.1267;1.0,0.9065,0.0527,0.0654,0.1267,1.0,0.2952,25,2154.84,4.9965,0.2,0.1999,0.72,0.52,125.2,0.206,0.08,1.074,0.8472,0.29,2.6043,-0.1648,0.0,1.0
KWKSFIKKLTTKAAKKIGAVLKVTK,DBAASPS_173,KWKSFIKKLTKAAKKVVTTAKKPLIV,lead_opt_contiguous,7.6355,13,25;2366.13;8.9954;0.36;0.3598;-0.244;0.44;97.6;0.3288;0.08;1.0976;0.8528;0.3128;2.6204;-0.0396;0.0;0.678;0.3062;0.1;1.0,0.9062,0.678,0.3062,0.1,1.0,0.48,25,2366.13,8.9954,0.36,0.3598,-0.244,0.44,97.6,0.3288,0.08,1.0976,0.8528,0.3128,2.6204,-0.0396,0.0,1.0
GIFDTLKKVAKAAAKAVLGTINQA,DBAASPR_1546,GLWSTIKNVGKEAAIAAGKAALGAL,lead_opt_motif,7.6333,16,24;1996.515;2.9973;0.1667;0.1249;0.4292;0.5417;114.1667;0.342;0.0417;1.1075;0.8567;0.3042;2.8186;-0.1317;0.125;0.0786;0.092;0.1731;1.0,0.9061,0.0786,0.092,0.1731,1.0,0.4444,24,1996.515,2.9973,0.1667,0.1249,0.4292,0.5417,114.1667,0.342,0.0417,1.1075,0.8567,0.3042,2.8186,-0.1317,0.125,1.0
GIGKLFKGIAKAAGKVLGVGKLALG,DBAASPR_1546,GLWSTIKNVGKEAAIAAGKAALGAL,lead_opt_contiguous,7.6309,19,25;1916.56;4.9965;0.2;0.1999;0.812;0.52;132.8;0.3147;0.04;1.0288;0.9532;0.3012;2.6678;-0.1936;0.12;0.0357;0.0712;0.1627;1.0,0.9059,0.0357,0.0712,0.1627,1.0,0.3465,25,1916.56,4.9965,0.2,0.1999,0.812,0.52,132.8,0.3147,0.04,1.0288,0.9532,0.3012,2.6678,-0.1936,0.12,1.0
KWKSFIKKLTSKLKELTKKFLTTGISA,DBAASPS_270,KWKSFLKTFKSLKKTVLHTLLKAISS,lead_opt_contiguous,7.6281,17,27;2639.39;6.9975;0.2963;0.2592;-0.3556;0.3704;90.3704;0.3329;0.1111;1.0648;0.8833;0.3222;2.812;-0.0556;0.0;0.4551;0.231;0.14;1.0,0.9058,0.4551,0.231,0.14,1.0,0.5309,27,2639.39,6.9975,0.2963,0.2592,-0.3556,0.3704,90.3704,0.3329,0.1111,1.0648,0.8833,0.3222,2.812,-0.0556,0.0,1.0
KWKLFKKLTKAALGHIIKKLTGKH,DBAASPS_270,KWKSFLKTFKSLKKTVLHTLLKAISS,lead_opt_motif,7.6252,19,24;2356.105;8.1775;0.4167;0.3407;-0.4208;0.4167;105.8333;0.2988;0.0833;1.0888;0.885;0.3108;2.7149;-0.04;0.25;0.2958;0.1726;0.155;1.0,0.9056,0.2958,0.1726,0.155,1.0,0.3515,24,2356.105,8.1775,0.4167,0.3407,-0.4208,0.4167,105.8333,0.2988,0.0833,1.0888,0.885,0.3108,2.7149,-0.04,0.25,1.0
GLIDTLKKFAKAALKIAGKIAQGI,DBAASPR_1546,GLWSTIKNVGKEAAIAAGKAALGAL,lead_opt_random,7.6205,14,24;2036.675;3.997;0.2083;0.1665;0.5333;0.5417;134.5833;0.3947;0.0417;1.11;0.8592;0.2992;2.7553;-0.1696;0.125;0.085;0.0946;0.1731;1.0,0.9054,0.085,0.0946,0.1731,1.0,0.4059,24,2036.675,3.997,0.2083,0.1665,0.5333,0.5417,134.5833,0.3947,0.0417,1.11,0.8592,0.2992,2.7553,-0.1696,0.125,1.0
KWKSFIKKLTSKLKKIAKTVLTGAK,DBAASPS_173,KWKSFIKKLTKAAKKVVTTAKKPLIV,lead_opt_contiguous,7.6193,13,25;2396.16;8.9954;0.36;0.3598;-0.364;0.4;97.6;0.3888;0.08;1.0776;0.8816;0.3204;2.614;-0.0352;0.0;0.6862;0.3095;0.1;1.0,0.9053,0.6862,0.3095,0.1,1.0,0.5585,25,2396.16,8.9954,0.36,0.3598,-0.364,0.4,97.6,0.3888,0.08,1.0776,0.8816,0.3204,2.614,-0.0352,0.0,1.0
GLFDVVKKVLGAAAKGVLTAGKKIKQ,DBAASPR_1546,GLWSTIKNVGKEAAIAAGKAALGAL,lead_opt_contiguous,7.6099,19,26;2171.825;4.9967;0.2308;0.1922;0.3846;0.5;120.0;0.3035;0.0385;1.075;0.8946;0.3081;2.8253;-0.1338;0.0;0.0726;0.071;0.12;1.0,0.9048,0.0726,0.071,0.12,1.0,0.3462,26,2171.825,4.9967,0.2308,0.1922,0.3846,0.5,120.0,0.3035,0.0385,1.075,0.8946,0.3081,2.8253,-0.1338,0.0,1.0
GLLDTLKKAGKAFVGLVANKLKC,DBAASPR_1546,GLWSTIKNVGKEAAIAAGKAALGAL,lead_opt_random,7.6089,19,23;1973.58;3.935;0.2174;0.1711;0.4217;0.4783;123.0435;0.295;0.0435;1.0557;0.9343;0.3087;2.683;-0.1522;0.0;0.0091;0.0246;0.06;1.0,0.9048,0.0091,0.0246,0.06,1.0,0.4493,23,1973.58,3.935,0.2174,0.1711,0.4217,0.4783,123.0435,0.295,0.0435,1.0557,0.9343,0.3087,2.683,-0.1522,0.0,1.0
RAGRSGLRGPPPIPPRPPPRP,DBAASPS_3028,PRPPHPPRPPHPPRPPHPRL,lead_opt_random,7.6029,16,21;1850.36;4.998;0.2381;0.238;-1.3714;0.1429;41.9048;0.3001;0.0;0.6667;1.2495;0.4681;2.3554;0.1076;0.4286;0.008;0.0552;0.1486;1.0,0.9045,0.008,0.0552,0.1486,1.0,0.3021,21,1850.36,4.998,0.2381,0.238,-1.3714,0.1429,41.9048,0.3001,0.0,0.6667,1.2495,0.4681,2.3554,0.1076,0.4286,1.0
GRRFGRLFGRWVIRFK,DBAASPS_3078,VRRFGWWWGFLRR,lead_opt_random,7.6013,11,16;1763.245;5.9977;0.375;0.3749;-0.475;0.4375;66.875;0.5492;0.25;0.965;0.9375;0.2981;2.5142;0.03;0.1875;0.6718;0.2884;0.0562;1.0,0.9044,0.6718,0.2884,0.0562,1.0,0.2534,16,1763.245,5.9977,0.375,0.3749,-0.475,0.4375,66.875,0.5492,0.25,0.965,0.9375,0.2981,2.5142,0.03,0.1875,1.0
ALGLFKIGKPVIKVGAGIIKQLVKG,DBAASPS_1140,GLLSVLGSVAKHVLGHVVGVIAEHL,lead_opt_random,7.5975,23,25;2097.84;4.9965;0.2;0.1999;0.872;0.52;152.0;0.3423;0.04;1.008;0.908;0.296;2.6568;-0.1992;0.0;0.0747;0.0742;0.1267;1.0,0.9042,0.0747,0.0742,0.1267,1.0,0.2231,25,2097.84,4.9965,0.2,0.1999,0.872,0.52,152.0,0.3423,0.04,1.008,0.908,0.296,2.6568,-0.1992,0.0,1.0
VKVKVFKVKVLG,DBAASPS_3365,LNWKAILKHIIK,lead_opt_contiguous,7.5863,11,12;1127.555;3.9968;0.3333;0.3331;0.9667;0.5833;153.3333;0.0417;0.0833;1.0708;0.7808;0.2708;2.5646;-0.1492;0.75;0.0018;0.1184;0.3361;1.0,0.9036,0.0018,0.1184,0.3361,1.0,0.3889,12,1127.555,3.9968,0.3333,0.3331,0.9667,0.5833,153.3333,0.0417,0.0833,1.0708,0.7808,0.2708,2.5646,-0.1492,0.75,1.0
GIADTLKSFAKKAAKIGAVLGKTL,DBAASPR_1546,GLWSTIKNVGKEAAIAAGKAALGAL,lead_opt_motif,7.5832,19,24;1969.535;3.997;0.2083;0.1665;0.4167;0.5;114.1667;0.3399;0.0417;1.0846;0.8912;0.31;2.7587;-0.135;0.0;0.0097;0.0319;0.08;1.0,0.9034,0.0097,0.0319,0.08,1.0,0.3818,24,1969.535,3.997,0.2083,0.1665,0.4167,0.5,114.1667,0.3399,0.0417,1.0846,0.8912,0.31,2.7587,-0.135,0.0,1.0
GIGKFIHRFGGLFKHIHGIKHHIA,DBAASPS_1001,FLGLLFHGVHHVGKWIHGLIHGHH,lead_opt_random,7.5828,17,24;2288.885;4.4517;0.375;0.1855;0.0958;0.4167;101.6667;0.3283;0.125;0.9875;0.9279;0.2775;3.0118;-0.0629;0.0;0.717;0.3148;0.08;1.0,0.9034,0.717,0.3148,0.08,1.0,0.3611,24,2288.885,4.4517,0.375,0.1855,0.0958,0.4167,101.6667,0.3283,0.125,0.9875,0.9279,0.2775,3.0118,-0.0629,0.0,1.0
GFWDIAKKAAGRIAKAVGGALKQVA,DBAASPR_1546,GLWSTIKNVGKEAAIAAGKAALGAL,lead_opt_contiguous,7.582,18,25;2076.62;3.9973;0.2;0.1599;0.28;0.56;98.0;0.3654;0.08;1.1052;0.8912;0.3004;2.7505;-0.122;0.12;0.078;0.1068;0.216;1.0,0.9033,0.078,0.1068,0.216,1.0,0.3733,25,2076.62,3.9973,0.2,0.1599,0.28,0.56,98.0,0.3654,0.08,1.1052,0.8912,0.3004,2.7505,-0.122,0.12,1.0
KWKSFIKKLTSKLKNFIQALIKKH,DBAASPS_270,KWKSFLKTFKSLKKTVLHTLLKAISS,lead_opt_contiguous,7.5774,16,24;2496.255;8.0866;0.375;0.3369;-0.5125;0.4167;101.6667;0.3609;0.125;1.0858;0.8721;0.3113;2.7531;-0.0375;0.125;0.4946;0.239;0.1175;1.0,0.9031,0.4946,0.239,0.1175,1.0,0.4872,24,2496.255,8.0866,0.375,0.3369,-0.5125,0.4167,101.6667,0.3609,0.125,1.0858,0.8721,0.3113,2.7531,-0.0375,0.125,1.0
IIGKILKAIKHGVSAIKVHVGSHL,DBAASPS_1140,GLLSVLGSVAKHVLGHVVGVIAEHL,lead_opt_motif,7.5748,21,24;2086.735;4.2696;0.2917;0.1779;0.7625;0.5;158.3333;0.2836;0.0;1.0304;0.8542;0.2779;2.6739;-0.1233;0.125;0.3444;0.1789;0.1175;1.0,0.903,0.3444,0.1789,0.1175,1.0,0.3056,24,2086.735,4.2696,0.2917,0.1779,0.7625,0.5,158.3333,0.2836,0.0,1.0304,0.8542,0.2779,2.6739,-0.1233,0.125,1.0
KWKSFIKKLTNKAAKVVKKVTTSK,DBAASPS_173,KWKSFIKKLTKAAKKVVTTAKKPLIV,lead_opt_random,7.5716,12,24;2330.005;8.9954;0.375;0.3748;-0.6625;0.375;77.0833;0.3867;0.0833;1.0692;0.8879;0.3288;2.7262;0.0213;0.0;0.6721;0.2968;0.08;1.0,0.9028,0.6721,0.2968,0.08,1.0,0.5417,24,2330.005,8.9954,0.375,0.3748,-0.6625,0.375,77.0833,0.3867,0.0833,1.0692,0.8879,0.3288,2.7262,0.0213,0.0,1.0
GILDVIKKVAHSVKKLVGHLVGAH,DBAASPS_1140,GLLSVLGSVAKHVLGHVVGVIAEHL,lead_opt_contiguous,7.571,17,24;2086.685;3.27;0.2917;0.1363;0.5958;0.5;150.0;0.3673;0.0;1.0442;0.8712;0.2879;2.7672;-0.12;0.125;0.3968;0.1998;0.1175;1.0,0.9028,0.3968,0.1998,0.1175,1.0,0.3611,24,2086.685,3.27,0.2917,0.1363,0.5958,0.5,150.0,0.3673,0.0,1.0442,0.8712,0.2879,2.7672,-0.12,0.125,1.0
FVKRVRKFVGKVL,DBAASPS_3365,LNWKAILKHIIK,lead_opt_motif,7.5699,13,13;1341.8;4.9971;0.3846;0.3844;0.3923;0.5385;119.2308;0.4718;0.1538;1.0508;0.7969;0.2808;2.5422;-0.0492;0.0;0.7412;0.3144;0.0513;1.0,0.9027,0.7412,0.3144,0.0513,1.0,0.4103,13,1341.8,4.9971,0.3846,0.3844,0.3923,0.5385,119.2308,0.4718,0.1538,1.0508,0.7969,0.2808,2.5422,-0.0492,0.0,1.0
GIGKFLHAAKKAGIIAGKIMGAI,DBAASPR_1546,GLWSTIKNVGKEAAIAAGKAALGAL,lead_opt_contiguous,7.5671,21,23;1851.48;4.0877;0.2174;0.1777;0.8348;0.5652;123.4783;0.2355;0.0435;1.0774;0.8839;0.2835;2.714;-0.1804;0.0;0.0776;0.0825;0.147;1.0,0.9026,0.0776,0.0825,0.147,1.0,0.4493,23,1851.48,4.0877,0.2174,0.1777,0.8348,0.5652,123.4783,0.2355,0.0435,1.0774,0.8839,0.2835,2.714,-0.1804,0.0,1.0
KVVPFVKVYRKKVC,DBAASPS_3078,VRRFGWWWGFLRR,lead_opt_motif,7.5663,14,14;1440.945;4.934;0.3571;0.3524;0.2357;0.4286;103.5714;0.2668;0.1429;0.9821;0.8529;0.2907;2.2841;-0.0393;0.0;0.7746;0.3098;0.0;1.0,0.9025,0.7746,0.3098,0.0,1.0,0.3032,14,1440.945,4.934,0.3571,0.3524,0.2357,0.4286,103.5714,0.2668,0.1429,0.9821,0.8529,0.2907,2.2841,-0.0393,0.0,1.0
GFGDTLKLAKKAAGVLLKAKLGTAG,DBAASPR_1546,GLWSTIKNVGKEAAIAAGKAALGAL,lead_opt_contiguous,7.5644,19,25;1978.54;3.997;0.2;0.1599;0.344;0.48;109.6;0.2111;0.04;1.0664;0.9472;0.32;2.8088;-0.1476;0.0;0.0069;0.0377;0.1;1.0,0.9024,0.0069,0.0377,0.1,1.0,0.3865,25,1978.54,3.997,0.2,0.1599,0.344,0.48,109.6,0.2111,0.04,1.0664,0.9472,0.32,2.8088,-0.1476,0.0,1.0
VVKYKVFKVRGKWVC,DBAASPS_3078,VRRFGWWWGFLRR,lead_opt_random,7.5637,14,15;1569.07;4.934;0.3333;0.3289;0.24;0.4667;96.6667;0.1391;0.2;1.004;0.868;0.2647;2.3907;-0.072;0.0;0.7759;0.3104;0.0;1.0,0.9024,0.7759,0.3104,0.0,1.0,0.3053,15,1569.07,4.934,0.3333,0.3289,0.24,0.4667,96.6667,0.1391,0.2,1.004,0.868,0.2647,2.3907,-0.072,0.0,1.0
GLLDTLKKAAKVFVGEIMSAIKKKC,DBAASPR_1546,GLWSTIKNVGKEAAIAAGKAALGAL,lead_opt_contiguous,7.5603,19,25;2241.97;3.9365;0.24;0.1575;0.348;0.48;113.2;0.3036;0.04;1.1068;0.8572;0.3044;2.8366;-0.1364;0.0;0.009;0.0386;0.1;1.0,0.9022,0.009,0.0386,0.1,1.0,0.3976,25,2241.97,3.9365,0.24,0.1575,0.348,0.48,113.2,0.3036,0.04,1.1068,0.8572,0.3044,2.8366,-0.1364,0.0,1.0
GIFGKILKGAKAFVGKIAGEIKQ,DBAASPR_1546,GLWSTIKNVGKEAAIAAGKAALGAL,lead_opt_motif,7.5579,22,23;1959.55;3.9983;0.2174;0.1738;0.3696;0.4783;110.4348;0.2866;0.087;1.06;0.9017;0.3026;2.9774;-0.1548;0.1304;0.0107;0.039;0.0991;1.0,0.9021,0.0107,0.039,0.0991,1.0,0.3698,23,1959.55,3.9983,0.2174,0.1738,0.3696,0.4783,110.4348,0.2866,0.087,1.06,0.9017,0.3026,2.9774,-0.1548,0.1304,1.0
FHLHLLHGTIPMGLIVHRLKIGA,DBAASPS_1140,GLLSVLGSVAKHVLGHVVGVIAEHL,lead_opt_motif,7.5561,21,23;2159.83;2.3613;0.2609;0.1027;0.8043;0.5217;152.6087;0.1028;0.0435;1.0148;0.8617;0.2757;2.6223;-0.1522;0.0;0.0683;0.0585;0.089;1.0,0.902,0.0683,0.0585,0.089,1.0,0.2754,23,2159.83,2.3613,0.2609,0.1027,0.8043,0.5217,152.6087,0.1028,0.0435,1.0148,0.8617,0.2757,2.6223,-0.1522,0.0,1.0
FKKLFKKIGKIVTKVLTTGKKALTK,DBAASPS_270,KWKSFLKTFKSLKKTVLHTLLKAISS,lead_opt_motif,7.5548,21,25;2369.17;8.9954;0.36;0.3598;-0.1;0.4;105.2;0.4235;0.08;1.0596;0.8688;0.314;2.7527;-0.0596;0.12;0.5451;0.2656;0.136;1.0,0.9019,0.5451,0.2656,0.136,1.0,0.3287,25,2369.17,8.9954,0.36,0.3598,-0.1,0.4,105.2,0.4235,0.08,1.0596,0.8688,0.314,2.7527,-0.0596,0.12,1.0
KWKSFIKKLTKKLTKALKTLTGKLK,DBAASPS_270,KWKSFLKTFKSLKKTVLHTLLKAISS,lead_opt_contiguous,7.5542,17,25;2481.3;9.9951;0.4;0.3998;-0.632;0.36;97.6;0.4075;0.08;1.0808;0.8956;0.3312;2.6368;-0.0224;0.36;0.1475;0.1318;0.208;1.0,0.9019,0.1475,0.1318,0.208,1.0,0.5323,25,2481.3,9.9951,0.4,0.3998,-0.632,0.36,97.6,0.4075,0.08,1.0808,0.8956,0.3312,2.6368,-0.0224,0.36,1.0
GRPGPPGPRPPVPRPPIRPPR,DBAASPS_3028,PRPPHPPRPPHPPRPPHPRL,lead_opt_contiguous,7.5516,13,21;1872.41;4.998;0.2381;0.238;-1.5524;0.0952;32.381;0.2237;0.0;0.5876;1.3029;0.4914;2.4143;0.1195;0.5714;0.0075;0.07;0.1914;1.0,0.9017,0.0075,0.07,0.1914,1.0,0.2648,21,1872.41,4.998,0.2381,0.238,-1.5524,0.0952,32.381,0.2237,0.0,0.5876,1.3029,0.4914,2.4143,0.1195,0.5714,1.0
GSKPVPIPPRPPPPRPRPGRP,DBAASPS_3028,PRPPHPPRPPHPPRPPHPRL,lead_opt_motif,7.5513,14,21;1874.42;4.9977;0.2381;0.238;-1.5429;0.0952;32.381;0.1788;0.0;0.6071;1.2862;0.4914;2.3937;0.1119;0.5714;0.0077;0.0701;0.1914;1.0,0.9017,0.0077,0.0701,0.1914,1.0,0.2063,21,1874.42,4.9977,0.2381,0.238,-1.5429,0.0952,32.381,0.1788,0.0,0.6071,1.2862,0.4914,2.3937,0.1119,0.5714,1.0
GRGGRPVGRPPPLPPPPRRPP,DBAASPS_3028,PRPPHPPRPPHPPRPPHPRL,lead_opt_contiguous,7.5503,14,21;1832.34;4.998;0.2381;0.238;-1.5286;0.0952;32.381;0.2771;0.0;0.6048;1.3143;0.4857;2.4209;0.1124;0.5714;0.0082;0.0703;0.1914;1.0,0.9017,0.0082,0.0703,0.1914,1.0,0.2572,21,1832.34,4.998,0.2381,0.238,-1.5286,0.0952,32.381,0.2771,0.0,0.6048,1.3143,0.4857,2.4209,0.1124,0.5714,1.0
KWKSFIKKLTSKIAHVGKKIAGVLTTG,DBAASPS_270,KWKSFLKTFKSLKKTVLHTLLKAISS,lead_opt_random,7.5444,19,27;2454.16;7.0869;0.2963;0.2625;-0.0148;0.4074;101.1111;0.3385;0.0741;1.0256;0.9122;0.3067;2.685;-0.0667;0.1111;0.3253;0.1908;0.1733;1.0,0.9013,0.3253,0.1908,0.1733,1.0,0.5309,27,2454.16,7.0869,0.2963,0.2625,-0.0148,0.4074,101.1111,0.3385,0.0741,1.0256,0.9122,0.3067,2.685,-0.0667,0.1111,1.0
GIWSIIKGAKKAAGIGAVKGAVKLGAQ,DBAASPR_1546,GLWSTIKNVGKEAAIAAGKAALGAL,lead_opt_contiguous,7.5397,16,27;2106.72;4.9965;0.1852;0.1851;0.5148;0.5185;115.9259;0.2437;0.037;1.05;0.9307;0.2996;2.6167;-0.1478;0.3333;0.1704;0.1608;0.2647;1.0,0.9011,0.1704,0.1608,0.2647,1.0,0.3457,27,2106.72,4.9965,0.1852,0.1851,0.5148,0.5185,115.9259,0.2437,0.037,1.05,0.9307,0.2996,2.6167,-0.1478,0.3333,1.0
FKRLFKKLTKGAKKIATTVLKVK,DBAASPS_173,KWKSFIKKLTKAAKKVVTTAKKPLIV,lead_opt_motif,7.5394,20,23;2232.99;8.9957;0.3913;0.3911;-0.2043;0.4348;101.7391;0.4427;0.087;1.0965;0.8343;0.3148;2.6527;-0.027;0.0;0.5997;0.2609;0.06;1.0,0.9011,0.5997,0.2609,0.06,1.0,0.3188,23,2232.99,8.9957,0.3913,0.3911,-0.2043,0.4348,101.7391,0.4427,0.087,1.0965,0.8343,0.3148,2.6527,-0.027,0.0,1.0
GSPVGGRGPFPVPIPKKRS,DBAASPS_2111,GNNRPVYLPQPRPPHPRI,lead_opt_random,7.5374,15,19;1591.01;3.9974;0.2105;0.2104;-0.6474;0.2105;51.0526;0.0927;0.0526;0.7405;1.19;0.4063;2.6521;0.0058;0.0;0.0316;0.0126;0.0;1.0,0.901,0.0316,0.0126,0.0,1.0,0.2214,19,1591.01,3.9974,0.2105,0.2104,-0.6474,0.2105,51.0526,0.0927,0.0526,0.7405,1.19,0.4063,2.6521,0.0058,0.0,1.0
VGRWVRRFGKVWVKV,DBAASPS_3078,VRRFGWWWGFLRR,lead_opt_random,7.5368,12,15;1602.05;4.9974;0.3333;0.3332;-0.0067;0.5333;96.6667;0.5713;0.2;0.9933;0.878;0.2733;2.4745;-0.0293;0.0;0.9136;0.381;0.0444;1.0,0.9009,0.9136,0.381,0.0444,1.0,0.2889,15,1602.05,4.9974,0.3333,0.3332,-0.0067,0.5333,96.6667,0.5713,0.2,0.9933,0.878,0.2733,2.4745,-0.0293,0.0,1.0
KWKSFIKKLTSKLKTLIKKLTKSL,DBAASPS_173,KWKSFIKKLTKAAKKVVTTAKKPLIV,lead_opt_motif,7.5364,13,24;2429.235;8.9954;0.375;0.3748;-0.4042;0.375;113.75;0.3744;0.0833;1.0692;0.8796;0.3225;2.5784;-0.0442;0.375;0.469;0.255;0.1925;1.0,0.9009,0.469,0.255,0.1925,1.0,0.5556,24,2429.235,8.9954,0.375,0.3748,-0.4042,0.375,113.75,0.3744,0.0833,1.0692,0.8796,0.3225,2.5784,-0.0442,0.375,1.0
RIGGVFKRIHGFVHGFVHSIKKVH,DBAASPS_1001,FLGLLFHGVHHVGKWIHGLIHGHH,lead_opt_motif,7.5317,19,24;2323.925;5.3607;0.375;0.2234;0.1167;0.4167;97.0833;0.3205;0.125;0.9708;0.9054;0.2796;2.9309;-0.0237;0.375;0.522;0.2762;0.1925;1.0,0.9007,0.522,0.2762,0.1925,1.0,0.25,24,2323.925,5.3607,0.375,0.2234,0.1167,0.4167,97.0833,0.3205,0.125,0.9708,0.9054,0.2796,2.9309,-0.0237,0.375,1.0
KWKLFKKIGKVLKKLTGAVVTKLTK,DBAASPS_270,KWKSFLKTFKSLKKTVLHTLLKAISS,lead_opt_motif,7.5286,16,25;2406.23;8.9954;0.36;0.3598;-0.08;0.44;116.8;0.3732;0.08;1.072;0.8696;0.3092;2.6409;-0.0772;0.12;0.7098;0.3315;0.136;1.0,0.9005,0.7098,0.3315,0.136,1.0,0.5333,25,2406.23,8.9954,0.36,0.3598,-0.08,0.44,116.8,0.3732,0.08,1.072,0.8696,0.3092,2.6409,-0.0772,0.12,1.0
KWKSFIKKLTKKLMNTVLKQAHRLY,DBAASPS_270,KWKSFLKTFKSLKKTVLHTLLKAISS,lead_opt_motif,7.525,20,25;2653.45;8.086;0.36;0.3234;-0.64;0.4;93.6;0.4006;0.12;1.0812;0.8756;0.316;2.684;-0.0148;0.12;0.3581;0.1908;0.136;1.0,0.9003,0.3581,0.1908,0.136,1.0,0.4933,25,2653.45,8.086,0.36,0.3234,-0.64,0.4,93.6,0.4006,0.12,1.0812,0.8756,0.316,2.684,-0.0148,0.12,1.0
KWKSFIKKLTKTAKKFVLTVTTKL,DBAASPS_173,KWKSFIKKLTKAAKKVVTTAKKPLIV,lead_opt_random,7.5216,9,24;2406.145;7.9957;0.3333;0.3332;-0.1958;0.4167;93.3333;0.3728;0.125;1.0746;0.8379;0.3054;2.6614;-0.0479;0.0;0.8994;0.3878;0.08;1.0,0.9001,0.8994,0.3878,0.08,1.0,0.5256,24,2406.145,7.9957,0.3333,0.3332,-0.1958,0.4167,93.3333,0.3728,0.125,1.0746,0.8379,0.3054,2.6614,-0.0479,0.0,1.0
SGPVPPYPRPPRPPRPIRGRP,DBAASPS_3028,PRPPHPPRPPHPPRPPHPRL,lead_opt_motif,7.5172,16,21;1968.5;4.9971;0.2381;0.238;-1.5571;0.0952;32.381;0.2955;0.0476;0.6138;1.2652;0.4748;2.3291;0.1262;0.5714;0.0249;0.077;0.1914;1.0,0.8999,0.0249,0.077,0.1914,1.0,0.2179,21,1968.5,4.9971,0.2381,0.238,-1.5571,0.0952,32.381,0.2955,0.0476,0.6138,1.2652,0.4748,2.3291,0.1262,0.5714,1.0
GIGKFLHSAKKLAKAGIAGAVKALSGL,DBAASPR_1546,GLWSTIKNVGKEAAIAAGKAALGAL,lead_opt_contiguous,7.5108,23,27;2120.76;5.0875;0.2222;0.1884;0.5815;0.5185;119.6296;0.2874;0.037;1.0704;0.9133;0.3037;2.6214;-0.1393;0.0;0.0951;0.0957;0.1647;1.0,0.8996,0.0951,0.0957,0.1647,1.0,0.4568,27,2120.76,5.0875,0.2222,0.1884,0.5815,0.5185,119.6296,0.2874,0.037,1.0704,0.9133,0.3037,2.6214,-0.1393,0.0,1.0
CGGRPGPPPPPRPVRPRPPRP,DBAASPS_3028,PRPPHPPRPPHPPRPPHPRL,lead_opt_random,7.5015,15,21;1862.39;4.936;0.2381;0.235;-1.6476;0.0476;13.8095;0.24;0.0;0.5695;1.3371;0.4914;2.4046;0.1395;0.7143;0.0064;0.0846;0.2343;1.0,0.8991,0.0064,0.0846,0.2343,1.0,0.2857,21,1862.39,4.936,0.2381,0.235,-1.6476,0.0476,13.8095,0.24,0.0,0.5695,1.3371,0.4914,2.4046,0.1395,0.7143,1.0
FFHLLGHGFHGGIKHIHRLFGIG,DBAASPS_1001,FLGLLFHGVHHVGKWIHGLIHGHH,lead_opt_random,7.4971,14,23;2183.71;2.4522;0.3043;0.1066;0.4043;0.4348;101.7391;0.3368;0.1739;0.953;0.9622;0.2678;3.0489;-0.12;0.0;0.4695;0.2088;0.06;1.0,0.8988,0.4695,0.2088,0.06,1.0,0.2899,23,2183.71,2.4522,0.3043,0.1066,0.4043,0.4348,101.7391,0.3368,0.1739,0.953,0.9622,0.2678,3.0489,-0.12,0.0,1.0
GIGKFLHFGKHIIHFIHRGGHF,DBAASPS_1001,FLGLLFHGVHHVGKWIHGLIHGHH,lead_opt_random,7.4892,18,22;2159.685;3.4519;0.3636;0.1569;0.1227;0.4091;88.6364;0.3743;0.1818;0.9623;0.945;0.2695;3.0761;-0.0727;0.0;0.4858;0.2083;0.04;1.0,0.8984,0.4858,0.2083,0.04,1.0,0.3235,22,2159.685,3.4519,0.3636,0.1569,0.1227,0.4091,88.6364,0.3743,0.1818,0.9623,0.945,0.2695,3.0761,-0.0727,0.0,1.0
GYGPRGRPLPRPPPRPPPPRV,DBAASPS_3028,PRPPHPPRPPHPPRPPHPRL,lead_opt_contiguous,7.4849,15,21;1938.47;4.9971;0.2381;0.238;-1.5714;0.0952;32.381;0.3059;0.0476;0.6105;1.2905;0.4786;2.3398;0.1124;0.7143;0.0148;0.0879;0.2343;1.0,0.8982,0.0148,0.0879,0.2343,1.0,0.2662,21,1938.47,4.9971,0.2381,0.238,-1.5714,0.0952,32.381,0.3059,0.0476,0.6105,1.2905,0.4786,2.3398,0.1124,0.7143,1.0
RGGRGPPPPPPPIPPRPRPPVR,DBAASPS_3028,PRPPHPPRPPHPPRPPHPRL,lead_opt_random,7.4828,16,22;1951.515;4.998;0.2273;0.2272;-1.5545;0.0909;30.9091;0.1731;0.0;0.5764;1.3127;0.4964;2.4355;0.1136;0.6818;0.0095;0.0894;0.2445;1.0,0.8981,0.0095,0.0894,0.2445,1.0,0.2833,22,1951.515,4.998,0.2273,0.2272,-1.5545,0.0909,30.9091,0.1731,0.0,0.5764,1.3127,0.4964,2.4355,0.1136,0.6818,1.0
PSPPRGRPPPPPPPRPISPHR,DBAASPS_3028,PRPPHPPRPPHPPRPPHPRL,lead_opt_contiguous,7.4822,13,21;1911.41;4.0889;0.2381;0.1947;-1.8048;0.0476;18.5714;0.1701;0.0;0.5748;1.3124;0.5057;2.427;0.15;0.7143;0.0162;0.0885;0.2343;1.0,0.898,0.0162,0.0885,0.2343,1.0,0.2807,21,1911.41,4.0889,0.2381,0.1947,-1.8048,0.0476,18.5714,0.1701,0.0,0.5748,1.3124,0.5057,2.427,0.15,0.7143,1.0
GIGKFLKKAAKFAGAVLKVLTGAE,DBAASPR_1546,GLWSTIKNVGKEAAIAAGKAALGAL,lead_opt_random,7.4748,21,24;1985.585;3.9983;0.2083;0.1666;0.5667;0.5417;110.0;0.3399;0.0833;1.1087;0.8562;0.3008;2.7326;-0.1558;0.0;0.0302;0.0595;0.1356;1.0,0.8976,0.0302,0.0595,0.1356,1.0,0.4028,24,1985.585,3.9983,0.2083,0.1666,0.5667,0.5417,110.0,0.3399,0.0833,1.1087,0.8562,0.3008,2.7326,-0.1558,0.0,1.0
KWKSFIKKLTKKALTGLTTALKKLTG,DBAASPS_270,KWKSFLKTFKSLKKTVLHTLLKAISS,lead_opt_contiguous,7.4748,15,26;2436.175;7.9957;0.3077;0.3075;-0.2808;0.3846;97.6923;0.3338;0.0769;1.0585;0.9065;0.3227;2.6072;-0.0592;0.3462;0.4809;0.2707;0.2238;1.0,0.8976,0.4809,0.2707,0.2238,1.0,0.5769,26,2436.175,7.9957,0.3077,0.3075,-0.2808,0.3846,97.6923,0.3338,0.0769,1.0585,0.9065,0.3227,2.6072,-0.0592,0.3462,1.0
KWKSFIKKLTSKALHIAKKIGSIAGHV,DBAASPS_270,KWKSFLKTFKSLKKTVLHTLLKAISS,lead_opt_random,7.4599,20,27;2504.24;7.1778;0.3333;0.2658;-0.0185;0.4444;108.5185;0.3279;0.0741;1.0619;0.8822;0.3004;2.6719;-0.06;0.0;0.3885;0.2044;0.14;1.0,0.8968,0.3885,0.2044,0.14,1.0,0.6049,27,2504.24,7.1778,0.3333,0.2658,-0.0185,0.4444,108.5185,0.3279,0.0741,1.0619,0.8822,0.3004,2.6719,-0.06,0.0,1.0
KPKPPIPRPPPPYRPPHPR,DBAASPS_3028,PRPPHPPRPPHPPRPPHPRL,lead_opt_motif,7.4447,8,19;1882.44;5.0875;0.3158;0.2678;-2.0474;0.0526;20.5263;0.1843;0.0526;0.6147;1.2711;0.5011;2.4322;0.15;0.3158;0.5251;0.2432;0.0947;1.0,0.896,0.5251,0.2432,0.0947,1.0,0.2449,19,1882.44,5.0875,0.3158,0.2678,-2.0474,0.0526,20.5263,0.1843,0.0526,0.6147,1.2711,0.5011,2.4322,0.15,0.3158,1.0
VVGRKWKKIGYIVWK,DBAASPS_3078,VRRFGWWWGFLRR,lead_opt_motif,7.4443,13,15;1590.07;4.996;0.3333;0.3331;-0.16;0.4667;110.0;0.3784;0.2;0.9947;0.918;0.2793;2.4818;-0.088;0.0;0.8362;0.3345;0.0;1.0,0.896,0.8362,0.3345,0.0,1.0,0.3203,15,1590.07,4.996,0.3333,0.3331,-0.16,0.4667,110.0,0.3784,0.2,0.9947,0.918,0.2793,2.4818,-0.088,0.0,1.0
FVGRLIHHVKNFIGKIHGVHFRH,DBAASPS_1001,FLGLLFHGVHHVGKWIHGLIHGHH,lead_opt_contiguous,7.4432,15,23;2334.91;4.4519;0.3913;0.1936;0.0348;0.4348;105.6522;0.3284;0.1304;0.9835;0.8891;0.2743;2.958;-0.0178;0.0;0.7998;0.3409;0.06;1.0,0.896,0.7998,0.3409,0.06,1.0,0.2609,23,2334.91,4.4519,0.3913,0.1936,0.0348,0.4348,105.6522,0.3284,0.1304,0.9835,0.8891,0.2743,2.958,-0.0178,0.0,1.0
GLIDALKKAAKNIGKVVAGIAMNS,DBAASPR_1546,GLWSTIKNVGKEAAIAAGKAALGAL,lead_opt_random,7.4321,20,24;1950.515;2.9973;0.1667;0.1249;0.5125;0.5417;126.25;0.3843;0.0;1.075;0.915;0.3117;2.8513;-0.1533;0.0;0.0518;0.0681;0.1356;1.0,0.8954,0.0518,0.0681,0.1356,1.0,0.4306,24,1950.515,2.9973,0.1667,0.1249,0.5125,0.5417,126.25,0.3843,0.0,1.075,0.915,0.3117,2.8513,-0.1533,0.0,1.0
GLNAVLKVGKHFAKALIGHLINS,DBAASPR_1546,GLWSTIKNVGKEAAIAAGKAALGAL,lead_opt_random,7.427,20,23;1986.53;3.1789;0.2174;0.1382;0.5957;0.5217;140.0;0.3235;0.0435;1.0352;0.9087;0.2943;2.7353;-0.1409;0.0;0.0831;0.0644;0.089;1.0,0.8951,0.0831,0.0644,0.089,1.0,0.3618,23,1986.53,3.1789,0.2174,0.1382,0.5957,0.5217,140.0,0.3235,0.0435,1.0352,0.9087,0.2943,2.7353,-0.1409,0.0,1.0
RPPRPPPPIPPPPPYRPHPRP,DBAASPS_3028,PRPPHPPRPPHPPRPPHPRL,lead_opt_contiguous,7.4249,15,21;2037.62;4.088;0.2381;0.1947;-1.9238;0.0476;18.5714;0.1676;0.0476;0.5395;1.3162;0.5176;2.3195;0.1367;0.8571;0.0187;0.1045;0.2771;1.0,0.895,0.0187,0.1045,0.2771,1.0,0.2312,21,2037.62,4.088,0.2381,0.1947,-1.9238,0.0476,18.5714,0.1676,0.0476,0.5395,1.3162,0.5176,2.3195,0.1367,0.8571,1.0
KWKSFIKKLTKLAKKIAGHIAKVTK,DBAASPS_173,KWKSFIKKLTKAAKKVVTTAKKPLIV,lead_opt_motif,7.4215,11,25;2416.2;9.0863;0.4;0.3635;-0.332;0.44;101.6;0.4224;0.08;1.1052;0.8512;0.3096;2.6609;-0.0312;0.0;0.6346;0.2888;0.1;1.0,0.8948,0.6346,0.2888,0.1,1.0,0.4805,25,2416.2,9.0863,0.4,0.3635,-0.332,0.44,101.6,0.4224,0.08,1.1052,0.8512,0.3096,2.6609,-0.0312,0.0,1.0
GIGKVIKAAKKFAGLIASAVKGIAHSAK,DBAASPR_1546,GLWSTIKNVGKEAAIAAGKAALGAL,lead_opt_motif,7.4132,21,28;2230.915;6.0872;0.25;0.2174;0.5643;0.5357;115.3571;0.3287;0.0357;1.0893;0.8679;0.2964;2.6272;-0.1136;0.0;0.3705;0.2209;0.2076;1.0,0.8944,0.3705,0.2209,0.2076,1.0,0.3452,28,2230.915,6.0872,0.25,0.2174,0.5643,0.5357,115.3571,0.3287,0.0357,1.0893,0.8679,0.2964,2.6272,-0.1136,0.0,1.0
GPPRPRGYPPPPRPPRGPPIRP,DBAASPS_3028,PRPPHPPRPPHPPRPPHPRL,lead_opt_random,7.4109,16,22;2015.565;4.9971;0.2273;0.2271;-1.8045;0.0455;17.7273;0.2077;0.0455;0.5595;1.3418;0.5009;2.3649;0.1259;0.8182;0.0206;0.1082;0.2855;1.0,0.8942,0.0206,0.1082,0.2855,1.0,0.2576,22,2015.565,4.9971,0.2273,0.2271,-1.8045,0.0455,17.7273,0.2077,0.0455,0.5595,1.3418,0.5009,2.3649,0.1259,0.8182,1.0
KWKKFIKKLTTKLKKLATKILNTVT,DBAASPS_173,KWKSFIKKLTKAAKKVVTTAKKPLIV,lead_opt_contiguous,7.4069,14,25;2523.33;8.9954;0.36;0.3598;-0.4;0.4;109.2;0.3957;0.08;1.078;0.8564;0.318;2.6704;-0.0392;0.12;0.7713;0.3561;0.136;1.0,0.894,0.7713,0.3561,0.136,1.0,0.5062,25,2523.33,8.9954,0.36,0.3598,-0.4,0.4,109.2,0.3957,0.08,1.078,0.8564,0.318,2.6704,-0.0392,0.12,1.0
VAVRGYGKRFKVFVC,DBAASPS_3078,VRRFGWWWGFLRR,lead_opt_contiguous,7.4017,12,15;1458.89;3.9346;0.2667;0.2623;0.52;0.4667;84.0;0.2955;0.2;0.978;0.8887;0.2687;2.4109;-0.07;0.0;0.7062;0.2825;0.0;1.0,0.8938,0.7062,0.2825,0.0,1.0,0.2074,15,1458.89,3.9346,0.2667,0.2623,0.52,0.4667,84.0,0.2955,0.2,0.978,0.8887,0.2687,2.4109,-0.07,0.0,1.0
GIGKFLKAAKKAGLAFVKAGIGAI,DBAASPR_1546,GLWSTIKNVGKEAAIAAGKAALGAL,lead_opt_random,7.4016,22,24;1897.525;4.9965;0.2083;0.2082;0.8417;0.5833;118.3333;0.2817;0.0833;1.0896;0.8808;0.2883;2.6649;-0.1829;0.25;0.0878;0.1282;0.2661;1.0,0.8937,0.0878,0.1282,0.2661,1.0,0.4861,24,1897.525,4.9965,0.2083,0.2082,0.8417,0.5833,118.3333,0.2817,0.0833,1.0896,0.8808,0.2883,2.6649,-0.1829,0.25,1.0
RGPRPPPIPRPPPPRPPRPPP,DBAASPS_3028,PRPPHPPRPPHPPRPPHPRL,lead_opt_contiguous,7.3803,14,21;1950.54;4.998;0.2381;0.238;-1.9429;0.0476;18.5714;0.1918;0.0;0.5314;1.34;0.5319;2.3018;0.151;1.0;0.0148;0.1179;0.32;1.0,0.8926,0.0148,0.1179,0.32,1.0,0.2381,21,1950.54,4.998,0.2381,0.238,-1.9429,0.0476,18.5714,0.1918,0.0,0.5314,1.34,0.5319,2.3018,0.151,1.0,1.0
KGGPPPIPPRPPVRPPRPPPRP,DBAASPS_3028,PRPPHPPRPPHPPRPPHPRL,lead_opt_motif,7.3788,14,22;1963.565;4.9977;0.2273;0.2272;-1.5818;0.0909;30.9091;0.2719;0.0;0.5755;1.31;0.5055;2.4215;0.1;0.9545;0.0116;0.1189;0.3264;1.0,0.8925,0.0116,0.1189,0.3264,1.0,0.2273,22,1963.565,4.9977,0.2273,0.2272,-1.5818,0.0909,30.9091,0.2719,0.0,0.5755,1.31,0.5055,2.4215,0.1,0.9545,1.0
FFHHIIHRGGGFVHRFHHILHGLHG,DBAASPS_1001,FLGLLFHGVHHVGKWIHGLIHGHH,lead_opt_contiguous,7.3742,19,25;2516.04;2.7253;0.4;0.109;-0.004;0.4;89.6;0.319;0.16;0.9596;0.9276;0.2644;3.0667;-0.018;0.36;0.2889;0.1884;0.208;1.0,0.8923,0.2889,0.1884,0.208,1.0,0.24,25,2516.04,2.7253,0.4,0.109,-0.004,0.4,89.6,0.319,0.16,0.9596,0.9276,0.2644,3.0667,-0.018,0.36,1.0
RGPPPPPPYPPPRPPRPPHRP,DBAASPS_3028,PRPPHPPRPPHPPRPPHPRL,lead_opt_motif,7.3731,13,21;1981.51;4.088;0.2381;0.1947;-2.1571;0.0;0.0;0.2271;0.0476;0.5152;1.3719;0.531;2.3887;0.1586;1.0;0.0185;0.1194;0.32;1.0,0.8922,0.0185,0.1194,0.32,1.0,0.2761,21,1981.51,4.088,0.2381,0.1947,-2.1571,0.0,0.0,0.2271,0.0476,0.5152,1.3719,0.531,2.3887,0.1586,1.0,1.0
KWKSFIKKLTKKLTKAAKKVLTTGPA,DBAASPS_173,KWKSFIKKLTKAAKKVVTTAKKPLIV,lead_opt_random,7.3702,14,26;2447.205;8.9954;0.3462;0.346;-0.5115;0.3846;82.6923;0.416;0.0769;1.0646;0.9008;0.3346;2.6485;-0.0192;0.3462;0.3317;0.211;0.2238;1.0,0.8921,0.3317,0.211,0.2238,1.0,0.5513,26,2447.205,8.9954,0.3462,0.346,-0.5115,0.3846,82.6923,0.416,0.0769,1.0646,0.9008,0.3346,2.6485,-0.0192,0.3462,1.0
KWKSFIKKLTKKAAHVGKVVKTVK,DBAASPS_173,KWKSFIKKLTKAAKKVVTTAKKPLIV,lead_opt_motif,7.3647,12,24;2321.045;9.0863;0.4167;0.3786;-0.4292;0.4167;89.1667;0.3532;0.0833;1.0842;0.8604;0.3121;2.7175;0.0;0.0;0.4736;0.2174;0.08;1.0,0.8918,0.4736,0.2174,0.08,1.0,0.5556,24,2321.045,9.0863,0.4167,0.3786,-0.4292,0.4167,89.1667,0.3532,0.0833,1.0842,0.8604,0.3121,2.7175,0.0,0.0,1.0
KWKTFIKKLTSKLKFLIKTITGKI,DBAASPS_173,KWKSFIKKLTKAAKKVVTTAKKPLIV,lead_opt_random,7.3635,15,24;2432.235;7.9957;0.3333;0.3332;-0.0458;0.4167;113.75;0.2989;0.125;1.0512;0.8583;0.2992;2.6752;-0.0912;0.0;0.8277;0.3591;0.08;1.0,0.8917,0.8277,0.3591,0.08,1.0,0.4733,24,2432.235,7.9957,0.3333,0.3332,-0.0458,0.4167,113.75,0.2989,0.125,1.0512,0.8583,0.2992,2.6752,-0.0912,0.0,1.0
CGGYPVGLPTKKPPKPR,DBAASPS_2111,GNNRPVYLPQPRPPHPRI,lead_opt_contiguous,7.3627,10,17;1488.92;3.9343;0.2353;0.2314;-0.9941;0.1176;40.0;0.1295;0.0588;0.7253;1.2282;0.4159;2.6212;0.0141;0.0;0.0694;0.0277;0.0;1.0,0.8917,0.0694,0.0277,0.0,1.0,0.3509,17,1488.92,3.9343,0.2353,0.2314,-0.9941,0.1176,40.0,0.1295,0.0588,0.7253,1.2282,0.4159,2.6212,0.0141,0.0,1.0
GFIHGIKHFIHGVHKFSHSAIKF,DBAASPS_1001,FLGLLFHGVHHVGKWIHGLIHGHH,lead_opt_contiguous,7.3601,23,23;2230.76;3.4517;0.3478;0.1501;0.2043;0.4348;84.7826;0.3447;0.1739;1.0022;0.893;0.267;3.0193;-0.0639;0.2609;0.339;0.184;0.1383;1.0,0.8915,0.339,0.184,0.1383,1.0,0.2531,23,2230.76,3.4517,0.3478,0.1501,0.2043,0.4348,84.7826,0.3447,0.1739,1.0022,0.893,0.267,3.0193,-0.0639,0.2609,1.0
GLFDILKKAGSAVFKVGKALVGKAQ,DBAASPR_1546,GLWSTIKNVGKEAAIAAGKAALGAL,lead_opt_contiguous,7.3546,20,25;2095.7;3.997;0.2;0.1599;0.496;0.52;113.2;0.32;0.08;1.072;0.9048;0.3024;2.8468;-0.1572;0.24;0.052;0.0903;0.1987;1.0,0.8912,0.052,0.0903,0.1987,1.0,0.358,25,2095.7,3.997,0.2,0.1599,0.496,0.52,113.2,0.32,0.08,1.072,0.9048,0.3024,2.8468,-0.1572,0.24,1.0
GLLDLIKKVAGHVAKIIKHISAGIH,DBAASPS_1140,GLLSVLGSVAKHVLGHVVGVIAEHL,lead_opt_contiguous,7.3483,17,25;2181.84;3.27;0.28;0.1308;0.68;0.52;160.0;0.3751;0.0;1.0616;0.8568;0.2832;2.7166;-0.1456;0.0;0.3016;0.165;0.1267;1.0,0.8909,0.3016,0.165,0.1267,1.0,0.3467,25,2181.84,3.27,0.28,0.1308,0.68,0.52,160.0,0.3751,0.0,1.0616,0.8568,0.2832,2.7166,-0.1456,0.0,1.0
GGLCGLPSPVPKPKPKPK,DBAASPS_2111,GNNRPVYLPQPRPPHPRI,lead_opt_random,7.3432,14,18;1475.965;3.9349;0.2222;0.2186;-0.7167;0.1667;59.4444;0.1654;0.0;0.7411;1.2322;0.4261;2.4318;-0.0367;0.6667;0.0065;0.0726;0.2;1.0,0.8906,0.0065,0.0726,0.2,1.0,0.2407,18,1475.965,3.9349,0.2222,0.2186,-0.7167,0.1667,59.4444,0.1654,0.0,0.7411,1.2322,0.4261,2.4318,-0.0367,0.6667,1.0
IKIWKKAGKWAKKVLKVITGAKKS,DBAASPS_173,KWKSFIKKLTKAAKKVVTTAKKPLIV,lead_opt_contiguous,7.3416,23,24;2278.025;8.9954;0.375;0.3748;-0.3375;0.4583;101.6667;0.4259;0.0833;1.0904;0.8867;0.31;2.6669;-0.0512;0.125;0.6642;0.3068;0.1175;1.0,0.8906,0.6642,0.3068,0.1175,1.0,0.3011,24,2278.025,8.9954,0.375,0.3748,-0.3375,0.4583,101.6667,0.4259,0.0833,1.0904,0.8867,0.31,2.6669,-0.0512,0.125,1.0
GIWKTLKKAGKAFVGKLLDAVTKGLQ,DBAASPR_1546,GLWSTIKNVGKEAAIAAGKAALGAL,lead_opt_contiguous,7.3409,18,26;2302.955;4.9967;0.2308;0.1922;0.0769;0.4615;108.8462;0.3454;0.0769;1.0588;0.9296;0.3115;2.789;-0.13;0.0;0.36;0.186;0.12;1.0,0.8905,0.36,0.186,0.12,1.0,0.4231,26,2302.955,4.9967,0.2308,0.1922,0.0769,0.4615,108.8462,0.3454,0.0769,1.0588,0.9296,0.3115,2.789,-0.13,0.0,1.0
KWKSFIKKLTKTAKKIAGHILKATK,DBAASPS_173,KWKSFIKKLTKAAKKVVTTAKKPLIV,lead_opt_contiguous,7.3337,11,25;2418.17;9.0863;0.4;0.3635;-0.528;0.4;90.0;0.4071;0.08;1.096;0.8696;0.3176;2.684;-0.0104;0.0;0.4769;0.2258;0.1;1.0,0.8901,0.4769,0.2258,0.1,1.0,0.5385,25,2418.17,9.0863,0.4,0.3635,-0.528,0.4,90.0,0.4071,0.08,1.096,0.8696,0.3176,2.684,-0.0104,0.0,1.0
GGIKKFAQIAKSVAGKLFAGLANL,DBAASPR_1546,GLWSTIKNVGKEAAIAAGKAALGAL,lead_opt_motif,7.3273,22,24;1970.535;3.9968;0.1667;0.1665;0.5917;0.5417;114.1667;0.2896;0.0833;1.07;0.9075;0.2996;2.7098;-0.1625;0.0;0.1047;0.0893;0.1356;1.0,0.8898,0.1047,0.0893,0.1356,1.0,0.3254,24,1970.535,3.9968,0.1667,0.1665,0.5917,0.5417,114.1667,0.2896,0.0833,1.07,0.9075,0.2996,2.7098,-0.1625,0.0,1.0
FIDLVLTGVKKVLKSITKAVLGKVK,DBAASPS_1140,GLLSVLGSVAKHVLGHVVGVIAEHL,lead_opt_motif,7.307,20,25;2248.0;4.9967;0.24;0.1999;0.796;0.52;155.6;0.3768;0.04;1.0556;0.838;0.29;2.6763;-0.1688;0.0;0.2214;0.1329;0.1267;1.0,0.8887,0.2214,0.1329,0.1267,1.0,0.2533,25,2248.0,4.9967,0.24,0.1999,0.796,0.52,155.6,0.3768,0.04,1.0556,0.838,0.29,2.6763,-0.1688,0.0,1.0
GIGKFIHSVKKFGRAFIHHIHGLH,DBAASPS_1001,FLGLLFHGVHHVGKWIHGLIHGHH,lead_opt_motif,7.306,16,24;2304.885;4.4517;0.375;0.1855;0.0667;0.4167;97.5;0.417;0.125;0.995;0.9121;0.2788;2.9344;-0.0438;0.125;0.8337;0.3746;0.1175;1.0,0.8887,0.8337,0.3746,0.1175,1.0,0.5833,24,2304.885,4.4517,0.375,0.1855,0.0667,0.4167,97.5,0.417,0.125,0.995,0.9121,0.2788,2.9344,-0.0438,0.125,1.0
RPRPGPPPVPPIPRPPRPP,DBAASPS_3028,PRPPHPPRPPHPPRPPHPRL,lead_opt_random,7.3034,11,19;1735.27;3.998;0.2105;0.2104;-1.5211;0.1053;35.7895;0.2892;0.0;0.5574;1.2974;0.5089;2.3008;0.1037;0.4737;0.0117;0.0544;0.1421;1.0,0.8885,0.0117,0.0544,0.1421,1.0,0.2512,19,1735.27,3.998,0.2105,0.2104,-1.5211,0.1053,35.7895,0.2892,0.0,0.5574,1.2974,0.5089,2.3008,0.1037,0.4737,1.0
VEVKVFRVKGKKFCV,DBAASPS_3078,VRRFGWWWGFLRR,lead_opt_random,7.2834,14,15;1495.98;3.9366;0.3333;0.2624;0.34;0.4667;96.6667;0.2381;0.1333;1.062;0.804;0.2813;2.7707;-0.0667;0.0;0.6144;0.2458;0.0;1.0,0.8875,0.6144,0.2458,0.0,1.0,0.2704,15,1495.98,3.9366,0.3333,0.2624,0.34,0.4667,96.6667,0.2381,0.1333,1.062,0.804,0.2813,2.7707,-0.0667,0.0,1.0
GFPVGNTPHPIKPRPKPCIP,DBAASPS_2111,GNNRPVYLPQPRPPHPRI,lead_opt_contiguous,7.2809,18,20;1792.295;3.0263;0.2;0.1513;-0.66;0.2;53.5;0.1368;0.05;0.717;1.1795;0.4055;2.5836;-0.011;0.0;0.1611;0.0645;0.0;1.0,0.8873,0.1611,0.0645,0.0,1.0,0.2058,20,1792.295,3.0263,0.2,0.1513,-0.66,0.2,53.5,0.1368,0.05,0.717,1.1795,0.4055,2.5836,-0.011,0.0,1.0
GLFDILKKAAKVGLGAVKKIACKIGG,DBAASPR_1546,GLWSTIKNVGKEAAIAAGKAALGAL,lead_opt_contiguous,7.2759,19,26;2130.845;4.9347;0.2308;0.1898;0.65;0.5;127.6923;0.3259;0.0385;1.0508;0.9265;0.2969;2.6859;-0.1727;0.0;0.0392;0.0577;0.12;1.0,0.8871,0.0392,0.0577,0.12,1.0,0.359,26,2130.845,4.9347,0.2308,0.1898,0.65,0.5,127.6923,0.3259,0.0385,1.0508,0.9265,0.2969,2.6859,-0.1727,0.0,1.0
SVPVPVRPGPPYRPRPPRPVRGP,DBAASPS_3028,PRPPHPPRPPHPPRPPHPRL,lead_opt_random,7.2692,20,23;2116.7;4.9971;0.2174;0.2173;-1.0696;0.1739;50.4348;0.1821;0.0435;0.6517;1.2;0.4478;2.3287;0.0878;0.3913;0.0073;0.065;0.1774;1.0,0.8867,0.0073,0.065,0.1774,1.0,0.2319,23,2116.7,4.9971,0.2174,0.2173,-1.0696,0.1739,50.4348,0.1821,0.0435,0.6517,1.2,0.4478,2.3287,0.0878,0.3913,1.0
GLFKILHGFHSVVKKFGKHFVGHI,DBAASPS_1001,FLGLLFHGVHHVGKWIHGLIHGHH,lead_opt_random,7.2672,16,24;2300.925;4.3605;0.3333;0.1817;0.4;0.4583;101.25;0.3695;0.1667;0.9988;0.9021;0.2704;3.0306;-0.1058;0.0;0.8764;0.3786;0.08;1.0,0.8866,0.8764,0.3786,0.08,1.0,0.2531,24,2300.925,4.3605,0.3333,0.1817,0.4,0.4583,101.25,0.3695,0.1667,0.9988,0.9021,0.2704,3.0306,-0.1058,0.0,1.0
GIGKFIHGIKHFIHHFGRHF,DBAASPS_1001,FLGLLFHGVHHVGKWIHGLIHGHH,lead_opt_motif,7.2569,20,20;2025.505;3.4519;0.4;0.1726;-0.035;0.4;78.0;0.3965;0.2;0.9695;0.928;0.2665;3.1148;-0.042;0.15;0.4486;0.1952;0.045;1.0,0.8861,0.4486,0.1952,0.045,1.0,0.4058,20,2025.505,3.4519,0.4,0.1726,-0.035,0.4,78.0,0.3965,0.2,0.9695,0.928,0.2665,3.1148,-0.042,0.15,1.0
GIMDTLKKVAKNAAKAIAGHIANSAK,DBAASPR_1546,GLWSTIKNVGKEAAIAAGKAALGAL,lead_opt_random,7.2498,18,26;2153.715;4.0879;0.2308;0.1572;0.0192;0.5;98.0769;0.345;0.0;1.1073;0.8981;0.3212;2.8928;-0.0727;0.0;0.406;0.2044;0.12;1.0,0.8857,0.406,0.2044,0.12,1.0,0.4487,26,2153.715,4.0879,0.2308,0.1572,0.0192,0.5,98.0769,0.345,0.0,1.1073,0.8981,0.3212,2.8928,-0.0727,0.0,1.0
GRPPVPPIPPRPPPRPGRP,DBAASPS_3028,PRPPHPPRPPHPPRPPHPRL,lead_opt_contiguous,7.2424,10,19;1695.2;3.998;0.2105;0.2104;-1.4579;0.1053;35.7895;0.2423;0.0;0.5695;1.3037;0.4984;2.3362;0.0968;0.6316;0.0134;0.0717;0.1895;1.0,0.8853,0.0134,0.0717,0.1895,1.0,0.2456,19,1695.2,3.998,0.2105,0.2104,-1.4579,0.1053,35.7895,0.2423,0.0,0.5695,1.3037,0.4984,2.3362,0.0968,0.6316,1.0
RGRPVGPPPPPPPRPPIGR,DBAASPS_3028,PRPPHPPRPPHPPRPPHPRL,lead_opt_random,7.2418,10,19;1655.13;3.998;0.2105;0.2104;-1.3947;0.1053;35.7895;0.1656;0.0;0.5816;1.31;0.4879;2.4495;0.09;0.6316;0.0137;0.0718;0.1895;1.0,0.8852,0.0137,0.0718,0.1895,1.0,0.2663,19,1655.13,3.998,0.2105,0.2104,-1.3947,0.1053,35.7895,0.1656,0.0,0.5816,1.31,0.4879,2.4495,0.09,0.6316,1.0
GIGKFLGAAKKFAKAALGAIKSMLN,DBAASPR_1546,GLWSTIKNVGKEAAIAAGKAALGAL,lead_opt_random,7.2359,20,25;2055.71;4.9965;0.2;0.1999;0.532;0.56;102.0;0.3149;0.08;1.1016;0.9004;0.3028;2.6784;-0.1564;0.12;0.4044;0.2373;0.216;1.0,0.8849,0.4044,0.2373,0.216,1.0,0.5333,25,2055.71,4.9965,0.2,0.1999,0.532,0.56,102.0,0.3149,0.08,1.1016,0.9004,0.3028,2.6784,-0.1564,0.12,1.0
KWKSFIKKLTSKALKHIAHSVKKT,DBAASPS_270,KWKSFLKTFKSLKKTVLHTLLKAISS,lead_opt_motif,7.2289,18,24;2376.055;8.1775;0.4167;0.3407;-0.6292;0.375;85.4167;0.3655;0.0833;1.0808;0.8738;0.3171;2.6896;0.0225;0.0;0.6937;0.3055;0.08;1.0,0.8846,0.6937,0.3055,0.08,1.0,0.5278,24,2376.055,8.1775,0.4167,0.3407,-0.6292,0.375,85.4167,0.3655,0.0833,1.0808,0.8738,0.3171,2.6896,0.0225,0.0,1.0
FIGKLIHGIKKIAHGIAGVIHRL,DBAASPS_1140,GLLSVLGSVAKHVLGHVVGVIAEHL,lead_opt_motif,7.2241,23,23;2077.74;4.2698;0.3043;0.1856;0.7739;0.5217;156.9565;0.3783;0.0435;1.0278;0.8561;0.2691;2.6972;-0.1396;0.1304;0.515;0.2508;0.1281;1.0,0.8843,0.515,0.2508,0.1281,1.0,0.3768,23,2077.74,4.2698,0.3043,0.1856,0.7739,0.5217,156.9565,0.3783,0.0435,1.0278,0.8561,0.2691,2.6972,-0.1396,0.1304,1.0
GIWDTLKKIAKAGLGAAKKIVATVHAG,DBAASPR_1546,GLWSTIKNVGKEAAIAAGKAALGAL,lead_opt_random,7.2157,19,27;2231.84;4.0879;0.2222;0.1514;0.3778;0.5185;115.9259;0.3148;0.037;1.0789;0.8922;0.2989;2.7197;-0.1289;0.1111;0.2236;0.1588;0.198;1.0,0.8839,0.2236,0.1588,0.198,1.0,0.3951,27,2231.84,4.0879,0.2222,0.1514,0.3778,0.5185,115.9259,0.3148,0.037,1.0789,0.8922,0.2989,2.7197,-0.1289,0.1111,1.0
GLFDIIKKVAGHVAGHVLKVLTGK,DBAASPS_1140,GLLSVLGSVAKHVLGHVVGVIAEHL,lead_opt_contiguous,7.212,15,24;2068.665;3.1791;0.25;0.1325;0.6583;0.5;137.9167;0.2848;0.0417;1.0317;0.8929;0.2879;2.8712;-0.1517;0.375;0.3299;0.1993;0.1925;1.0,0.8837,0.3299,0.1993,0.1925,1.0,0.4306,24,2068.665,3.1791,0.25,0.1325,0.6583,0.5,137.9167,0.2848,0.0417,1.0317,0.8929,0.2879,2.8712,-0.1517,0.375,1.0
GSRPRPVPVPPPPRPPRPGI,DBAASPS_3028,PRPPHPPRPPHPPRPPHPRL,lead_opt_contiguous,7.1989,11,20;1766.275;3.998;0.2;0.1999;-1.135;0.15;48.5;0.1493;0.0;0.6155;1.249;0.471;2.3348;0.0785;0.75;0.0134;0.0841;0.225;1.0,0.883,0.0134,0.0841,0.225,1.0,0.2352,20,1766.275,3.998,0.2,0.1999,-1.135,0.15,48.5,0.1493,0.0,0.6155,1.249,0.471,2.3348,0.0785,0.75,1.0
GFLTKIIGAVKKVLGEVLTGLPRI,DBAASPS_1140,GLLSVLGSVAKHVLGHVVGVIAEHL,lead_opt_random,7.1974,18,24;2090.765;2.9989;0.1667;0.125;0.9;0.5;154.1667;0.3313;0.0417;1.0012;0.8746;0.2988;2.7054;-0.19;0.0;0.154;0.0896;0.08;1.0,0.8829,0.154,0.0896,0.08,1.0,0.2917,24,2090.765,2.9989,0.1667,0.125,0.9,0.5,154.1667,0.3313,0.0417,1.0012,0.8746,0.2988,2.7054,-0.19,0.0,1.0
VLDVLGKVAKVVKKVLPVIRVGKC,DBAASPS_1140,GLLSVLGSVAKHVLGHVVGVIAEHL,lead_opt_contiguous,7.1968,23,24;2128.905;4.935;0.25;0.2056;0.9958;0.5417;165.8333;0.4022;0.0;1.0229;0.8454;0.2875;2.5151;-0.16;0.0;0.3221;0.1763;0.1356;1.0,0.8829,0.3221,0.1763,0.1356,1.0,0.3504,24,2128.905,4.935,0.25,0.2056,0.9958,0.5417,165.8333,0.4022,0.0,1.0229,0.8454,0.2875,2.5151,-0.16,0.0,1.0
GRGGGRGLRGPPSYPVSYRPK,DBAASPS_2111,GNNRPVYLPQPRPPHPRI,lead_opt_random,7.1965,18,21;1836.22;4.996;0.2381;0.2379;-1.281;0.0952;32.381;0.27;0.0952;0.711;1.2648;0.4143;2.5263;0.0805;0.1429;0.266;0.1284;0.0629;1.0,0.8828,0.266,0.1284,0.0629,1.0,0.2381,21,1836.22,4.996,0.2381,0.2379,-1.281,0.0952,32.381,0.27,0.0952,0.711,1.2648,0.4143,2.5263,0.0805,0.1429,1.0
KWKSFIKKLTKTGLKAALHVAKDLVTR,DBAASPS_270,KWKSFLKTFKSLKKTVLHTLLKAISS,lead_opt_random,7.1889,20,27;2595.34;7.0873;0.3333;0.2625;-0.237;0.4444;104.8148;0.3472;0.0741;1.0896;0.8656;0.313;2.7471;-0.0452;0.0;0.5254;0.2592;0.14;1.0,0.8824,0.5254,0.2592,0.14,1.0,0.4568,27,2595.34,7.0873,0.3333,0.2625,-0.237,0.4444,104.8148,0.3472,0.0741,1.0896,0.8656,0.313,2.7471,-0.0452,0.0,1.0
GSPVGGPVKPIRPGKRP,DBAASPS_2111,GNNRPVYLPQPRPPHPRI,lead_opt_contiguous,7.186,15,17;1392.78;3.9974;0.2353;0.2351;-0.8412;0.1765;57.0588;0.3063;0.0;0.7159;1.2224;0.4247;2.6084;0.0282;0.0;0.0071;0.0028;0.0;1.0,0.8823,0.0071,0.0028,0.0,1.0,0.2745,17,1392.78,3.9974,0.2353,0.2351,-0.8412,0.1765,57.0588,0.3063,0.0,0.7159,1.2224,0.4247,2.6084,0.0282,0.0,1.0
GFKHFVHRVGGGLHIGHHFIHRF,DBAASPS_1001,FLGLLFHGVHHVGKWIHGLIHGHH,lead_opt_motif,7.1839,19,23;2278.77;3.5431;0.3913;0.154;-0.0739;0.3913;76.087;0.2506;0.1739;0.953;0.9452;0.2735;3.0659;-0.0122;0.0;0.4762;0.2115;0.06;1.0,0.8822,0.4762,0.2115,0.06,1.0,0.3333,23,2278.77,3.5431,0.3913,0.154,-0.0739,0.3913,76.087,0.2506,0.1739,0.953,0.9452,0.2735,3.0659,-0.0122,0.0,1.0
GSKPVPIPYRPNPRRVCN,DBAASPS_2111,GNNRPVYLPQPRPPHPRI,lead_opt_random,7.1834,15,18;1726.155;3.9349;0.2222;0.2186;-1.0833;0.1667;53.8889;0.2285;0.0556;0.7211;1.1806;0.4106;2.2899;0.0817;0.0;0.0084;0.0034;0.0;1.0,0.8821,0.0084,0.0034,0.0,1.0,0.2646,18,1726.155,3.9349,0.2222,0.2186,-1.0833,0.1667,53.8889,0.2285,0.0556,0.7211,1.1806,0.4106,2.2899,0.0817,0.0,1.0
KWKSFIKKLTSKLANVLKKVTKLGSA,DBAASPS_270,KWKSFLKTFKSLKKTVLHTLLKAISS,lead_opt_motif,7.1781,15,26;2449.185;7.9957;0.3077;0.3075;-0.2038;0.4231;105.0;0.3808;0.0769;1.0608;0.9031;0.3208;2.6373;-0.0554;0.0;0.6947;0.3199;0.12;1.0,0.8819,0.6947,0.3199,0.12,1.0,0.5128,26,2449.185,7.9957,0.3077,0.3075,-0.2038,0.4231,105.0,0.3808,0.0769,1.0608,0.9031,0.3208,2.6373,-0.0554,0.0,1.0
FHFPIGGRIRRWIKVA,DBAASPS_3078,VRRFGWWWGFLRR,lead_opt_motif,7.1747,16,16;1665.135;4.0886;0.3125;0.2555;0.075;0.5;97.5;0.373;0.1875;0.9719;0.8925;0.2856;2.5479;-0.0481;0.0;0.9724;0.3889;0.0;1.0,0.8817,0.9724,0.3889,0.0,1.0,0.2358,16,1665.135,4.0886,0.3125,0.2555,0.075,0.5,97.5,0.373,0.1875,0.9719,0.8925,0.2856,2.5479,-0.0481,0.0,1.0
KWMSFLKKLTKKFGKALIKVATRK,DBAASPS_173,KWKSFIKKLTKAAKKVVTTAKKPLIV,lead_opt_random,7.1724,16,24;2419.235;8.9957;0.375;0.3748;-0.3333;0.4583;85.4167;0.4152;0.125;1.1096;0.855;0.3108;2.6561;-0.0417;0.0;0.9242;0.3977;0.08;1.0,0.8816,0.9242,0.3977,0.08,1.0,0.4722,24,2419.235,8.9957,0.375,0.3748,-0.3333,0.4583,85.4167,0.4152,0.125,1.1096,0.855,0.3108,2.6561,-0.0417,0.0,1.0
GPRPPIPGGYPVPIRRKPS,DBAASPS_2111,GNNRPVYLPQPRPPHPRI,lead_opt_random,7.1708,15,19;1699.17;3.9968;0.2105;0.2104;-0.9842;0.1579;56.3158;0.1643;0.0526;0.6726;1.2226;0.4337;2.4256;0.0368;0.0;0.0148;0.0059;0.0;1.0,0.8815,0.0148,0.0059,0.0,1.0,0.2548,19,1699.17,3.9968,0.2105,0.2104,-0.9842,0.1579,56.3158,0.1643,0.0526,0.6726,1.2226,0.4337,2.4256,0.0368,0.0,1.0
SGSPVGYNKKPVPIPPKPK,DBAASPS_2111,GNNRPVYLPQPRPPHPRI,lead_opt_contiguous,7.1658,15,19;1648.09;3.996;0.2105;0.2103;-1.0263;0.1579;51.0526;0.1168;0.0526;0.7326;1.2142;0.43;2.7046;0.0058;0.0;0.0173;0.0069;0.0;1.0,0.8812,0.0173,0.0069,0.0,1.0,0.2456,19,1648.09,3.996,0.2105,0.2103,-1.0263,0.1579,51.0526,0.1168,0.0526,0.7326,1.2142,0.43,2.7046,0.0058,0.0,1.0
KWKSFIKKLTKLAKKFLTSAIKHIG,DBAASPS_270,KWKSFLKTFKSLKKTVLHTLLKAISS,lead_opt_random,7.1648,15,25;2465.24;8.0866;0.36;0.3235;-0.184;0.44;101.6;0.4246;0.12;1.084;0.8636;0.3032;2.6629;-0.062;0.0;0.9157;0.4013;0.1;1.0,0.8812,0.9157,0.4013,0.1,1.0,0.5256,25,2465.24,8.0866,0.36,0.3235,-0.184,0.44,101.6,0.4246,0.12,1.084,0.8636,0.3032,2.6629,-0.062,0.0,1.0
GYPVPIPPRPPPIKPKPR,DBAASPS_2111,GNNRPVYLPQPRPPHPRI,lead_opt_motif,7.1613,15,18;1682.225;3.9966;0.2222;0.222;-1.0944;0.1667;59.4444;0.0988;0.0556;0.6533;1.2122;0.4578;2.3933;0.0222;0.0;0.0195;0.0078;0.0;1.0,0.881,0.0195,0.0078,0.0,1.0,0.2963,18,1682.225,3.9966,0.2222,0.222,-1.0944,0.1667,59.4444,0.0988,0.0556,0.6533,1.2122,0.4578,2.3933,0.0222,0.0,1.0
GSPKIPIYRGPPRPPVPK,DBAASPS_2111,GNNRPVYLPQPRPPHPRI,lead_opt_random,7.1608,15,18;1632.115;3.9966;0.2222;0.222;-0.9833;0.1667;59.4444;0.2208;0.0556;0.69;1.2028;0.4356;2.3939;0.0228;0.0;0.0198;0.0079;0.0;1.0,0.8809,0.0198,0.0079,0.0,1.0,0.2609,18,1632.115,3.9966,0.2222,0.222,-0.9833,0.1667,59.4444,0.2208,0.0556,0.69,1.2028,0.4356,2.3939,0.0228,0.0,1.0
KWKSFIKKLTSKLLKFLKKLTTGLS,DBAASPS_270,KWKSFLKTFKSLKKTVLHTLLKAISS,lead_opt_motif,7.1564,16,25;2487.28;7.9957;0.32;0.3198;-0.164;0.4;109.2;0.3943;0.12;1.0532;0.8984;0.3148;2.601;-0.084;0.24;0.8756;0.4105;0.172;1.0,0.8807,0.8756,0.4105,0.172,1.0,0.5733,25,2487.28,7.9957,0.32,0.3198,-0.164,0.4,109.2,0.3943,0.12,1.0532,0.8984,0.3148,2.601,-0.084,0.24,1.0
GILGKILHVGKHVGKIAAHVIGAHLN,DBAASPS_1140,GLLSVLGSVAKHVLGHVVGVIAEHL,lead_opt_random,7.1465,16,26;2184.795;3.3608;0.2692;0.1293;0.6692;0.5;150.0;0.2955;0.0;1.015;0.9054;0.2831;2.7198;-0.1288;0.3462;0.1416;0.135;0.2238;1.0,0.8802,0.1416,0.135,0.2238,1.0,0.3029,26,2184.795,3.3608,0.2692,0.1293,0.6692,0.5,150.0,0.2955,0.0,1.015,0.9054,0.2831,2.7198,-0.1288,0.3462,1.0
TGPKPPPIPRIYPGKRTP,DBAASPS_2111,GNNRPVYLPQPRPPHPRI,lead_opt_contiguous,7.1447,15,18;1648.105;3.9966;0.2222;0.222;-1.25;0.1111;43.3333;0.1882;0.0556;0.6806;1.2133;0.4439;2.5072;0.0506;0.0;0.0279;0.0112;0.0;1.0,0.8801,0.0279,0.0112,0.0,1.0,0.2011,18,1648.105,3.9966,0.2222,0.222,-1.25,0.1111,43.3333,0.1882,0.0556,0.6806,1.2133,0.4439,2.5072,0.0506,0.0,1.0
RAGLPPYPPIFCKRSKNG,DBAASPS_2111,GNNRPVYLPQPRPPHPRI,lead_opt_motif,7.1388,15,18;1677.125;3.9346;0.2222;0.2186;-0.7889;0.2222;48.8889;0.1597;0.1111;0.7994;1.1478;0.3861;2.3882;0.0106;0.0;0.2329;0.0932;0.0;1.0,0.8798,0.2329,0.0932,0.0,1.0,0.2222,18,1677.125,3.9346,0.2222,0.2186,-0.7889,0.2222,48.8889,0.1597,0.1111,0.7994,1.1478,0.3861,2.3882,0.0106,0.0,1.0
GIPPVGRGGPPSPRLPKSKY,DBAASPS_2111,GNNRPVYLPQPRPPHPRI,lead_opt_motif,7.1312,16,20;1700.145;3.9966;0.2;0.1998;-0.92;0.15;53.5;0.2792;0.05;0.706;1.238;0.426;2.544;0.0125;0.0;0.0347;0.0139;0.0;1.0,0.8794,0.0347,0.0139,0.0,1.0,0.2225,20,1700.145,3.9966,0.2,0.1998,-0.92,0.15,53.5,0.2792,0.05,0.706,1.238,0.426,2.544,0.0125,0.0,1.0
KIWKKIFQKVKKVGLKFVTTASKK,DBAASPS_270,KWKSFLKTFKSLKKTVLHTLLKAISS,lead_opt_random,7.1301,24,24;2402.165;8.9954;0.375;0.3748;-0.3875;0.4167;89.1667;0.3784;0.125;1.0775;0.8604;0.3083;2.7578;-0.0337;0.0;0.7941;0.3456;0.08;1.0,0.8793,0.7941,0.3456,0.08,1.0,0.3194,24,2402.165,8.9954,0.375,0.3748,-0.3875,0.4167,89.1667,0.3784,0.125,1.0775,0.8604,0.3083,2.7578,-0.0337,0.0,1.0
SGSPRSGLPPIPWPIRKRGG,DBAASPS_2111,GNNRPVYLPQPRPPHPRI,lead_opt_motif,7.1276,17,20;1755.185;3.9977;0.2;0.1999;-0.875;0.2;58.5;0.2032;0.05;0.7375;1.21;0.407;2.4564;0.0185;0.0;0.0366;0.0146;0.0;1.0,0.8792,0.0366,0.0146,0.0,1.0,0.2167,20,1755.185,3.9977,0.2,0.1999,-0.875,0.2,58.5,0.2032,0.05,0.7375,1.21,0.407,2.4564,0.0185,0.0,1.0
GSPVPIPRPPPIPRPRPPRPC,DBAASPS_3028,PRPPHPPRPPHPPRPPHPRL,lead_opt_motif,7.1275,11,21;1905.5;3.936;0.1905;0.1874;-1.0048;0.1429;50.9524;0.1075;0.0;0.6095;1.239;0.4624;2.1591;0.0633;0.8571;0.0174;0.104;0.2771;1.0,0.8792,0.0174,0.104,0.2771,1.0,0.2381,21,1905.5,3.936,0.1905,0.1874,-1.0048,0.1429,50.9524,0.1075,0.0,0.6095,1.239,0.4624,2.1591,0.0633,0.8571,1.0
GGPPGVPKIPPPRPKISKG,DBAASPS_2111,GNNRPVYLPQPRPPHPRI,lead_opt_contiguous,7.1266,15,19;1537.0;3.9971;0.2105;0.2104;-0.8737;0.1579;56.3158;0.132;0.0;0.6884;1.2553;0.4416;2.63;-0.0084;0.1579;0.0079;0.0197;0.0474;1.0,0.8791,0.0079,0.0197,0.0474,1.0,0.2839,19,1537.0,3.9971,0.2105,0.2104,-0.8737,0.1579,56.3158,0.132,0.0,0.6884,1.2553,0.4416,2.63,-0.0084,0.1579,1.0
GFASVLNKVAKVGLDKVLGKACAKL,DBAASPR_1546,GLWSTIKNVGKEAAIAAGKAALGAL,lead_opt_motif,7.123,19,25;2079.71;3.935;0.2;0.1574;0.64;0.52;124.8;0.2889;0.04;1.062;0.9108;0.3004;2.6738;-0.1548;0.0;0.0113;0.0489;0.1267;1.0,0.8789,0.0113,0.0489,0.1267,1.0,0.3733,25,2079.71,3.935,0.2,0.1574,0.64,0.52,124.8,0.2889,0.04,1.062,0.9108,0.3004,2.6738,-0.1548,0.0,1.0
GGPRPPIPPPPRPRPPRP,DBAASPS_3028,PRPPHPPRPPHPPRPPHPRL,lead_opt_motif,7.1228,11,18;1614.085;3.998;0.2222;0.2221;-1.7722;0.0556;21.6667;0.1492;0.0;0.5422;1.3483;0.5178;2.3454;0.125;1.0;0.0057;0.1073;0.3;1.0,0.8789,0.0057,0.1073,0.3,1.0,0.2088,18,1614.085,3.998,0.2222,0.2221,-1.7722,0.0556,21.6667,0.1492,0.0,0.5422,1.3483,0.5178,2.3454,0.125,1.0,1.0
YFGRIVHGIKHFIHRVHGLKGFLH,DBAASPS_1001,FLGLLFHGVHHVGKWIHGLIHGHH,lead_opt_contiguous,7.1142,16,24;2437.055;4.4511;0.375;0.1855;0.0917;0.4167;105.4167;0.3009;0.1667;0.9733;0.9067;0.2713;2.898;-0.0471;0.125;0.9305;0.4133;0.1175;1.0,0.8785,0.9305,0.4133,0.1175,1.0,0.2639,24,2437.055,4.4511,0.375,0.1855,0.0917,0.4167,105.4167,0.3009,0.1667,0.9733,0.9067,0.2713,2.898,-0.0471,0.125,1.0
GRPRPPPPPPIPPPRPRPPG,DBAASPS_3028,PRPPHPPRPPHPPRPPHPRL,lead_opt_motif,7.1016,10,20;1772.295;3.998;0.2;0.1999;-1.755;0.05;19.5;0.0761;0.0;0.522;1.3655;0.526;2.3321;0.1115;1.0;0.0164;0.1115;0.3;1.0,0.8778,0.0164,0.1115,0.3,1.0,0.2167,20,1772.295,3.998,0.2,0.1999,-1.755,0.05,19.5,0.0761,0.0,0.522,1.3655,0.526,2.3321,0.1115,1.0,1.0
GLADVLKGALKAFLGAIKNITKC,DBAASPR_1546,GLWSTIKNVGKEAAIAAGKAALGAL,lead_opt_random,7.1015,20,23;1930.52;2.9353;0.1739;0.1276;0.713;0.5217;131.7391;0.3363;0.0435;1.0622;0.91;0.2957;2.6336;-0.1843;0.0;0.0454;0.0493;0.089;1.0,0.8778,0.0454,0.0493,0.089,1.0,0.3768,23,1930.52,2.9353,0.1739,0.1276,0.713,0.5217,131.7391,0.3363,0.0435,1.0622,0.91,0.2957,2.6336,-0.1843,0.0,1.0
RGGPPPPPIPPRPPPPRPRP,DBAASPS_3028,PRPPHPPRPPHPPRPPHPRL,lead_opt_motif,7.1009,11,20;1772.295;3.998;0.2;0.1999;-1.755;0.05;19.5;0.1298;0.0;0.522;1.3655;0.526;2.3824;0.1115;1.0;0.0167;0.1117;0.3;1.0,0.8778,0.0167,0.1117,0.3,1.0,0.2258,20,1772.295,3.998,0.2,0.1999,-1.755,0.05,19.5,0.1298,0.0,0.522,1.3655,0.526,2.3824,0.1115,1.0,1.0
CGRGGPPPPPPIPRPRPPRPP,DBAASPS_3028,PRPPHPPRPPHPPRPPHPRL,lead_opt_random,7.1007,12,21;1817.35;3.936;0.1905;0.1874;-1.4952;0.0476;18.5714;0.1496;0.0;0.5414;1.3629;0.4971;2.4141;0.0914;0.8571;0.0309;0.1094;0.2771;1.0,0.8777,0.0309,0.1094,0.2771,1.0,0.2602,21,1817.35,3.936,0.1905,0.1874,-1.4952,0.0476,18.5714,0.1496,0.0,0.5414,1.3629,0.4971,2.4141,0.0914,0.8571,1.0
GSKPVPIPYPRPVRPRP,DBAASPS_2111,GNNRPVYLPQPRPPHPRI,lead_opt_motif,7.0982,17,17;1607.07;3.9968;0.2353;0.2351;-1.0706;0.1765;57.0588;0.1954;0.0588;0.6835;1.1753;0.4394;2.2834;0.0688;0.1765;0.0188;0.0261;0.0529;1.0,0.8776,0.0188,0.0261,0.0529,1.0,0.3171,17,1607.07,3.9968,0.2353,0.2351,-1.0706,0.1765,57.0588,0.1954,0.0588,0.6835,1.1753,0.4394,2.2834,0.0688,0.1765,1.0
GGPGPVPYIPRIPRSSRSGK,DBAASPS_2111,GNNRPVYLPQPRPPHPRI,lead_opt_contiguous,7.0901,15,20;1718.125;3.9968;0.2;0.1998;-0.875;0.15;53.5;0.3643;0.05;0.7105;1.2145;0.412;2.4807;0.042;0.15;0.0278;0.0269;0.045;1.0,0.8772,0.0278,0.0269,0.045,1.0,0.2905,20,1718.125,3.9968,0.2,0.1998,-0.875,0.15,53.5,0.3643,0.05,0.7105,1.2145,0.412,2.4807,0.042,0.15,1.0
ILGKILHGVKKFAGHIIGLIK,DBAASPS_1140,GLLSVLGSVAKHVLGHVVGVIAEHL,lead_opt_motif,7.0815,21,21;1877.53;4.1786;0.2857;0.199;0.9095;0.5238;167.1429;0.3405;0.0476;1.0267;0.8724;0.2719;2.715;-0.1895;0.0;0.432;0.1909;0.0517;1.0,0.8767,0.432,0.1909,0.0517,1.0,0.4037,21,1877.53,4.1786,0.2857,0.199,0.9095,0.5238,167.1429,0.3405,0.0476,1.0267,0.8724,0.2719,2.715,-0.1895,0.0,1.0
GSVPGIPSWPKPKPKIPRP,DBAASPS_2111,GNNRPVYLPQPRPPHPRI,lead_opt_motif,7.0727,17,19;1696.19;3.9971;0.2105;0.2104;-0.9211;0.2105;56.3158;0.2108;0.0526;0.7258;1.1979;0.4258;2.5019;-0.0079;0.3158;0.0059;0.0355;0.0947;1.0,0.8763,0.0059,0.0355,0.0947,1.0,0.2197,19,1696.19,3.9971,0.2105,0.2104,-0.9211,0.2105,56.3158,0.2108,0.0526,0.7258,1.1979,0.4258,2.5019,-0.0079,0.3158,1.0
GSPVGPVISYPKPRPKPR,DBAASPS_2111,GNNRPVYLPQPRPPHPRI,lead_opt_random,7.071,15,18;1608.045;3.9966;0.2222;0.222;-0.9556;0.1667;53.8889;0.1278;0.0556;0.7128;1.1883;0.4261;2.4736;0.0411;0.3333;0.0035;0.0364;0.1;1.0,0.8762,0.0035,0.0364,0.1,1.0,0.2477,18,1608.045,3.9966,0.2222,0.222,-0.9556,0.1667,53.8889,0.1278,0.0556,0.7128,1.1883,0.4261,2.4736,0.0411,0.3333,1.0
RIIKVLHHGGLHAIHAVLKIEKTT,DBAASPS_1140,GLLSVLGSVAKHVLGHVVGVIAEHL,lead_opt_motif,7.0698,21,24;2252.875;3.3625;0.3333;0.1401;0.2792;0.4583;146.25;0.2451;0.0;1.0688;0.8071;0.2875;2.8104;-0.0621;0.0;0.5215;0.2366;0.08;1.0,0.8761,0.5215,0.2366,0.08,1.0,0.2778,24,2252.875,3.3625,0.3333,0.1401,0.2792,0.4583,146.25,0.2451,0.0,1.0688,0.8071,0.2875,2.8104,-0.0621,0.0,1.0
GFGAILKGAAKKVAGLIKKLAGHLASG,DBAASPR_1546,GLWSTIKNVGKEAAIAAGKAALGAL,lead_opt_contiguous,7.0689,21,27;2090.73;5.0875;0.2222;0.1884;0.5963;0.5185;119.6296;0.3083;0.037;1.063;0.9285;0.3037;2.6592;-0.1493;0.0;0.3183;0.1849;0.1647;1.0,0.876,0.3183,0.1849,0.1647,1.0,0.2963,27,2090.73,5.0875,0.2222,0.1884,0.5963,0.5185,119.6296,0.3083,0.037,1.063,0.9285,0.3037,2.6592,-0.1493,0.0,1.0
GIFDTIKKVLKVVLNVVTGAK,DBAASPS_1140,GLLSVLGSVAKHVLGHVVGVIAEHL,lead_opt_contiguous,7.0672,18,21;1864.42;2.9973;0.1905;0.1427;0.8286;0.5238;148.0952;0.4054;0.0476;1.0262;0.861;0.2881;2.8392;-0.1733;0.0;0.2372;0.113;0.0517;1.0,0.876,0.2372,0.113,0.0517,1.0,0.4127,21,1864.42,2.9973,0.1905,0.1427,0.8286,0.5238,148.0952,0.4054,0.0476,1.0262,0.861,0.2881,2.8392,-0.1733,0.0,1.0
GIGAIAKGILKAAKKFVGSLAKGIAHH,DBAASPR_1546,GLWSTIKNVGKEAAIAAGKAALGAL,lead_opt_random,7.059,20,27;2170.82;5.1784;0.2593;0.1918;0.5444;0.5185;119.6296;0.3727;0.037;1.0693;0.8941;0.2941;2.6887;-0.1237;0.2222;0.5347;0.2949;0.2314;1.0,0.8755,0.5347,0.2949,0.2314,1.0,0.3086,27,2170.82,5.1784,0.2593,0.1918,0.5444,0.5185,119.6296,0.3727,0.037,1.0693,0.8941,0.2941,2.6887,-0.1237,0.2222,1.0
RRPGSPPPPPIIRPPRPY,DBAASPS_3028,PRPPHPPRPPHPPRPPHPRL,lead_opt_contiguous,7.0579,13,18;1726.215;3.9971;0.2222;0.2221;-1.4389;0.1111;43.3333;0.2831;0.0556;0.6139;1.2461;0.4717;2.2657;0.1;0.3333;0.0102;0.0391;0.1;1.0,0.8755,0.0102,0.0391,0.1,1.0,0.2866,18,1726.215,3.9971,0.2222,0.2221,-1.4389,0.1111,43.3333,0.2831,0.0556,0.6139,1.2461,0.4717,2.2657,0.1,0.3333,1.0
KWKSFIKKLTSKILHTAKKFLSAVTTK,DBAASPS_270,KWKSFLKTFKSLKKTVLHTLLKAISS,lead_opt_motif,7.0559,18,27;2647.41;8.0866;0.3333;0.2995;-0.2481;0.4074;90.3704;0.3422;0.1111;1.0719;0.8567;0.3078;2.6351;-0.0322;0.0;0.7441;0.3466;0.14;1.0,0.8754,0.7441,0.3466,0.14,1.0,0.6296,27,2647.41,8.0866,0.3333,0.2995,-0.2481,0.4074,90.3704,0.3422,0.1111,1.0719,0.8567,0.3078,2.6351,-0.0322,0.0,1.0
KWKSFIKKLTSKLKKIATKIATGLTS,DBAASPS_270,KWKSFLKTFKSLKKTVLHTLLKAISS,lead_opt_contiguous,7.0493,17,26;2452.185;7.9957;0.3077;0.3075;-0.2462;0.3846;97.6923;0.3675;0.0769;1.0538;0.8919;0.3185;2.5991;-0.0465;0.3462;0.6958;0.3567;0.2238;1.0,0.875,0.6958,0.3567,0.2238,1.0,0.5769,26,2452.185,7.9957,0.3077,0.3075,-0.2462,0.3846,97.6923,0.3675,0.0769,1.0538,0.8919,0.3185,2.5991,-0.0465,0.3462,1.0
SGSSGYPVGRGVRKTRPS,DBAASPS_2111,GNNRPVYLPQPRPPHPRI,lead_opt_random,7.0478,18,18;1523.785;3.9968;0.2222;0.222;-1.0556;0.1111;32.2222;0.3556;0.0556;0.7606;1.1933;0.3944;2.5514;0.1056;0.0;0.0769;0.0307;0.0;1.0,0.8749,0.0769,0.0307,0.0,1.0,0.3148,18,1523.785,3.9968,0.2222,0.222,-1.0556,0.1111,32.2222,0.3556,0.0556,0.7606,1.1933,0.3944,2.5514,0.1056,0.0,1.0
KWKSFIKKLTSKAKKIAGIAGKILTS,DBAASPS_270,KWKSFLKTFKSLKKTVLHTLLKAISS,lead_opt_motif,7.0474,16,26;2378.115;7.9957;0.3077;0.3075;-0.1115;0.4231;101.5385;0.3195;0.0769;1.0615;0.8996;0.3138;2.6307;-0.0669;0.2308;0.7181;0.3535;0.1892;1.0,0.8749,0.7181,0.3535,0.1892,1.0,0.5513,26,2378.115,7.9957,0.3077,0.3075,-0.1115,0.4231,101.5385,0.3195,0.0769,1.0615,0.8996,0.3138,2.6307,-0.0669,0.2308,1.0
GYPGVGRGPVGGPKPRGK,DBAASPS_2111,GNNRPVYLPQPRPPHPRI,lead_opt_contiguous,7.0452,15,18;1411.735;3.9966;0.2222;0.222;-1.05;0.1111;32.2222;0.1534;0.0556;0.6878;1.3122;0.4194;2.7504;0.0222;0.0;0.0782;0.0313;0.0;1.0,0.8748,0.0782,0.0313,0.0,1.0,0.2286,18,1411.735,3.9966,0.2222,0.222,-1.05,0.1111,32.2222,0.1534,0.0556,0.6878,1.3122,0.4194,2.7504,0.0222,0.0,1.0
IFKGLFKKIKTAGKKIAAHVKKKC,DBAASPS_173,KWKSFIKKLTKAAKKVVTTAKKPLIV,lead_opt_motif,7.0427,18,24;2254.035;9.0243;0.4167;0.376;-0.2;0.4167;89.5833;0.3532;0.0833;1.0892;0.8738;0.3046;2.7456;-0.0342;0.125;0.6636;0.3066;0.1175;1.0,0.8747,0.6636,0.3066,0.1175,1.0,0.3611,24,2254.035,9.0243,0.4167,0.376,-0.2,0.4167,89.5833,0.3532,0.0833,1.0892,0.8738,0.3046,2.7456,-0.0342,0.125,1.0
KWKSFIKKLTKKLSKAAKVGLTTAK,DBAASPS_173,KWKSFIKKLTKAAKKVVTTAKKPLIV,lead_opt_random,7.0352,14,25;2354.08;8.9954;0.36;0.3598;-0.472;0.4;86.0;0.3821;0.08;1.0912;0.8868;0.326;2.6114;-0.0188;0.12;0.757;0.3504;0.136;1.0,0.8743,0.757,0.3504,0.136,1.0,0.5333,25,2354.08,8.9954,0.36,0.3598,-0.472,0.4,86.0,0.3821,0.08,1.0912,0.8868,0.326,2.6114,-0.0188,0.12,1.0
KWKSFIKKLTKKLTTGLKALIKHIK,DBAASPS_173,KWKSFIKKLTKAAKKVVTTAKKPLIV,lead_opt_contiguous,7.0226,14,25;2502.33;9.0863;0.4;0.3635;-0.368;0.4;113.2;0.3783;0.08;1.0792;0.8688;0.3128;2.644;-0.0448;0.24;0.6402;0.3163;0.172;1.0,0.8736,0.6402,0.3163,0.172,1.0,0.4933,25,2502.33,9.0863,0.4,0.3635,-0.368,0.4,113.2,0.3783,0.08,1.0792,0.8688,0.3128,2.644,-0.0448,0.24,1.0
GFLGKLVKAFKKLGEVLASGIAGA,DBAASPR_1546,GLWSTIKNVGKEAAIAAGKAALGAL,lead_opt_motif,7.0208,21,24;1942.525;2.9986;0.1667;0.1249;0.7917;0.5417;122.0833;0.3673;0.0833;1.0729;0.8933;0.2983;2.8315;-0.1946;0.0;0.0575;0.0704;0.1356;1.0,0.8735,0.0575,0.0704,0.1356,1.0,0.3472,24,1942.525,2.9986,0.1667,0.1249,0.7917,0.5417,122.0833,0.3673,0.0833,1.0729,0.8933,0.2983,2.8315,-0.1946,0.0,1.0
GGPPPIPPPPRPPPRPRPPH,DBAASPS_3028,PRPPHPPRPPHPPRPPHPRL,lead_opt_contiguous,7.0193,11,20;1753.245;3.0889;0.2;0.1544;-1.69;0.05;19.5;0.2369;0.0;0.5245;1.3655;0.5185;2.4244;0.0965;1.0;0.0579;0.1282;0.3;1.0,0.8734,0.0579,0.1282,0.3,1.0,0.2667,20,1753.245,3.0889,0.2,0.1544,-1.69,0.05,19.5,0.2369,0.0,0.5245,1.3655,0.5185,2.4244,0.0965,1.0,1.0
VILGEVKKLVPGIIAHIISAIHHGKH,DBAASPS_1140,GLLSVLGSVAKHVLGHVVGVIAEHL,lead_opt_motif,7.0192,23,26;2311.995;2.3625;0.2692;0.0909;0.7385;0.5;161.1538;0.2619;0.0;1.0281;0.8362;0.2823;2.8296;-0.1358;0.0;0.1184;0.0894;0.12;1.0,0.8734,0.1184,0.0894,0.12,1.0,0.2436,26,2311.995,2.3625,0.2692,0.0909,0.7385,0.5,161.1538,0.2619,0.0,1.0281,0.8362,0.2823,2.8296,-0.1358,0.0,1.0
FIHHFLHGIHVGFKHVGKHIHGLIH,DBAASPS_1001,FLGLLFHGVHHVGKWIHGLIHGHH,lead_opt_contiguous,7.0123,17,25;2468.06;2.7247;0.4;0.109;0.296;0.44;116.8;0.3068;0.12;0.994;0.8816;0.2552;3.0412;-0.0672;0.12;0.6675;0.3146;0.136;1.0,0.873,0.6675,0.3146,0.136,1.0,0.24,25,2468.06,2.7247,0.4,0.109,0.296,0.44,116.8,0.3068,0.12,0.994,0.8816,0.2552,3.0412,-0.0672,0.12,1.0
GLPVGRPPPPPKPRPPVR,DBAASPS_2111,GNNRPVYLPQPRPPHPRI,lead_opt_contiguous,7.0109,13,18;1590.085;3.9977;0.2222;0.2221;-1.1333;0.1667;53.8889;0.168;0.0;0.6411;1.245;0.4722;2.392;0.0556;0.5;0.0031;0.0537;0.15;1.0,0.873,0.0031,0.0537,0.15,1.0,0.2407,18,1590.085,3.9977,0.2222,0.2221,-1.1333,0.1667,53.8889,0.168,0.0,0.6411,1.245,0.4722,2.392,0.0556,0.5,1.0
GSPGVPVGSGLKPKPKPK,DBAASPS_2111,GNNRPVYLPQPRPPHPRI,lead_opt_contiguous,7.01,16,18;1405.805;3.9968;0.2222;0.222;-0.8111;0.1667;53.8889;0.1313;0.0;0.7494;1.2361;0.4278;2.6858;-0.015;0.5;0.0035;0.0539;0.15;1.0,0.8729,0.0035,0.0539,0.15,1.0,0.2292,18,1405.805,3.9968,0.2222,0.222,-0.8111,0.1667,53.8889,0.1313,0.0,0.7494,1.2361,0.4278,2.6858,-0.015,0.5,1.0
GIGKFLHAAKKIAGAVKAFVGTLINS,DBAASPR_1546,GLWSTIKNVGKEAAIAAGKAALGAL,lead_opt_motif,7.0081,23,26;2143.745;4.0877;0.1923;0.1572;0.7192;0.5385;116.5385;0.2893;0.0769;1.0512;0.8881;0.2888;2.7222;-0.1488;0.0;0.1429;0.1171;0.1713;1.0,0.8728,0.1429,0.1171,0.1713,1.0,0.4487,26,2143.745,4.0877,0.1923,0.1572,0.7192,0.5385,116.5385,0.2893,0.0769,1.0512,0.8881,0.2888,2.7222,-0.1488,0.0,1.0
GSSGSGPVKPKPKYPVRP,DBAASPS_2111,GNNRPVYLPQPRPPHPRI,lead_opt_random,7.0058,16,18;1513.875;3.9963;0.2222;0.222;-1.15;0.1111;32.2222;0.134;0.0556;0.72;1.2406;0.4306;2.5988;0.0506;0.1667;0.0673;0.0444;0.05;1.0,0.8727,0.0673,0.0444,0.05,1.0,0.2699,18,1513.875,3.9963,0.2222,0.222,-1.15,0.1111,32.2222,0.134,0.0556,0.72,1.2406,0.4306,2.5988,0.0506,0.1667,1.0
GPGYPGRPSPRPRSPVRPR,DBAASPS_3028,PRPPHPPRPPHPPRPPHPRL,lead_opt_motif,7.0042,15,19;1744.14;4.9971;0.2632;0.263;-1.7684;0.0526;15.2632;0.2223;0.0526;0.6384;1.2847;0.4658;2.4012;0.1721;0.1579;0.6252;0.2667;0.0474;1.0,0.8726,0.6252,0.2667,0.0474,1.0,0.2624,19,1744.14,4.9971,0.2632,0.263,-1.7684,0.0526,15.2632,0.2223,0.0526,0.6384,1.2847,0.4658,2.4012,0.1721,0.1579,1.0
SIYVGGRPPPPRPKPPPR,DBAASPS_2111,GNNRPVYLPQPRPPHPRI,lead_opt_random,6.995,13,18;1644.095;3.9968;0.2222;0.222;-1.3556;0.1111;37.7778;0.1451;0.0556;0.6372;1.2578;0.4622;2.4547;0.0794;0.5;0.0111;0.0569;0.15;1.0,0.8721,0.0111,0.0569,0.15,1.0,0.2424,18,1644.095,3.9968,0.2222,0.222,-1.3556,0.1111,37.7778,0.1451,0.0556,0.6372,1.2578,0.4622,2.4547,0.0794,0.5,1.0
FVGGVFKRVRKFVC,DBAASPS_3078,VRRFGWWWGFLRR,lead_opt_contiguous,6.9949,14,14;1389.825;3.9354;0.2857;0.2811;0.7214;0.5;82.8571;0.4059;0.2143;0.9779;0.8707;0.2586;2.5133;-0.0871;0.0;0.5582;0.2233;0.0;1.0,0.8721,0.5582,0.2233,0.0,1.0,0.4048,14,1389.825,3.9354,0.2857,0.2811,0.7214,0.5,82.8571,0.4059,0.2143,0.9779,0.8707,0.2586,2.5133,-0.0871,0.0,1.0
GRGPRPPIPLPPRPRPP,DBAASPS_3028,PRPPHPPRPPHPPRPPHPRL,lead_opt_contiguous,6.9903,13,17;1551.02;3.998;0.2353;0.2352;-1.4647;0.1176;45.8824;0.2088;0.0;0.6053;1.2835;0.4894;2.2718;0.0971;0.5294;0.0081;0.0588;0.1588;1.0,0.8719,0.0081,0.0588,0.1588,1.0,0.2359,17,1551.02,3.998,0.2353,0.2352,-1.4647,0.1176,45.8824,0.2088,0.0,0.6053,1.2835,0.4894,2.2718,0.0971,0.5294,1.0
FLGKVLKGVKHVLGKVLGIVCKISN,DBAASPS_1140,GLLSVLGSVAKHVLGHVVGVIAEHL,lead_opt_motif,6.9863,20,25;2199.94;5.0255;0.24;0.201;0.876;0.48;151.6;0.3222;0.04;0.986;0.9176;0.2824;2.5493;-0.168;0.48;0.3111;0.2098;0.244;1.0,0.8717,0.3111,0.2098,0.244,1.0,0.2667,25,2199.94,5.0255,0.24,0.201,0.876,0.48,151.6,0.3222,0.04,0.986,0.9176,0.2824,2.5493,-0.168,0.48,1.0
FFHHIGRHLGRAFHGVHVGKHVLG,DBAASPS_1001,FLGLLFHGVHHVGKWIHGLIHGHH,lead_opt_motif,6.9853,21,24;2283.785;3.5431;0.375;0.1476;0.0333;0.4167;89.1667;0.3541;0.125;0.975;0.9317;0.2783;2.9519;-0.0167;0.0;0.5642;0.2537;0.08;1.0,0.8716,0.5642,0.2537,0.08,1.0,0.2083,24,2283.785,3.5431,0.375,0.1476,0.0333,0.4167,89.1667,0.3541,0.125,0.975,0.9317,0.2783,2.9519,-0.0167,0.0,1.0
VIGKWKRWVRYGIA,DBAASPS_3078,VRRFGWWWGFLRR,lead_opt_motif,6.9793,12,14;1479.885;3.9966;0.2857;0.2855;-0.1071;0.5;104.2857;0.4211;0.2143;0.9936;0.9143;0.275;2.3763;-0.075;0.0;0.9195;0.3678;0.0;1.0,0.8713,0.9195,0.3678,0.0,1.0,0.2675,14,1479.885,3.9966,0.2857,0.2855,-0.1071,0.5,104.2857,0.4211,0.2143,0.9936,0.9143,0.275,2.3763,-0.075,0.0,1.0
SGRPGGPLPSPFIRKPRI,DBAASPS_2111,GNNRPVYLPQPRPPHPRI,lead_opt_motif,6.9757,12,18;1608.055;3.9977;0.2222;0.2221;-0.7;0.2222;65.0;0.2775;0.0556;0.7478;1.165;0.4078;2.5171;0.0156;0.0;0.4668;0.1867;0.0;1.0,0.8711,0.4668,0.1867,0.0,1.0,0.2276,18,1608.055,3.9977,0.2222,0.2221,-0.7,0.2222,65.0,0.2775,0.0556,0.7478,1.165,0.4078,2.5171,0.0156,0.0,1.0
KWKSFLRKLKKLFKKLMTSVTKVGL,DBAASPS_270,KWKSFLKTFKSLKKTVLHTLLKAISS,lead_opt_random,6.9718,16,25;2558.43;8.9957;0.36;0.3598;-0.204;0.44;101.2;0.4685;0.12;1.0784;0.8704;0.3108;2.6299;-0.0616;0.12;0.991;0.444;0.136;1.0,0.8709,0.991,0.444,0.136,1.0,0.3764,25,2558.43,8.9957,0.36,0.3598,-0.204,0.44,101.2,0.4685,0.12,1.0784,0.8704,0.3108,2.6299,-0.0616,0.12,1.0
KWKSFIKKLTSKLKKLAKTILKTITG,DBAASPS_173,KWKSFIKKLTKAAKKVVTTAKKPLIV,lead_opt_motif,6.9685,12,26;2535.355;8.9954;0.3462;0.346;-0.2885;0.3846;108.8462;0.4053;0.0769;1.0608;0.8831;0.3181;2.5982;-0.0535;0.2308;0.9094;0.43;0.1892;1.0,0.8707,0.9094,0.43,0.1892,1.0,0.5513,26,2535.355,8.9954,0.3462,0.346,-0.2885,0.3846,108.8462,0.4053,0.0769,1.0608,0.8831,0.3181,2.5982,-0.0535,0.2308,1.0
GFLSALKNLGKAVGKAALKAVKGAVGA,DBAASPR_1546,GLWSTIKNVGKEAAIAAGKAALGAL,lead_opt_random,6.9659,15,27;2053.66;4.9965;0.1852;0.1851;0.6444;0.5556;115.9259;0.35;0.037;1.0807;0.9148;0.3081;2.6537;-0.1474;0.4444;0.2072;0.2045;0.3474;1.0,0.8706,0.2072,0.2045,0.3474,1.0,0.3704,27,2053.66,4.9965,0.1852,0.1851,0.6444,0.5556,115.9259,0.35,0.037,1.0807,0.9148,0.3081,2.6537,-0.1474,0.4444,1.0
SGPIPPIPYPKPKPKPVPR,DBAASPS_2111,GNNRPVYLPQPRPPHPRI,lead_opt_motif,6.9577,16,19;1723.27;3.9963;0.2105;0.2103;-1.0474;0.1579;56.3158;0.1077;0.0526;0.6705;1.2163;0.4547;2.5066;0.0053;0.6316;0.0056;0.0686;0.1895;1.0,0.8701,0.0056,0.0686,0.1895,1.0,0.2105,19,1723.27,3.9963,0.2105,0.2103,-1.0474,0.1579,56.3158,0.1077,0.0526,0.6705,1.2163,0.4547,2.5066,0.0053,0.6316,1.0
KWKSFIKKLSKKLTKAALHIGKTLVQ,DBAASPS_173,KWKSFIKKLTKAAKKVVTTAKKPLIV,lead_opt_contiguous,6.956,13,26;2527.305;8.0866;0.3462;0.311;-0.2846;0.4231;108.8462;0.3801;0.0769;1.0873;0.8688;0.3119;2.6187;-0.0492;0.1154;0.7855;0.3683;0.1546;1.0,0.87,0.7855,0.3683,0.1546,1.0,0.4359,26,2527.305,8.0866,0.3462,0.311,-0.2846,0.4231,108.8462,0.3801,0.0769,1.0873,0.8688,0.3119,2.6187,-0.0492,0.1154,1.0
KPGPPVPIPPPPRPPRPRP,DBAASPS_3028,PRPPHPPRPPHPPRPPHPRL,lead_opt_motif,6.9475,14,19;1707.25;3.9977;0.2105;0.2104;-1.4895;0.1053;35.7895;0.1567;0.0;0.5684;1.3005;0.5089;2.3572;0.0811;0.6316;0.0108;0.0706;0.1895;1.0,0.8696,0.0108,0.0706,0.1895,1.0,0.2982,19,1707.25,3.9977,0.2105,0.2104,-1.4895,0.1053,35.7895,0.1567,0.0,0.5684,1.3005,0.5089,2.3572,0.0811,0.6316,1.0
FIGRIIHGIHAGFKVHFGHHIHRF,DBAASPS_1001,FLGLLFHGVHHVGKWIHGLIHGHH,lead_opt_motif,6.9466,17,24;2401.975;3.5431;0.375;0.1476;0.25;0.4583;97.5;0.2199;0.1667;0.9892;0.8758;0.2567;2.971;-0.0458;0.0;0.7353;0.3221;0.08;1.0,0.8695,0.7353,0.3221,0.08,1.0,0.25,24,2401.975,3.5431,0.375,0.1476,0.25,0.4583,97.5,0.2199,0.1667,0.9892,0.8758,0.2567,2.971,-0.0458,0.0,1.0
KWKSFIKKLTKAALKVHTKTGLQAIL,DBAASPS_270,KWKSFLKTFKSLKKTVLHTLLKAISS,lead_opt_contiguous,6.943,19,26;2484.235;7.0869;0.3077;0.2726;-0.0615;0.4615;112.6923;0.3061;0.0769;1.0996;0.8427;0.3027;2.6095;-0.0719;0.0;0.6619;0.3068;0.12;1.0,0.8694,0.6619,0.3068,0.12,1.0,0.5641,26,2484.235,7.0869,0.3077,0.2726,-0.0615,0.4615,112.6923,0.3061,0.0769,1.0996,0.8427,0.3027,2.6095,-0.0719,0.0,1.0
RGPPIPPPSPPPIPRPRPPI,DBAASPS_3028,PRPPHPPRPPHPPRPPHPRL,lead_opt_motif,6.937,12,20;1775.335;2.998;0.15;0.1499;-1.02;0.15;58.5;0.1267;0.0;0.5755;1.2685;0.4855;2.3084;0.025;0.75;0.1457;0.137;0.225;1.0,0.869,0.1457,0.137,0.225,1.0,0.2258,20,1775.335,2.998,0.15,0.1499,-1.02,0.15,58.5,0.1267,0.0,0.5755,1.2685,0.4855,2.3084,0.025,0.75,1.0
FVGRIAKFVKKIS,DBAASPS_3367,LNWGAKLKHIIK,lead_opt_motif,6.9351,13,13;1258.67;3.9971;0.3077;0.3075;0.5692;0.5385;112.3077;0.4857;0.1538;1.0562;0.8146;0.2769;2.5803;-0.0977;0.0;0.7587;0.3214;0.0513;1.0,0.8689,0.7587,0.3214,0.0513,1.0,0.3846,13,1258.67,3.9971,0.3077,0.3075,0.5692,0.5385,112.3077,0.4857,0.1538,1.0562,0.8146,0.2769,2.5803,-0.0977,0.0,1.0
GSKPIPVPIYPRPPRPVK,DBAASPS_2111,GNNRPVYLPQPRPPHPRI,lead_opt_random,6.9305,12,18;1674.195;3.9966;0.2222;0.222;-0.7278;0.2222;75.5556;0.2058;0.0556;0.7172;1.1394;0.4217;2.3249;0.0078;0.1667;0.4588;0.201;0.05;1.0,0.8687,0.4588,0.201,0.05,1.0,0.2629,18,1674.195,3.9966,0.2222,0.222,-0.7278,0.2222,75.5556,0.2058,0.0556,0.7172,1.1394,0.4217,2.3249,0.0078,0.1667,1.0
ISKSFKKLLKKFAKIGTAIIKTYC,DBAASPS_270,KWKSFLKTFKSLKKTVLHTLLKAISS,lead_opt_contiguous,6.916,20,24;2298.055;6.9331;0.2917;0.2889;0.2208;0.4167;105.8333;0.4335;0.125;1.0467;0.87;0.2925;2.5618;-0.0975;0.0;0.9022;0.3889;0.08;1.0,0.8679,0.9022,0.3889,0.08,1.0,0.3194,24,2298.055,6.9331,0.2917,0.2889,0.2208,0.4167,105.8333,0.4335,0.125,1.0467,0.87,0.2925,2.5618,-0.0975,0.0,1.0
RILKIIKHILKWL,DBAASPS_3365,LNWKAILKHIIK,lead_opt_motif,6.9104,11,13;1439.99;4.088;0.3846;0.3145;0.7;0.6154;210.0;0.5226;0.0769;1.1123;0.7338;0.2523;2.2555;-0.1692;0.2308;0.9179;0.4452;0.2231;1.0,0.8676,0.9179,0.4452,0.2231,1.0,0.4615,13,1439.99,4.088,0.3846,0.3145,0.7,0.6154,210.0,0.5226,0.0769,1.1123,0.7338,0.2523,2.2555,-0.1692,0.2308,1.0
KWKSFIKKLTTKAAKKLTGFLSAIKK,DBAASPS_173,KWKSFIKKLTKAAKKVVTTAKKPLIV,lead_opt_random,6.9104,13,26;2497.275;8.9954;0.3462;0.346;-0.3346;0.4231;86.5385;0.3185;0.1154;1.0935;0.8746;0.3162;2.6545;-0.0446;0.3462;0.7659;0.3847;0.2238;1.0,0.8676,0.7659,0.3847,0.2238,1.0,0.5769,26,2497.275,8.9954,0.3462,0.346,-0.3346,0.4231,86.5385,0.3185,0.1154,1.0935,0.8746,0.3162,2.6545,-0.0446,0.3462,1.0
KWKSFIKKLTKAAKKIGTAIKPIVTKI,DBAASPS_173,KWKSFIKKLTKAAKKVVTTAKKPLIV,lead_opt_contiguous,6.9065,10,27;2554.41;8.9954;0.3333;0.3332;-0.0815;0.4444;108.5185;0.417;0.0741;1.0648;0.8578;0.3122;2.6315;-0.0656;0.0;0.9711;0.4374;0.14;1.0,0.8674,0.9711,0.4374,0.14,1.0,0.5432,27,2554.41,8.9954,0.3333,0.3332,-0.0815,0.4444,108.5185,0.417,0.0741,1.0648,0.8578,0.3122,2.6315,-0.0656,0.0,1.0
KIWKTLKKAFKKVAHVGKKIATKIS,DBAASPS_173,KWKSFIKKLTKAAKKVVTTAKKPLIV,lead_opt_contiguous,6.9015,21,25;2402.17;9.0863;0.4;0.3635;-0.316;0.44;97.6;0.4295;0.08;1.0992;0.8476;0.3076;2.7113;-0.0228;0.0;0.5942;0.2727;0.1;1.0,0.8671,0.5942,0.2727,0.1,1.0,0.32,25,2402.17,9.0863,0.4,0.3635,-0.316,0.44,97.6,0.4295,0.08,1.0992,0.8476,0.3076,2.7113,-0.0228,0.0,1.0
KWKSFIKKLTKKAKLHLSKALTGK,DBAASPS_173,KWKSFIKKLTKAAKKVVTTAKKPLIV,lead_opt_contiguous,6.9006,12,24;2351.085;9.0863;0.4167;0.3786;-0.6875;0.375;89.5833;0.2809;0.0833;1.0908;0.9021;0.3288;2.6526;-0.0037;0.0;0.708;0.3112;0.08;1.0,0.8671,0.708,0.3112,0.08,1.0,0.5267,24,2351.085,9.0863,0.4167,0.3786,-0.6875,0.375,89.5833,0.2809,0.0833,1.0908,0.9021,0.3288,2.6526,-0.0037,0.0,1.0
GIGAVLRKIVHVGLGVVGELVKKP,DBAASPS_1140,GLLSVLGSVAKHVLGHVVGVIAEHL,lead_opt_random,6.897,19,24;2006.645;3.0898;0.2083;0.1287;0.8708;0.5;157.9167;0.2853;0.0;0.9875;0.8958;0.3;2.7303;-0.1633;0.0;0.1542;0.0897;0.08;1.0,0.8669,0.1542,0.0897,0.08,1.0,0.36,24,2006.645,3.0898,0.2083,0.1287,0.8708,0.5,157.9167,0.2853,0.0,0.9875,0.8958,0.3,2.7303,-0.1633,0.0,1.0
IKRLVHFLKHFL,DBAASPS_3365,LNWKAILKHIIK,lead_opt_contiguous,6.896,12,12;1334.775;3.1792;0.4167;0.2649;0.5833;0.5833;154.1667;0.4596;0.1667;1.1083;0.7342;0.2517;2.6169;-0.1067;0.25;0.8469;0.4039;0.1861;1.0,0.8669,0.8469,0.4039,0.1861,1.0,0.3974,12,1334.775,3.1792,0.4167,0.2649,0.5833,0.5833,154.1667,0.4596,0.1667,1.1083,0.7342,0.2517,2.6169,-0.1067,0.25,1.0
SGGPGPVPIPRPRPPRPPRP,DBAASPS_3028,PRPPHPPRPPHPPRPPHPRL,lead_opt_motif,6.8957,13,20;1724.195;3.998;0.2;0.1999;-1.365;0.1;34.0;0.1262;0.0;0.591;1.306;0.4835;2.439;0.092;0.75;0.0151;0.0848;0.225;1.0,0.8668,0.0151,0.0848,0.225,1.0,0.2848,20,1724.195,3.998,0.2,0.1999,-1.365,0.1,34.0,0.1262,0.0,0.591,1.306,0.4835,2.439,0.092,0.75,1.0
RGGRPPPPPPPIPPPRPGR,DBAASPS_3028,PRPPHPPRPPHPPRPPHPRL,lead_opt_random,6.8931,13,19;1653.12;3.998;0.2105;0.2104;-1.7;0.0526;20.5263;0.1565;0.0;0.5437;1.3637;0.5116;2.4732;0.1111;0.7895;0.0091;0.0865;0.2368;1.0,0.8667,0.0091,0.0865,0.2368,1.0,0.2304,19,1653.12,3.998,0.2105,0.2104,-1.7,0.0526,20.5263,0.1565,0.0,0.5437,1.3637,0.5116,2.4732,0.1111,0.7895,1.0
KWKSFIKKLTKKALKVVTTAAKKITGA,DBAASPS_173,KWKSFIKKLTKAAKKVVTTAKKPLIV,lead_opt_random,6.893,8,27;2502.28;8.9954;0.3333;0.3332;-0.1852;0.4444;94.0741;0.3825;0.0741;1.0996;0.8474;0.3122;2.6339;-0.0396;0.0;0.9779;0.4401;0.14;1.0,0.8667,0.9779,0.4401,0.14,1.0,0.5185,27,2502.28,8.9954,0.3333,0.3332,-0.1852,0.4444,94.0741,0.3825,0.0741,1.0996,0.8474,0.3122,2.6339,-0.0396,0.0,1.0
HVHRLGRVLGVLHLGAVHGLHKL,DBAASPS_1140,GLLSVLGSVAKHVLGHVVGVIAEHL,lead_opt_motif,6.8831,21,23;2104.68;3.4522;0.3478;0.1501;0.4739;0.4783;156.5217;0.1905;0.0;1.0113;0.8852;0.283;2.5846;-0.0678;0.0;0.6281;0.2723;0.06;1.0,0.8662,0.6281,0.2723,0.06,1.0,0.2781,23,2104.68,3.4522,0.3478,0.1501,0.4739,0.4783,156.5217,0.1905,0.0,1.0113,0.8852,0.283,2.5846,-0.0678,0.0,1.0
KWKSFIKKLTSKLTSKLKQFLSTISTL,DBAASPS_270,KWKSFLKTFKSLKKTVLHTLLKAISS,lead_opt_contiguous,6.8821,16,27;2669.42;6.996;0.2593;0.2591;-0.1815;0.3704;101.1111;0.3223;0.1111;1.0352;0.8922;0.3144;2.5833;-0.0648;0.4444;0.7497;0.3955;0.2733;1.0,0.8661,0.7497,0.3955,0.2733,1.0,0.4815,27,2669.42,6.996,0.2593,0.2591,-0.1815,0.3704,101.1111,0.3223,0.1111,1.0352,0.8922,0.3144,2.5833,-0.0648,0.4444,1.0
KIKLFKKVLTYL,DBAASPS_3365,LNWKAILKHIIK,lead_opt_contiguous,6.8805,12,12;1277.745;3.996;0.3333;0.333;0.4417;0.5;154.1667;0.355;0.1667;1.0883;0.79;0.2808;2.4;-0.1567;0.0;0.9695;0.3878;0.0;1.0,0.866,0.9695,0.3878,0.0,1.0,0.4278,12,1277.745,3.996,0.3333,0.333,0.4417,0.5,154.1667,0.355,0.1667,1.0883,0.79,0.2808,2.4,-0.1567,0.0,1.0
SGYPVGPVGRGLPKPKPVR,DBAASPS_2111,GNNRPVYLPQPRPPHPRI,lead_opt_motif,6.8737,18,19;1619.06;3.9966;0.2105;0.2103;-0.6368;0.2105;66.3158;0.2769;0.0526;0.7395;1.1863;0.4053;2.5781;-0.0047;0.3158;0.3084;0.1565;0.0947;1.0,0.8657,0.3084,0.1565,0.0947,1.0,0.2151,19,1619.06,3.9966,0.2105,0.2103,-0.6368,0.2105,66.3158,0.2769,0.0526,0.7395,1.1863,0.4053,2.5781,-0.0047,0.3158,1.0
GRPPVPPPPPPPPPPRPVRPGRP,DBAASPS_3028,PRPPHPPRPPHPPRPPHPRL,lead_opt_contiguous,6.8712,12,23;1997.59;3.998;0.1739;0.1738;-1.4957;0.087;25.2174;0.1985;0.0;0.5287;1.3426;0.5174;2.3742;0.0865;1.0;0.0957;0.1643;0.36;1.0,0.8655,0.0957,0.1643,0.36,1.0,0.2464,23,1997.59,3.998,0.1739,0.1738,-1.4957,0.087,25.2174,0.1985,0.0,0.5287,1.3426,0.5174,2.3742,0.0865,1.0,1.0
FFPVGRHGIKHIIHGIHRF,DBAASPS_1001,FLGLLFHGVHHVGKWIHGLIHGHH,lead_opt_random,6.8704,18,19;1926.42;3.3613;0.3684;0.1769;0.1105;0.4211;97.3684;0.3953;0.1579;0.9411;0.9121;0.2779;2.852;-0.0368;0.1579;0.7939;0.3341;0.0474;1.0,0.8655,0.7939,0.3341,0.0474,1.0,0.3517,19,1926.42,3.3613,0.3684,0.1769,0.1105,0.4211,97.3684,0.3953,0.1579,0.9411,0.9121,0.2779,2.852,-0.0368,0.1579,1.0
IIKGIVHAGKHLVHGVLHGIAQHIL,DBAASPS_1140,GLLSVLGSVAKHVLGHVVGVIAEHL,lead_opt_motif,6.8657,21,25;2210.84;2.452;0.28;0.0981;0.848;0.52;167.6;0.2938;0.0;1.0304;0.8452;0.2628;2.7614;-0.1408;0.0;0.3938;0.2019;0.1267;1.0,0.8652,0.3938,0.2019,0.1267,1.0,0.2267,25,2210.84,2.452,0.28,0.0981,0.848,0.52,167.6,0.2938,0.0,1.0304,0.8452,0.2628,2.7614,-0.1408,0.0,1.0
IGKFIHRIGRIFGHVIHGFHRG,DBAASPS_1001,FLGLLFHGVHHVGKWIHGLIHGHH,lead_opt_motif,6.8633,19,22;2158.705;4.3613;0.3636;0.1982;0.1318;0.4091;101.8182;0.4828;0.1364;0.9414;0.9323;0.275;2.9414;-0.0345;0.0;0.9535;0.3954;0.04;1.0,0.8651,0.9535,0.3954,0.04,1.0,0.2536,22,2158.705,4.3613,0.3636,0.1982,0.1318,0.4091,101.8182,0.4828,0.1364,0.9414,0.9323,0.275,2.9414,-0.0345,0.0,1.0
VFHFIHRGIKGVHGVFKHIIHGH,DBAASPS_1001,FLGLLFHGVHHVGKWIHGLIHGHH,lead_opt_contiguous,6.8623,18,23;2258.81;3.5429;0.3913;0.154;0.2565;0.4348;105.6522;0.3826;0.1304;0.9757;0.8874;0.26;3.0473;-0.0461;0.0;0.7902;0.3371;0.06;1.0,0.8651,0.7902,0.3371,0.06,1.0,0.2899,23,2258.81,3.5429,0.3913,0.154,0.2565,0.4348,105.6522,0.3826,0.1304,0.9757,0.8874,0.26,3.0473,-0.0461,0.0,1.0
KWKSFIKKLTKAGLKFVAHVGKKITC,DBAASPS_270,KWKSFLKTFKSLKKTVLHTLLKAISS,lead_opt_motif,6.8605,18,26;2492.275;8.0246;0.3462;0.3086;-0.0615;0.4231;90.0;0.3738;0.1154;1.055;0.8896;0.2954;2.6437;-0.0615;0.0;0.8551;0.384;0.12;1.0,0.865,0.8551,0.384,0.12,1.0,0.4615,26,2492.275,8.0246,0.3462,0.3086,-0.0615,0.4231,90.0,0.3738,0.1154,1.055,0.8896,0.2954,2.6437,-0.0615,0.0,1.0
FFHIGKHIGRIVHGVKKFLHGF,DBAASPS_1001,FLGLLFHGVHHVGKWIHGLIHGHH,lead_opt_contiguous,6.8578,20,22;2178.765;4.3608;0.3636;0.1982;0.2864;0.4545;97.2727;0.4493;0.1818;0.9909;0.8973;0.2664;3.0109;-0.0823;0.1364;0.931;0.4007;0.0809;1.0,0.8648,0.931,0.4007,0.0809,1.0,0.224,22,2178.765,4.3608,0.3636,0.1982,0.2864,0.4545,97.2727,0.4493,0.1818,0.9909,0.8973,0.2664,3.0109,-0.0823,0.1364,1.0
KWKIIKKVTKAAKKFGKAILNHVK,DBAASPS_173,KWKSFIKKLTKAAKKVVTTAKKPLIV,lead_opt_motif,6.8455,20,24;2346.105;9.0863;0.4167;0.3786;-0.4125;0.4583;101.6667;0.4533;0.0833;1.1062;0.8567;0.31;2.784;-0.0242;0.0;0.4328;0.2011;0.08;1.0,0.8642,0.4328,0.2011,0.08,1.0,0.3194,24,2346.105,9.0863,0.4167,0.3786,-0.4125,0.4583,101.6667,0.4533,0.0833,1.1062,0.8567,0.31,2.784,-0.0242,0.0,1.0
IGKFIRKFFHGIKHIGKVFVGHI,DBAASPS_1001,FLGLLFHGVHHVGKWIHGLIHGHH,lead_opt_motif,6.8338,23,23;2264.94;5.2696;0.3478;0.2291;0.4696;0.4783;110.0;0.4349;0.1739;0.9961;0.8761;0.263;3.0254;-0.1096;0.1304;0.932;0.4075;0.0991;1.0,0.8635,0.932,0.4075,0.0991,1.0,0.2754,23,2264.94,5.2696,0.3478,0.2291,0.4696,0.4783,110.0,0.4349,0.1739,0.9961,0.8761,0.263,3.0254,-0.1096,0.1304,1.0
GIGAVLKGAGKALVKGAKKVLGKIAHAAC,DBAASPR_1546,GLWSTIKNVGKEAAIAAGKAALGAL,lead_opt_contiguous,6.8333,23,29;2207.93;6.0252;0.2414;0.2078;0.6586;0.5172;121.3793;0.3527;0.0;1.0686;0.9121;0.2976;2.5634;-0.1328;0.1034;0.1925;0.1589;0.234;1.0,0.8635,0.1925,0.1589,0.234,1.0,0.3448,29,2207.93,6.0252,0.2414,0.2078,0.6586,0.5172,121.3793,0.3527,0.0,1.0686,0.9121,0.2976,2.5634,-0.1328,0.1034,1.0
KWKSFIKKLTSKALSKFLQAVSKIAPHI,DBAASPS_270,KWKSFLKTFKSLKKTVLHTLLKAISS,lead_opt_random,6.8265,20,28;2694.495;7.0869;0.2857;0.2531;-0.0107;0.4643;104.6429;0.3563;0.1071;1.0718;0.8586;0.3068;2.5857;-0.0732;0.0;0.6961;0.3344;0.16;1.0,0.8632,0.6961,0.3344,0.16,1.0,0.4524,28,2694.495,7.0869,0.2857,0.2531,-0.0107,0.4643,104.6429,0.3563,0.1071,1.0718,0.8586,0.3068,2.5857,-0.0732,0.0,1.0
FFHHLIGRIKKFGGHIIKIGKAF,DBAASPS_1001,FLGLLFHGVHHVGKWIHGLIHGHH,lead_opt_random,6.8261,20,23;2250.92;5.2696;0.3478;0.2291;0.3478;0.4783;106.087;0.3648;0.1739;1.0183;0.8843;0.27;2.9488;-0.1091;0.0;0.96;0.405;0.06;1.0,0.8631,0.96,0.405,0.06,1.0,0.3146,23,2250.92,5.2696,0.3478,0.2291,0.3478,0.4783,106.087,0.3648,0.1739,1.0183,0.8843,0.27,2.9488,-0.1091,0.0,1.0
GIFGKIFHVGKHIIHGGKFIHRLF,DBAASPS_1001,FLGLLFHGVHHVGKWIHGLIHGHH,lead_opt_motif,6.8259,21,24;2326.975;4.3608;0.3333;0.1817;0.4458;0.4583;109.5833;0.341;0.1667;0.9779;0.9092;0.2646;2.9914;-0.1142;0.0;0.9477;0.4071;0.08;1.0,0.8631,0.9477,0.4071,0.08,1.0,0.3056,24,2326.975,4.3608,0.3333,0.1817,0.4458,0.4583,109.5833,0.341,0.1667,0.9779,0.9092,0.2646,2.9914,-0.1142,0.0,1.0
PVRGPPPPPPPPRPRPPRP,DBAASPS_3028,PRPPHPPRPPHPPRPPHPRL,lead_opt_contiguous,6.8203,13,19;1719.23;3.998;0.2105;0.2104;-1.8421;0.0526;15.2632;0.1292;0.0;0.5184;1.3526;0.5342;2.3194;0.1347;1.0;0.0069;0.1078;0.3;1.0,0.8628,0.0069,0.1078,0.3,1.0,0.2982,19,1719.23,3.998,0.2105,0.2104,-1.8421,0.0526,15.2632,0.1292,0.0,0.5184,1.3526,0.5342,2.3194,0.1347,1.0,1.0
GRGPPPPPPIPRPPRPPRP,DBAASPS_3028,PRPPHPPRPPHPPRPPHPRL,lead_opt_motif,6.8175,13,19;1693.19;3.998;0.2105;0.2104;-1.7632;0.0526;20.5263;0.2974;0.0;0.5316;1.3574;0.5221;2.3398;0.1179;1.0;0.0083;0.1083;0.3;1.0,0.8627,0.0083,0.1083,0.3,1.0,0.1834,19,1693.19,3.998,0.2105,0.2104,-1.7632,0.0526,20.5263,0.2974,0.0,0.5316,1.3574,0.5221,2.3398,0.1179,1.0,1.0
KVLVQVYKGFVKKAVKPKFKKVCKF,DBAASPS_270,KWKSFLKTFKSLKKTVLHTLLKAISS,lead_opt_motif,6.8112,24,25;2490.35;8.9326;0.36;0.3573;-0.008;0.44;89.2;0.3135;0.16;1.0492;0.862;0.2992;2.6578;-0.0648;0.0;0.9428;0.4121;0.1;1.0,0.8623,0.9428,0.4121,0.1,1.0,0.2095,25,2490.35,8.9326,0.36,0.3573,-0.008,0.44,89.2,0.3135,0.16,1.0492,0.862,0.2992,2.6578,-0.0648,0.0,1.0
FVHHGLGKFIHRIGKIFHGVHGLH,DBAASPS_1001,FLGLLFHGVHHVGKWIHGLIHGHH,lead_opt_random,6.8087,18,24;2311.875;3.5429;0.375;0.1476;0.1833;0.4167;105.4167;0.4032;0.125;0.9704;0.9275;0.2713;3.002;-0.0596;0.125;0.7818;0.3538;0.1175;1.0,0.8622,0.7818,0.3538,0.1175,1.0,0.2626,24,2311.875,3.5429,0.375,0.1476,0.1833,0.4167,105.4167,0.4032,0.125,0.9704,0.9275,0.2713,3.002,-0.0596,0.125,1.0
KWKSFIKKLTTKIAKTLKDIIKKLTGL,DBAASPS_173,KWKSFIKKLTKAAKKVVTTAKKPLIV,lead_opt_random,6.808,14,27;2658.51;7.9958;0.3333;0.2961;-0.2111;0.4074;119.2593;0.4177;0.0741;1.0704;0.8763;0.3144;2.7877;-0.0841;0.3333;0.8077;0.4071;0.24;1.0,0.8622,0.8077,0.4071,0.24,1.0,0.4815,27,2658.51,7.9958,0.3333,0.2961,-0.2111,0.4074,119.2593,0.4177,0.0741,1.0704,0.8763,0.3144,2.7877,-0.0841,0.3333,1.0
PKFFKRIKKLAKKLTTAVKKVLTKG,DBAASPS_173,KWKSFIKKLTKAAKKVVTTAKKPLIV,lead_opt_motif,6.805,25,25;2422.25;9.9954;0.4;0.3998;-0.408;0.4;93.6;0.4414;0.08;1.0688;0.8688;0.3316;2.7044;-0.01;0.12;0.4187;0.2151;0.136;1.0,0.862,0.4187,0.2151,0.136,1.0,0.2631,25,2422.25,9.9954,0.4,0.3998,-0.408,0.4,93.6,0.4414,0.08,1.0688,0.8688,0.3316,2.7044,-0.01,0.12,1.0
GLFDVIKKAAKVGLHVAHKLVGRVAC,DBAASPS_1140,GLLSVLGSVAKHVLGHVVGVIAEHL,lead_opt_random,6.8032,20,26;2261.945;4.1171;0.2692;0.1584;0.7;0.5385;131.1538;0.3416;0.0385;1.0704;0.8538;0.28;2.6602;-0.1219;0.0;0.4989;0.2595;0.1713;1.0,0.8619,0.4989,0.2595,0.1713,1.0,0.359,26,2261.945,4.1171,0.2692,0.1584,0.7,0.5385,131.1538,0.3416,0.0385,1.0704,0.8538,0.28,2.6602,-0.1219,0.0,1.0
GRPPIPPPPPPPRPPPRP,DBAASPS_3028,PRPPHPPRPPHPPRPPHPRL,lead_opt_contiguous,6.8019,9,18;1595.085;2.998;0.1667;0.1666;-1.6778;0.0556;21.6667;0.1856;0.0;0.4956;1.3733;0.5372;2.3018;0.0867;1.0;0.1677;0.1721;0.3;1.0,0.8618,0.1677,0.1721,0.3,1.0,0.2424,18,1595.085,2.998,0.1667,0.1666,-1.6778,0.0556,21.6667,0.1856,0.0,0.4956,1.3733,0.5372,2.3018,0.0867,1.0,1.0
GIGKFIHFIHRFGGIVHGVHAFHKHF,DBAASPS_1001,FLGLLFHGVHHVGKWIHGLIHGHH,lead_opt_motif,6.7993,19,26;2528.125;3.5429;0.3462;0.1363;0.3346;0.4615;86.1538;0.3194;0.1923;0.9858;0.8981;0.2573;3.0815;-0.0762;0.1154;0.4101;0.2182;0.1546;1.0,0.8617,0.4101,0.2182,0.1546,1.0,0.3974,26,2528.125,3.5429,0.3462,0.1363,0.3346,0.4615,86.1538,0.3194,0.1923,0.9858,0.8981,0.2573,3.0815,-0.0762,0.1154,1.0
GFFGKIIHGGHGLHKFIHHVGHVGH,DBAASPS_1001,FLGLLFHGVHHVGKWIHGLIHGHH,lead_opt_random,6.7896,24,25;2275.75;2.6338;0.36;0.1054;0.044;0.36;85.6;0.3071;0.12;0.9308;0.998;0.2784;3.205;-0.0556;0.24;0.6063;0.3027;0.172;1.0,0.8612,0.6063,0.3027,0.172,1.0,0.24,25,2275.75,2.6338,0.36,0.1054,0.044,0.36,85.6,0.3071,0.12,0.9308,0.998,0.2784,3.205,-0.0556,0.24,1.0
GSKPVPVPIPRPYRPPVR,DBAASPS_2111,GNNRPVYLPQPRPPHPRI,lead_opt_random,6.7863,16,18;1688.185;3.9968;0.2222;0.222;-0.7778;0.2222;70.0;0.3159;0.0556;0.7044;1.1378;0.4233;2.3166;0.0422;0.1667;0.3802;0.1696;0.05;1.0,0.861,0.3802,0.1696,0.05,1.0,0.2907,18,1688.185,3.9968,0.2222,0.222,-0.7778,0.2222,70.0,0.3159,0.0556,0.7044,1.1378,0.4233,2.3166,0.0422,0.1667,1.0
KWKSFIKKLTKAAKKIVPHIAPTILK,DBAASPS_270,KWKSFLKTFKSLKKTVLHTLLKAISS,lead_opt_motif,6.7861,18,26;2520.365;8.0866;0.3462;0.311;-0.1038;0.4615;112.6923;0.4057;0.0769;1.0638;0.8515;0.3158;2.5592;-0.0631;0.0;0.8927;0.3991;0.12;1.0,0.861,0.8927,0.3991,0.12,1.0,0.5256,26,2520.365,8.0866,0.3462,0.311,-0.1038,0.4615,112.6923,0.4057,0.0769,1.0638,0.8515,0.3158,2.5592,-0.0631,0.0,1.0
FFLGKLKHFIHGLIHHLGHHLHGLHG,DBAASPS_1001,FLGLLFHGVHHVGKWIHGLIHGHH,lead_opt_random,6.7762,23,26;2535.155;2.7247;0.3846;0.1048;0.1846;0.4231;120.0;0.255;0.1154;0.9992;0.9269;0.2708;2.9931;-0.0877;0.3462;0.3792;0.23;0.2238;1.0,0.8605,0.3792,0.23,0.2238,1.0,0.2536,26,2535.155,2.7247,0.3846,0.1048,0.1846,0.4231,120.0,0.255,0.1154,0.9992,0.9269,0.2708,2.9931,-0.0877,0.3462,1.0
GIFGRLKKFVHGIIHGIKHFIHRG,DBAASPS_1001,FLGLLFHGVHHVGKWIHGLIHGHH,lead_opt_motif,6.7705,23,24;2335.985;5.3607;0.375;0.2234;0.1417;0.4167;109.5833;0.3675;0.125;0.9704;0.9238;0.2792;2.914;-0.0596;0.125;0.9526;0.4222;0.1175;1.0,0.8602,0.9526,0.4222,0.1175,1.0,0.2631,24,2335.985,5.3607,0.375,0.2234,0.1417,0.4167,109.5833,0.3675,0.125,0.9704,0.9238,0.2792,2.914,-0.0596,0.125,1.0
SGRPPIPPPPPRPPIPRPPRP,DBAASPS_3028,PRPPHPPRPPHPPRPPHPRL,lead_opt_contiguous,6.7688,14,21;1897.47;3.998;0.1905;0.1904;-1.4762;0.0952;37.1429;0.1746;0.0;0.5581;1.3033;0.5067;2.3179;0.0905;1.0;0.0206;0.1202;0.32;1.0,0.8601,0.0206,0.1202,0.32,1.0,0.2345,21,1897.47,3.998,0.1905,0.1904,-1.4762,0.0952,37.1429,0.1746,0.0,0.5581,1.3033,0.5067,2.3179,0.0905,1.0,1.0
KKVFKKFPRIVSTFLRKLTKKLVS,DBAASPS_270,KWKSFLKTFKSLKKTVLHTLLKAISS,lead_opt_contiguous,6.7619,24,24;2460.275;8.996;0.375;0.3748;-0.1667;0.4167;101.25;0.4952;0.125;1.035;0.8504;0.3175;2.6157;-0.0183;0.0;0.9801;0.42;0.08;1.0,0.8597,0.9801,0.42,0.08,1.0,0.2562,24,2460.275,8.996,0.375,0.3748,-0.1667,0.4167,101.25,0.4952,0.125,1.035,0.8504,0.3175,2.6157,-0.0183,0.0,1.0
KWKSFIKKLTKKFLHSAKKVLTTGPA,DBAASPS_270,KWKSFLKTFKSLKKTVLHTLLKAISS,lead_opt_random,6.7595,19,26;2518.255;8.0866;0.3462;0.311;-0.45;0.3846;78.8462;0.3736;0.1154;1.045;0.9088;0.3246;2.7139;-0.0254;0.0;0.5526;0.263;0.12;1.0,0.8596,0.5526,0.263,0.12,1.0,0.7051,26,2518.255,8.0866,0.3462,0.311,-0.45,0.3846,78.8462,0.3736,0.1154,1.045,0.9088,0.3246,2.7139,-0.0254,0.0,1.0
VNWKKFIHGIHKGIKVGFHVIHHIG,DBAASPS_1001,FLGLLFHGVHHVGKWIHGLIHGHH,lead_opt_motif,6.7542,21,25;2452.08;4.4514;0.36;0.1781;0.124;0.44;112.8;0.3677;0.12;0.9804;0.9168;0.27;3.0406;-0.0756;0.0;0.9716;0.4236;0.1;1.0,0.8593,0.9716,0.4236,0.1,1.0,0.32,25,2452.08,4.4514,0.36,0.1781,0.124,0.44,112.8,0.3677,0.12,0.9804,0.9168,0.27,3.0406,-0.0756,0.0,1.0
FFGGLFGRIKHIFHGIVHAVKKLG,DBAASPS_1001,FLGLLFHGVHHVGKWIHGLIHGHH,lead_opt_random,6.7541,18,24;2246.885;4.2698;0.2917;0.1779;0.6125;0.5;109.5833;0.3219;0.1667;1.0;0.9008;0.2675;2.916;-0.1363;0.0;0.9335;0.4014;0.08;1.0,0.8593,0.9335,0.4014,0.08,1.0,0.2639,24,2246.885,4.2698,0.2917,0.1779,0.6125,0.5,109.5833,0.3219,0.1667,1.0,0.9008,0.2675,2.916,-0.1363,0.0,1.0
GLFDVVKKVLTVVLGAVKKLPKQL,DBAASPS_1140,GLLSVLGSVAKHVLGHVVGVIAEHL,lead_opt_contiguous,6.7526,17,24;2160.885;3.997;0.2083;0.1665;0.8;0.5417;157.9167;0.3198;0.0417;1.0496;0.85;0.2983;2.7138;-0.1867;0.125;0.3214;0.1891;0.1731;1.0,0.8592,0.3214,0.1891,0.1731,1.0,0.3839,24,2160.885,3.997,0.2083,0.1665,0.8,0.5417,157.9167,0.3198,0.0417,1.0496,0.85,0.2983,2.7138,-0.1867,0.125,1.0
GIGKIAKAFIKAGKIGAIGAVLGGAH,DBAASPR_1546,GLWSTIKNVGKEAAIAAGKAALGAL,lead_opt_motif,6.7501,18,26;1950.545;4.0877;0.1923;0.1572;0.8654;0.5385;124.2308;0.2416;0.0385;1.0365;0.9273;0.2888;2.695;-0.1777;0.2308;0.3821;0.237;0.2405;1.0,0.8591,0.3821,0.237,0.2405,1.0,0.3077,26,1950.545,4.0877,0.1923,0.1572,0.8654,0.5385,124.2308,0.2416,0.0385,1.0365,0.9273,0.2888,2.695,-0.1777,0.2308,1.0
FIKHFIHRGGGFIHHIHKFLHGLH,DBAASPS_1001,FLGLLFHGVHHVGKWIHGLIHGHH,lead_opt_contiguous,6.7491,17,24;2454.045;3.6338;0.4167;0.1514;0.0208;0.4167;97.5;0.3263;0.1667;0.9921;0.9017;0.2638;3.0472;-0.0442;0.125;0.8119;0.3659;0.1175;1.0,0.859,0.8119,0.3659,0.1175,1.0,0.3333,24,2454.045,3.6338,0.4167,0.1514,0.0208,0.4167,97.5,0.3263,0.1667,0.9921,0.9017,0.2638,3.0472,-0.0442,0.125,1.0
GGPVGPVKGPLPRIPRKP,DBAASPS_2111,GNNRPVYLPQPRPPHPRI,lead_opt_contiguous,6.7476,17,18;1497.965;3.9974;0.2222;0.2221;-0.6278;0.2222;75.5556;0.2522;0.0;0.7194;1.2033;0.4233;2.5572;-0.0156;0.1667;0.3997;0.1774;0.05;1.0,0.859,0.3997,0.1774,0.05,1.0,0.2593,18,1497.965,3.9974,0.2222,0.2221,-0.6278,0.2222,75.5556,0.2522,0.0,0.7194,1.2033,0.4233,2.5572,-0.0156,0.1667,1.0
GFGRIIKGFIHRIGKFLHSVAGHF,DBAASPS_1001,FLGLLFHGVHHVGKWIHGLIHGHH,lead_opt_random,6.7459,19,24;2262.855;4.2701;0.2917;0.1779;0.4083;0.4583;97.5;0.4168;0.1667;0.9738;0.9238;0.2746;2.8848;-0.095;0.0;0.9881;0.4233;0.08;1.0,0.8589,0.9881,0.4233,0.08,1.0,0.2839,24,2262.855,4.2701,0.2917,0.1779,0.4083,0.4583,97.5,0.4168,0.1667,0.9738,0.9238,0.2746,2.8848,-0.095,0.0,1.0
FFHIGKFIHHGIGLIKHFIRHF,DBAASPS_1001,FLGLLFHGVHHVGKWIHGLIHGHH,lead_opt_contiguous,6.7455,19,22;2305.925;3.4519;0.3636;0.1569;0.4909;0.5;106.3636;0.3352;0.2273;1.0109;0.8445;0.2432;3.005;-0.11;0.0;0.7099;0.298;0.04;1.0,0.8588,0.7099,0.298,0.04,1.0,0.197,22,2305.925,3.4519,0.3636,0.1569,0.4909,0.5,106.3636,0.3352,0.2273,1.0109,0.8445,0.2432,3.005,-0.11,0.0,1.0
KWKSFIKKLTSKALHSAKKFLPSIITG,DBAASPS_270,KWKSFLKTFKSLKKTVLHTLLKAISS,lead_opt_random,6.7446,18,27;2572.32;7.0869;0.2963;0.2625;-0.1444;0.4074;94.0741;0.3213;0.1111;1.0304;0.9096;0.3159;2.6215;-0.0622;0.0;0.9013;0.4095;0.14;1.0,0.8588,0.9013,0.4095,0.14,1.0,0.6667,27,2572.32,7.0869,0.2963,0.2625,-0.1444,0.4074,94.0741,0.3213,0.1111,1.0304,0.9096,0.3159,2.6215,-0.0622,0.0,1.0
KWKSFIKKLTTKLTTKALKIGTSALTKV,DBAASPS_270,KWKSFLKTFKSLKKTVLHTLLKAISS,lead_opt_random,6.7311,21,28;2630.405;7.9957;0.2857;0.2856;-0.125;0.3929;101.0714;0.2999;0.0714;1.0529;0.875;0.3146;2.5901;-0.0554;0.3214;0.6849;0.3637;0.2564;1.0,0.8581,0.6849,0.3637,0.2564,1.0,0.4643,28,2630.405,7.9957,0.2857,0.2856,-0.125,0.3929,101.0714,0.2999,0.0714,1.0529,0.875,0.3146,2.5901,-0.0554,0.3214,1.0
VNKGPVPAPPKPKPCIKK,DBAASPS_2111,GNNRPVYLPQPRPPHPRI,lead_opt_motif,6.7282,13,18;1574.105;4.9346;0.2778;0.2741;-0.8778;0.2222;59.4444;0.1249;0.0;0.8;1.1461;0.4194;2.554;0.0078;0.1667;0.0054;0.0197;0.05;0.0,0.3579,0.0054,0.0197,0.05,1.0,0.2778,18,1574.105,4.9346,0.2778,0.2741,-0.8778,0.2222,59.4444,0.1249,0.0,0.8,1.1461,0.4194,2.554,0.0078,0.1667,0.0
IGKKLRKFIGALIKLAKKLWKHF,DBAASPS_173,KWKSFIKKLTKAAKKVVTTAKKPLIV,lead_opt_motif,6.7239,22,23;2323.14;8.0869;0.3913;0.3516;0.0522;0.5217;127.3913;0.4068;0.1304;1.1074;0.8426;0.2904;2.6476;-0.1026;0.1304;0.9696;0.4327;0.1281;1.0,0.8577,0.9696,0.4327,0.1281,1.0,0.3478,23,2323.14,8.0869,0.3913,0.3516,0.0522,0.5217,127.3913,0.4068,0.1304,1.1074,0.8426,0.2904,2.6476,-0.1026,0.1304,1.0
GISKILKAFGKAFVGAVKKIGAQI,DBAASPR_1546,GLWSTIKNVGKEAAIAAGKAALGAL,lead_opt_motif,6.7183,19,24;2012.655;4.9965;0.2083;0.2082;0.7333;0.5417;122.0833;0.3512;0.0833;1.0646;0.8704;0.2863;2.6919;-0.1638;0.125;0.4902;0.2566;0.1731;1.0,0.8574,0.4902,0.2566,0.1731,1.0,0.3889,24,2012.655,4.9965,0.2083,0.2082,0.7333,0.5417,122.0833,0.3512,0.0833,1.0646,0.8704,0.2863,2.6919,-0.1638,0.125,1.0
KWKSFIKKLTGKLMTTLKQLLKHLLGK,DBAASPS_270,KWKSFLKTFKSLKKTVLHTLLKAISS,lead_opt_motif,6.7172,16,27;2696.59;8.0866;0.3333;0.2995;-0.2481;0.4074;115.5556;0.3161;0.0741;1.0741;0.8948;0.3144;2.661;-0.0859;0.0;0.9151;0.4151;0.14;1.0,0.8573,0.9151,0.4151,0.14,1.0,0.4691,27,2696.59,8.0866,0.3333,0.2995,-0.2481,0.4074,115.5556,0.3161,0.0741,1.0741,0.8948,0.3144,2.661,-0.0859,0.0,1.0
FFGKFIHRIGRAVKGFVHSVVGGVK,DBAASPS_1001,FLGLLFHGVHHVGKWIHGLIHGHH,lead_opt_contiguous,6.7142,20,25;2292.91;5.1789;0.28;0.2072;0.524;0.48;93.2;0.4306;0.16;0.976;0.908;0.276;2.8854;-0.0892;0.0;0.9918;0.4317;0.1;1.0,0.8572,0.9918,0.4317,0.1,1.0,0.2933,25,2292.91,5.1789,0.28,0.2072,0.524,0.48,93.2,0.4306,0.16,0.976,0.908,0.276,2.8854,-0.0892,0.0,1.0
KWKLFKKILGIL,DBAASPS_3365,LNWKAILKHIIK,lead_opt_contiguous,6.7133,11,12;1270.755;3.9968;0.3333;0.3331;0.525;0.5833;162.5;0.3257;0.1667;1.1008;0.8292;0.27;2.4556;-0.215;0.0;0.9854;0.4331;0.1111;1.0,0.8571,0.9854,0.4331,0.1111,1.0,0.5556,12,1270.755,3.9968,0.3333,0.3331,0.525,0.5833,162.5,0.3257,0.1667,1.1008,0.8292,0.27,2.4556,-0.215,0.0,1.0
AGPVPNIPRPPIFRRGPK,DBAASPS_2111,GNNRPVYLPQPRPPHPRI,lead_opt_contiguous,6.7119,16,18;1645.115;3.9977;0.2222;0.2221;-0.75;0.2778;65.0;0.1699;0.0556;0.7572;1.1367;0.4139;2.5375;0.0222;0.0;0.4486;0.1794;0.0;1.0,0.8571,0.4486,0.1794,0.0,1.0,0.2275,18,1645.115,3.9977,0.2222,0.2221,-0.75,0.2778,65.0,0.1699,0.0556,0.7572,1.1367,0.4139,2.5375,0.0222,0.0,1.0
KWIKKLFKKALHGVKKATKGLVSVK,DBAASPS_173,KWKSFIKKLTKAAKKVVTTAKKPLIV,lead_opt_contiguous,6.7029,21,25;2386.17;9.0863;0.4;0.3635;-0.264;0.44;105.2;0.3962;0.08;1.0848;0.8804;0.3116;2.7041;-0.0432;0.12;0.6723;0.3165;0.136;1.0,0.8566,0.6723,0.3165,0.136,1.0,0.3164,25,2386.17,9.0863,0.4,0.3635,-0.264,0.44,105.2,0.3962,0.08,1.0848,0.8804,0.3116,2.7041,-0.0432,0.12,1.0
KWKSFIKKLSKLGKKIAVTAKKLFK,DBAASPS_173,KWKSFIKKLTKAAKKVVTTAKKPLIV,lead_opt_contiguous,6.6996,10,25;2469.31;9.9951;0.4;0.3998;-0.352;0.44;97.6;0.4018;0.12;1.1028;0.8692;0.3144;2.6742;-0.0488;0.12;0.977;0.4384;0.136;1.0,0.8564,0.977,0.4384,0.136,1.0,0.4615,25,2469.31,9.9951,0.4,0.3998,-0.352,0.44,97.6,0.4018,0.12,1.1028,0.8692,0.3144,2.6742,-0.0488,0.12,1.0
FIHHIFRGVTKGGIKVFKHVFKGIH,DBAASPS_1001,FLGLLFHGVHHVGKWIHGLIHGHH,lead_opt_contiguous,6.6996,20,25;2453.12;5.3605;0.36;0.2144;0.264;0.44;97.2;0.4222;0.16;0.9888;0.8836;0.2692;2.9812;-0.0684;0.12;0.977;0.4384;0.136;1.0,0.8564,0.977,0.4384,0.136,1.0,0.2567,25,2453.12,5.3605,0.36,0.2144,0.264,0.44,97.2,0.4222,0.16,0.9888,0.8836,0.2692,2.9812,-0.0684,0.12,1.0
GSKKPVPVYPPIPPIRKGQ,DBAASPS_2111,GNNRPVYLPQPRPPHPRI,lead_opt_motif,6.6995,13,19;1716.22;3.9963;0.2105;0.2103;-0.7789;0.2105;71.5789;0.1914;0.0526;0.7611;1.1405;0.41;2.5165;-0.0116;0.1579;0.4256;0.1868;0.0474;1.0,0.8564,0.4256,0.1868,0.0474,1.0,0.3893,19,1716.22,3.9963,0.2105,0.2103,-0.7789,0.2105,71.5789,0.1914,0.0526,0.7611,1.1405,0.41,2.5165,-0.0116,0.1579,1.0
GRPPPPVPPPPPRPPIPRGPRP,DBAASPS_3028,PRPPHPPRPPHPPRPPHPRL,lead_opt_contiguous,6.6975,14,22;1932.515;3.998;0.1818;0.1817;-1.4773;0.0909;30.9091;0.2036;0.0;0.5382;1.3332;0.5123;2.3524;0.0823;0.8182;0.0779;0.1311;0.2855;1.0,0.8563,0.0779,0.1311,0.2855,1.0,0.2273,22,1932.515,3.998,0.1818,0.1817,-1.4773,0.0909,30.9091,0.2036,0.0,0.5382,1.3332,0.5123,2.3524,0.0823,0.8182,1.0
ILGKILHGVKKVGKFVAGILQGI,DBAASPS_1140,GLLSVLGSVAKHVLGHVVGVIAEHL,lead_opt_motif,6.6938,21,23;1974.64;4.0877;0.2174;0.1777;0.9696;0.5217;160.8696;0.388;0.0435;1.0122;0.8922;0.2778;2.7485;-0.2022;0.0;0.3523;0.1721;0.089;1.0,0.8561,0.3523,0.1721,0.089,1.0,0.3768,23,1974.64,4.0877,0.2174,0.1777,0.9696,0.5217,160.8696,0.388,0.0435,1.0122,0.8922,0.2778,2.7485,-0.2022,0.0,1.0
SGTPFPISRPPPRFPIKPK,DBAASPS_2111,GNNRPVYLPQPRPPHPRI,lead_opt_motif,6.6911,18,19;1777.28;3.9974;0.2105;0.2104;-0.8474;0.2105;41.0526;0.2849;0.1053;0.7347;1.1453;0.4205;2.5374;0.0179;0.1579;0.2279;0.1077;0.0474;1.0,0.856,0.2279,0.1077,0.0474,1.0,0.2184,19,1777.28,3.9974,0.2105,0.2104,-0.8474,0.2105,41.0526,0.2849,0.1053,0.7347,1.1453,0.4205,2.5374,0.0179,0.1579,1.0
IKWKLFKKLVGAL,DBAASPS_3365,LNWKAILKHIIK,lead_opt_contiguous,6.6843,10,13;1309.79;3.9968;0.3077;0.3074;0.6;0.6154;150.0;0.2812;0.1538;1.1238;0.8138;0.2715;2.4974;-0.1985;0.0;0.9737;0.4433;0.1538;1.0,0.8556,0.9737,0.4433,0.1538,1.0,0.4615,13,1309.79,3.9968,0.3077,0.3074,0.6,0.6154,150.0,0.2812,0.1538,1.1238,0.8138,0.2715,2.4974,-0.1985,0.0,1.0
KKWKKFLHKATKIAKVGLNVATKKC,DBAASPS_173,KWKSFIKKLTKAAKKVVTTAKKPLIV,lead_opt_contiguous,6.6827,23,25;2419.17;9.0243;0.4;0.361;-0.532;0.4;82.0;0.34;0.08;1.0852;0.8944;0.3148;2.6601;-0.0028;0.12;0.4805;0.2398;0.136;1.0,0.8555,0.4805,0.2398,0.136,1.0,0.32,25,2419.17,9.0243,0.4,0.361,-0.532,0.4,82.0,0.34,0.08,1.0852,0.8944,0.3148,2.6601,-0.0028,0.12,1.0
GLFDILKKVAGKLAKVGAGIAKQL,DBAASPR_1546,GLWSTIKNVGKEAAIAAGKAALGAL,lead_opt_contiguous,6.6726,19,24;2006.645;3.997;0.2083;0.1665;0.6042;0.5417;138.3333;0.3316;0.0417;1.0888;0.8896;0.3013;2.792;-0.1821;0.0;0.2333;0.1408;0.1356;1.0,0.855,0.2333,0.1408,0.1356,1.0,0.4028,24,2006.645,3.997,0.2083,0.1665,0.6042,0.5417,138.3333,0.3316,0.0417,1.0888,0.8896,0.3013,2.792,-0.1821,0.0,1.0
GIFGKIFHGIKKIGHIFHRIFGAIH,DBAASPS_1001,FLGLLFHGVHHVGKWIHGLIHGHH,lead_opt_contiguous,6.6722,22,25;2394.07;4.3608;0.32;0.1744;0.54;0.48;113.2;0.4208;0.16;0.9912;0.8908;0.26;2.9651;-0.124;0.24;0.9687;0.4477;0.172;1.0,0.8549,0.9687,0.4477,0.172,1.0,0.2823,25,2394.07,4.3608,0.32,0.1744,0.54,0.48,113.2,0.4208,0.16,0.9912,0.8908,0.26,2.9651,-0.124,0.24,1.0
GRGPPPPPPPIPRPPIPRP,DBAASPS_3028,PRPPHPPRPPHPPRPPHPRL,lead_opt_contiguous,6.6713,12,19;1650.16;2.998;0.1579;0.1578;-1.2895;0.1053;41.0526;0.202;0.0;0.5384;1.3321;0.5047;2.3453;0.0437;1.0;0.2337;0.1985;0.3;1.0,0.8549,0.2337,0.1985,0.3,1.0,0.283,19,1650.16,2.998,0.1579,0.1578,-1.2895,0.1053,41.0526,0.202,0.0,0.5384,1.3321,0.5047,2.3453,0.0437,1.0,1.0
VLGKILHGVKKIAGILHHGIAHVH,DBAASPS_1140,GLLSVLGSVAKHVLGHVVGVIAEHL,lead_opt_motif,6.668,19,24;2115.735;3.4517;0.3333;0.1438;0.6792;0.5;158.3333;0.3092;0.0;1.0304;0.8621;0.2708;2.7417;-0.1142;0.125;0.4993;0.2409;0.1175;1.0,0.8547,0.4993,0.2409,0.1175,1.0,0.3333,24,2115.735,3.4517,0.3333,0.1438,0.6792,0.5,158.3333,0.3092,0.0,1.0304,0.8621,0.2708,2.7417,-0.1142,0.125,1.0
GLFDTLKKVLKAALKVAGKALGQIA,DBAASPR_1546,GLWSTIKNVGKEAAIAAGKAALGAL,lead_opt_contiguous,6.6663,14,25;2103.76;3.997;0.2;0.1599;0.612;0.56;136.8;0.3805;0.04;1.1176;0.8556;0.3008;2.7261;-0.1732;0.0;0.3607;0.2073;0.18;1.0,0.8546,0.3607,0.2073,0.18,1.0,0.4074,25,2103.76,3.997,0.2,0.1599,0.612,0.56,136.8,0.3805,0.04,1.1176,0.8556,0.3008,2.7261,-0.1732,0.0,1.0
FVKVKVKVFKKLL,DBAASPS_3365,LNWKAILKHIIK,lead_opt_motif,6.6632,13,13;1341.87;4.9965;0.3846;0.3843;0.8077;0.6154;149.2308;0.3302;0.1538;1.1323;0.7254;0.2654;2.5935;-0.1523;0.6923;0.8059;0.4489;0.3615;1.0,0.8545,0.8059,0.4489,0.3615,1.0,0.5128,13,1341.87,4.9965,0.3846,0.3843,0.8077,0.6154,149.2308,0.3302,0.1538,1.1323,0.7254,0.2654,2.5935,-0.1523,0.6923,1.0
KWKSFIKKLTSALKKFLSSITKIGATVK,DBAASPS_270,KWKSFLKTFKSLKKTVLHTLLKAISS,lead_opt_contiguous,6.6562,18,28;2648.445;7.9957;0.2857;0.2856;0.0179;0.4286;101.0714;0.3806;0.1071;1.0546;0.8771;0.3064;2.6008;-0.075;0.0;0.9336;0.4294;0.16;1.0,0.8541,0.9336,0.4294,0.16,1.0,0.4762,28,2648.445,7.9957,0.2857,0.2856,0.0179,0.4286,101.0714,0.3806,0.1071,1.0546,0.8771,0.3064,2.6008,-0.075,0.0,1.0
ILDLLKGLAKGVAKHIVCVLGRTH,DBAASPS_1140,GLLSVLGSVAKHVLGHVVGVIAEHL,lead_opt_contiguous,6.6505,21,24;2122.785;3.1174;0.25;0.1299;0.7792;0.5;158.3333;0.337;0.0;1.0379;0.875;0.2825;2.536;-0.1492;0.0;0.5312;0.2405;0.08;1.0,0.8538,0.5312,0.2405,0.08,1.0,0.2564,24,2122.785,3.1174,0.25,0.1299,0.7792,0.5,158.3333,0.337,0.0,1.0379,0.875,0.2825,2.536,-0.1492,0.0,1.0
ALWKTILKKAGKKFIHLISKAKKKC,DBAASPS_173,KWKSFIKKLTKAAKKVVTTAKKPLIV,lead_opt_motif,6.6483,23,25;2432.27;9.0243;0.4;0.361;-0.22;0.44;105.6;0.3809;0.08;1.106;0.864;0.3024;2.571;-0.0512;0.0;0.7221;0.3238;0.1;1.0,0.8537,0.7221,0.3238,0.1,1.0,0.3802,25,2432.27,9.0243,0.4,0.361,-0.22,0.44,105.6,0.3809,0.08,1.106,0.864,0.3024,2.571,-0.0512,0.0,1.0
LIHHIPHVIKVAIHGLSSFIKHIH,DBAASPS_1140,GLLSVLGSVAKHVLGHVVGVIAEHL,lead_opt_motif,6.6368,23,24;2314.965;2.5429;0.3333;0.106;0.7083;0.5;158.3333;0.3127;0.0417;1.0142;0.8142;0.2617;2.6929;-0.1008;0.0;0.5382;0.2433;0.08;1.0,0.8531,0.5382,0.2433,0.08,1.0,0.2372,24,2314.965,2.5429,0.3333,0.106,0.7083,0.5,158.3333,0.3127,0.0417,1.0142,0.8142,0.2617,2.6929,-0.1008,0.0,1.0
KWKSFIKKLTSKLHKLAVHVAKGITGK,DBAASPS_270,KWKSFLKTFKSLKKTVLHTLLKAISS,lead_opt_motif,6.6324,18,27;2561.32;8.1775;0.3704;0.3029;-0.263;0.4074;101.1111;0.3254;0.0741;1.0585;0.893;0.3096;2.6993;-0.0333;0.0;0.958;0.4322;0.14;1.0,0.8528,0.958,0.4322,0.14,1.0,0.4691,27,2561.32,8.1775,0.3704,0.3029,-0.263,0.4074,101.1111,0.3254,0.0741,1.0585,0.893,0.3096,2.6993,-0.0333,0.0,1.0
FIGKFIHHLIHGGKHFIHHFIHRG,DBAASPS_1001,FLGLLFHGVHHVGKWIHGLIHGHH,lead_opt_random,6.6246,18,24;2454.045;3.6338;0.4167;0.1514;0.05;0.4167;97.5;0.323;0.1667;0.9867;0.8967;0.2604;3.0814;-0.0433;0.5;0.8055;0.4027;0.23;1.0,0.8524,0.8055,0.4027,0.23,1.0,0.3611,24,2454.045,3.6338,0.4167,0.1514,0.05,0.4167,97.5,0.323,0.1667,0.9867,0.8967,0.2604,3.0814,-0.0433,0.5,1.0
IGKFFHLIHRGLHGFGKIFHHIH,DBAASPS_1001,FLGLLFHGVHHVGKWIHGLIHGHH,lead_opt_contiguous,6.6201,22,23;2334.92;3.5429;0.3913;0.154;0.1609;0.4348;101.7391;0.4154;0.1739;0.9917;0.8996;0.2622;3.0667;-0.0683;0.0;0.7609;0.3254;0.06;1.0,0.8522,0.7609,0.3254,0.06,1.0,0.2899,23,2334.92,3.5429,0.3913,0.154,0.1609,0.4348,101.7391,0.4154,0.1739,0.9917,0.8996,0.2622,3.0667,-0.0683,0.0,1.0
FHGLFKKIGHVVHGFIHGVHRL,DBAASPS_1001,FLGLLFHGVHHVGKWIHGLIHGHH,lead_opt_random,6.6193,16,22;2139.685;3.4519;0.3636;0.1569;0.35;0.4545;110.4545;0.3419;0.1364;0.9864;0.8955;0.2655;2.993;-0.0732;0.0;0.9252;0.3841;0.04;1.0,0.8521,0.9252,0.3841,0.04,1.0,0.3101,22,2139.685,3.4519,0.3636,0.1569,0.35,0.4545,110.4545,0.3419,0.1364,0.9864,0.8955,0.2655,2.993,-0.0732,0.0,1.0
FFGPIIKLFHKIGKFIHHGIHALHRG,DBAASPS_1001,FLGLLFHGVHHVGKWIHGLIHGHH,lead_opt_random,6.6151,16,26;2553.265;4.4517;0.3462;0.1712;0.2962;0.4615;108.8462;0.4155;0.1538;0.9927;0.8977;0.2754;2.9168;-0.0962;0.0;0.979;0.4336;0.12;1.0,0.8519,0.979,0.4336,0.12,1.0,0.2692,26,2553.265,4.4517,0.3462,0.1712,0.2962,0.4615,108.8462,0.4155,0.1538,0.9927,0.8977,0.2754,2.9168,-0.0962,0.0,1.0
ASGSPPPVYGKRGKPVPVRPP,DBAASPS_2111,GNNRPVYLPQPRPPHPRI,lead_opt_random,6.6147,19,21;1765.22;3.9966;0.1905;0.1903;-0.8429;0.1905;46.1905;0.1752;0.0476;0.721;1.199;0.4267;2.5382;0.0281;0.0;0.1317;0.0597;0.02;1.0,0.8519,0.1317,0.0597,0.02,1.0,0.2063,21,1765.22,3.9966,0.1905,0.1903,-0.8429,0.1905,46.1905,0.1752,0.0476,0.721,1.199,0.4267,2.5382,0.0281,0.0,1.0
KWKSFIKKLTSKALKTLTKFLSSLTGK,DBAASPS_270,KWKSFLKTFKSLKKTVLHTLLKAISS,lead_opt_motif,6.6129,18,27;2597.35;7.9957;0.2963;0.2961;-0.2815;0.3704;90.3704;0.3615;0.1111;1.0422;0.9133;0.3215;2.6122;-0.053;0.0;0.9678;0.4361;0.14;1.0,0.8518,0.9678,0.4361,0.14,1.0,0.5802,27,2597.35,7.9957,0.2963,0.2961,-0.2815,0.3704,90.3704,0.3615,0.1111,1.0422,0.9133,0.3215,2.6122,-0.053,0.0,1.0
AWKRIVKEFKKLVPTIPKFVTKITKK,DBAASPS_270,KWKSFLKTFKSLKKTVLHTLLKAISS,lead_opt_random,6.6076,18,26;2659.515;7.9974;0.3462;0.3076;-0.3115;0.4231;97.3077;0.453;0.1154;1.05;0.8365;0.3219;2.8514;-0.04;0.0;0.9828;0.4351;0.12;1.0,0.8515,0.9828,0.4351,0.12,1.0,0.2491,26,2659.515,7.9974,0.3462,0.3076,-0.3115,0.4231,97.3077,0.453,0.1154,1.05,0.8365,0.3219,2.8514,-0.04,0.0,1.0
ILGKILHSVKKIGKAVLGHIAHSIAH,DBAASPS_1140,GLLSVLGSVAKHVLGHVVGVIAEHL,lead_opt_random,6.6007,21,26;2272.955;4.3605;0.3077;0.1677;0.6346;0.5;153.8462;0.3341;0.0;1.05;0.8515;0.28;2.6427;-0.1096;0.1154;0.6114;0.2987;0.1546;1.0,0.8511,0.6114,0.2987,0.1546,1.0,0.4231,26,2272.955,4.3605,0.3077,0.1677,0.6346,0.5,153.8462,0.3341,0.0,1.05,0.8515,0.28,2.6427,-0.1096,0.1154,1.0
KWKSFIKKLTSKLVHGAKHLVKPKST,DBAASPS_270,KWKSFLKTFKSLKKTVLHTLLKAISS,lead_opt_contiguous,6.5991,16,26;2522.245;8.1775;0.3846;0.3145;-0.5923;0.3462;86.1538;0.3107;0.0769;1.0238;0.9288;0.33;2.7096;0.0058;0.0;0.7851;0.356;0.12;1.0,0.8511,0.7851,0.356,0.12,1.0,0.5513,26,2522.245,8.1775,0.3846,0.3145,-0.5923,0.3462,86.1538,0.3107,0.0769,1.0238,0.9288,0.33,2.7096,0.0058,0.0,1.0
FIGRIIHGFHGIGKFIHRFSGVHF,DBAASPS_1001,FLGLLFHGVHHVGKWIHGLIHGHH,lead_opt_motif,6.5964,14,24;2347.925;3.3613;0.2917;0.1401;0.5083;0.4583;93.3333;0.3719;0.2083;0.9496;0.9162;0.2583;2.9753;-0.1017;0.0;0.9121;0.3928;0.08;1.0,0.8509,0.9121,0.3928,0.08,1.0,0.2917,24,2347.925,3.3613,0.2917,0.1401,0.5083,0.4583,93.3333,0.3719,0.2083,0.9496,0.9162,0.2583,2.9753,-0.1017,0.0,1.0
KWKSIKKFIKKTASKIAHVGGKLITHL,DBAASPS_270,KWKSFLKTFKSLKKTVLHTLLKAISS,lead_opt_contiguous,6.594,18,27;2575.35;8.1775;0.3704;0.3029;-0.2259;0.4074;104.8148;0.3667;0.0741;1.0544;0.8874;0.3056;2.7468;-0.0396;0.1111;0.9568;0.4434;0.1733;1.0,0.8508,0.9568,0.4434,0.1733,1.0,0.2963,27,2575.35,8.1775,0.3704,0.3029,-0.2259,0.4074,104.8148,0.3667,0.0741,1.0544,0.8874,0.3056,2.7468,-0.0396,0.1111,1.0
GIGKILHAVKKIGAVAKVVIGHI,DBAASPS_1140,GLLSVLGSVAKHVLGHVVGVIAEHL,lead_opt_random,6.5938,20,23;1907.55;4.1786;0.2609;0.1817;1.0826;0.5652;165.2174;0.3079;0.0;1.0448;0.8365;0.2687;2.6246;-0.1674;0.0;0.6197;0.2993;0.147;1.0,0.8508,0.6197,0.2993,0.147,1.0,0.4348,23,1907.55,4.1786,0.2609,0.1817,1.0826,0.5652,165.2174,0.3079,0.0,1.0448,0.8365,0.2687,2.6246,-0.1674,0.0,1.0
KWKSFIKKLTTALKSLAHKLKSSIFT,DBAASPS_270,KWKSFLKTFKSLKKTVLHTLLKAISS,lead_opt_contiguous,6.5898,16,26;2537.265;7.0869;0.3077;0.2726;-0.1269;0.4231;97.6923;0.3235;0.1154;1.0719;0.8646;0.3062;2.5927;-0.0554;0.1154;0.9705;0.4423;0.1546;1.0,0.8506,0.9705,0.4423,0.1546,1.0,0.4744,26,2537.265,7.0869,0.3077,0.2726,-0.1269,0.4231,97.6923,0.3235,0.1154,1.0719,0.8646,0.3062,2.5927,-0.0554,0.1154,1.0
KWKSFIKKLTSKLKKFLSTLTKALTGGL,DBAASPS_270,KWKSFLKTFKSLKKTVLHTLLKAISS,lead_opt_random,6.5893,15,28;2662.465;7.9957;0.2857;0.2856;-0.1214;0.3929;101.0714;0.3618;0.1071;1.0411;0.9164;0.3171;2.6455;-0.0829;0.0;0.9674;0.443;0.16;1.0,0.8505,0.9674,0.443,0.16,1.0,0.5476,28,2662.465,7.9957,0.2857,0.2856,-0.1214,0.3929,101.0714,0.3618,0.1071,1.0411,0.9164,0.3171,2.6455,-0.0829,0.0,1.0
FFGLFGKIGKIVHKVVGGLHRLF,DBAASPS_1001,FLGLLFHGVHHVGKWIHGLIHGHH,lead_opt_random,6.5885,17,23;2155.81;4.1789;0.2609;0.1817;0.8522;0.5217;122.6087;0.3841;0.1739;0.99;0.8996;0.2648;2.8513;-0.1748;0.1304;0.9875;0.4398;0.1281;1.0,0.8505,0.9875,0.4398,0.1281,1.0,0.3071,23,2155.81,4.1789,0.2609,0.1817,0.8522,0.5217,122.6087,0.3841,0.1739,0.99,0.8996,0.2648,2.8513,-0.1748,0.1304,1.0
GSPKPIIPYPRPPIKPRP,DBAASPS_2111,GNNRPVYLPQPRPPHPRI,lead_opt_motif,6.5844,13,18;1686.215;3.9966;0.2222;0.222;-1.0333;0.1667;65.0;0.2311;0.0556;0.6783;1.1944;0.445;2.3561;0.0194;0.1667;0.2801;0.1295;0.05;1.0,0.8503,0.2801,0.1295,0.05,1.0,0.2778,18,1686.215,3.9966,0.2222,0.222,-1.0333,0.1667,65.0,0.2311,0.0556,0.6783,1.1944,0.445,2.3561,0.0194,0.1667,1.0
KWKSFIKKLTSKAKLIGTAVTKKLTGK,DBAASPS_270,KWKSFLKTFKSLKKTVLHTLLKAISS,lead_opt_motif,6.5789,18,27;2518.28;8.9954;0.3333;0.3332;-0.3778;0.3704;90.3704;0.2463;0.0741;1.0496;0.9126;0.3244;2.665;-0.0337;0.2222;0.9439;0.4499;0.2067;1.0,0.85,0.9439,0.4499,0.2067,1.0,0.4938,27,2518.28,8.9954,0.3333,0.3332,-0.3778,0.3704,90.3704,0.2463,0.0741,1.0496,0.9126,0.3244,2.665,-0.0337,0.2222,1.0
FIHHIIHGFGRFIKHFIHRG,DBAASPS_1001,FLGLLFHGVHHVGKWIHGLIHGHH,lead_opt_motif,6.5784,20,20;2109.635;3.4522;0.4;0.1726;0.18;0.45;97.5;0.4761;0.2;0.9845;0.8665;0.2525;2.9591;-0.0435;0.15;0.7913;0.3323;0.045;1.0,0.85,0.7913,0.3323,0.045,1.0,0.287,20,2109.635,3.4522,0.4,0.1726,0.18,0.45,97.5,0.4761,0.2,0.9845,0.8665,0.2525,2.9591,-0.0435,0.15,1.0
GRRPGGPPFPVPIPKYRC,DBAASPS_2111,GNNRPVYLPQPRPPHPRI,lead_opt_random,6.5642,15,18;1670.145;3.9349;0.2222;0.2186;-0.8611;0.1667;37.7778;0.1597;0.1111;0.69;1.2111;0.4078;2.4028;0.0278;0.0;0.3211;0.1284;0.0;1.0,0.8492,0.3211,0.1284,0.0,1.0,0.2424,18,1670.145,3.9349,0.2222,0.2186,-0.8611,0.1667,37.7778,0.1597,0.1111,0.69,1.2111,0.4078,2.4028,0.0278,0.0,1.0
KWKSFIKKLTSKLKKFAKIGIAPITVS,DBAASPS_270,KWKSFLKTFKSLKKTVLHTLLKAISS,lead_opt_random,6.5591,18,27;2575.4;7.9957;0.2963;0.2961;0.0407;0.4444;104.8148;0.3238;0.1111;1.0422;0.8804;0.3093;2.6238;-0.0863;0.0;0.995;0.447;0.14;1.0,0.8489,0.995,0.447,0.14,1.0,0.5062,27,2575.4,7.9957,0.2963,0.2961,0.0407,0.4444,104.8148,0.3238,0.1111,1.0422,0.8804,0.3093,2.6238,-0.0863,0.0,1.0
RVVIGYKRKFVVWV,DBAASPS_3078,VRRFGWWWGFLRR,lead_opt_contiguous,6.5557,12,14;1496.955;3.9966;0.2857;0.2855;0.6357;0.5714;131.4286;0.1858;0.2143;1.005;0.8021;0.2514;2.3603;-0.1036;0.0;0.8728;0.3825;0.0952;1.0,0.8487,0.8728,0.3825,0.0952,1.0,0.2646,14,1496.955,3.9966,0.2857,0.2855,0.6357,0.5714,131.4286,0.1858,0.2143,1.005,0.8021,0.2514,2.3603,-0.1036,0.0,1.0
KWKSFIKKLTTKALKIGKTLTTGLPALI,DBAASPS_270,KWKSFLKTFKSLKKTVLHTLLKAISS,lead_opt_random,6.5553,20,28;2595.415;6.996;0.25;0.2499;0.1429;0.4286;118.5714;0.3213;0.0714;1.0307;0.8936;0.3136;2.5659;-0.1118;0.1071;0.8133;0.3926;0.1921;1.0,0.8487,0.8133,0.3926,0.1921,1.0,0.4881,28,2595.415,6.996,0.25,0.2499,0.1429,0.4286,118.5714,0.3213,0.0714,1.0307,0.8936,0.3136,2.5659,-0.1118,0.1071,1.0
KWKSFIKKLTKKLAKIGAHIAQHILK,DBAASPS_173,KWKSFIKKLTKAAKKVVTTAKKPLIV,lead_opt_random,6.5544,14,26;2561.375;8.1775;0.3846;0.3145;-0.2423;0.4615;116.5385;0.3896;0.0769;1.1146;0.8385;0.3004;2.6492;-0.0527;0.1154;0.9884;0.4495;0.1546;1.0,0.8487,0.9884,0.4495,0.1546,1.0,0.4359,26,2561.375,8.1775,0.3846,0.3145,-0.2423,0.4615,116.5385,0.3896,0.0769,1.1146,0.8385,0.3004,2.6492,-0.0527,0.1154,1.0
VVPVLGKVLHVGKHILGALHHLYGVAH,DBAASPS_1140,GLLSVLGSVAKHVLGHVVGVIAEHL,lead_opt_motif,6.5543,27,27;2378.05;2.4511;0.2593;0.0908;0.8889;0.5185;158.5185;0.2577;0.037;0.9985;0.8744;0.2737;2.6185;-0.1459;0.0;0.3257;0.1879;0.1647;1.0,0.8487,0.3257,0.1879,0.1647,1.0,0.2315,27,2378.05,2.4511,0.2593,0.0908,0.8889,0.5185,158.5185,0.2577,0.037,0.9985,0.8744,0.2737,2.6185,-0.1459,0.0,1.0
KWKSFIKKLTKKLTTAAKKIAGTLTK,DBAASPS_173,KWKSFIKKLTKAAKKVVTTAKKPLIV,lead_opt_contiguous,6.5538,14,26;2465.215;8.9954;0.3462;0.346;-0.4654;0.3846;86.5385;0.367;0.0769;1.0842;0.8781;0.3238;2.6313;-0.0219;0.3462;0.744;0.3759;0.2238;1.0,0.8486,0.744,0.3759,0.2238,1.0,0.5513,26,2465.215,8.9954,0.3462,0.346,-0.4654,0.3846,86.5385,0.367,0.0769,1.0842,0.8781,0.3238,2.6313,-0.0219,0.3462,1.0
KWKSFIKKLTKKFLTTAKKILTTGLP,DBAASPS_270,KWKSFLKTFKSLKKTVLHTLLKAISS,lead_opt_contiguous,6.552,18,26;2552.345;7.9957;0.3077;0.3075;-0.2615;0.3846;93.8462;0.367;0.1154;1.0335;0.8973;0.3212;2.6549;-0.0654;0.1154;0.9896;0.45;0.1546;1.0,0.8486,0.9896,0.45,0.1546,1.0,0.6282,26,2552.345,7.9957,0.3077,0.3075,-0.2615,0.3846,93.8462,0.367,0.1154,1.0335,0.8973,0.3212,2.6549,-0.0654,0.1154,1.0
GIPVPIPNYRGRPKPIPRP,DBAASPS_2111,GNNRPVYLPQPRPPHPRI,lead_opt_random,6.5465,15,19;1782.3;3.9968;0.2105;0.2104;-0.8684;0.2105;76.8421;0.1209;0.0526;0.6942;1.1784;0.4242;2.432;0.0179;0.1579;0.3009;0.1369;0.0474;1.0,0.8483,0.3009,0.1369,0.0474,1.0,0.2105,19,1782.3,3.9968,0.2105,0.2104,-0.8684,0.2105,76.8421,0.1209,0.0526,0.6942,1.1784,0.4242,2.432,0.0179,0.1579,1.0
GIKDIAKAFVKGAAKAVINTGAKALI,DBAASPR_1546,GLWSTIKNVGKEAAIAAGKAALGAL,lead_opt_motif,6.5421,18,26;2100.715;3.997;0.1923;0.1537;0.6615;0.5769;124.2308;0.328;0.0385;1.1054;0.8546;0.2962;2.7992;-0.1538;0.2308;0.1525;0.1631;0.2918;1.0,0.848,0.1525,0.1631,0.2918,1.0,0.3419,26,2100.715,3.997,0.1923,0.1537,0.6615,0.5769,124.2308,0.328,0.0385,1.1054,0.8546,0.2962,2.7992,-0.1538,0.2308,1.0
FFHHIGKLFHGVHGLIHRLHGLHGF,DBAASPS_1001,FLGLLFHGVHHVGKWIHGLIHGHH,lead_opt_motif,6.5421,18,25;2464.04;2.6341;0.36;0.1054;0.272;0.44;105.2;0.2772;0.16;0.9816;0.9204;0.2636;3.0246;-0.0812;0.24;0.8828;0.4133;0.172;1.0,0.848,0.8828,0.4133,0.172,1.0,0.32,25,2464.04,2.6341,0.36,0.1054,0.272,0.44,105.2,0.2772,0.16,0.9816,0.9204,0.2636,3.0246,-0.0812,0.24,1.0
GILGKILHAVKKVGSIVKGIAHHIAH,DBAASPS_1140,GLLSVLGSVAKHVLGHVVGVIAEHL,lead_opt_random,6.5372,20,26;2228.895;4.3605;0.3077;0.1677;0.6654;0.5;150.0;0.3571;0.0;1.0365;0.8638;0.2781;2.6715;-0.1119;0.1154;0.6435;0.3115;0.1546;1.0,0.8478,0.6435,0.3115,0.1546,1.0,0.2949,26,2228.895,4.3605,0.3077,0.1677,0.6654,0.5,150.0,0.3571,0.0,1.0365,0.8638,0.2781,2.6715,-0.1119,0.1154,1.0
KWKSFIKKLTKKLTTGLKALIKALTK,DBAASPS_173,KWKSFIKKLTKAAKKVVTTAKKPLIV,lead_opt_random,6.5356,13,26;2519.355;8.9954;0.3462;0.346;-0.2154;0.4231;112.6923;0.3771;0.0769;1.0908;0.8635;0.3158;2.5678;-0.0665;0.4615;0.9339;0.464;0.2585;1.0,0.8477,0.9339,0.464,0.2585,1.0,0.5,26,2519.355,8.9954,0.3462,0.346,-0.2154,0.4231,112.6923,0.3771,0.0769,1.0908,0.8635,0.3158,2.5678,-0.0665,0.4615,1.0
GIGKILHGIKAFIGAIKHIINAH,DBAASPS_1140,GLLSVLGSVAKHVLGHVVGVIAEHL,lead_opt_random,6.5291,22,23;2007.6;3.2698;0.2609;0.1422;0.7435;0.5217;148.6957;0.316;0.0435;1.0257;0.8817;0.2726;2.7539;-0.1543;0.0;0.5871;0.266;0.089;1.0,0.8473,0.5871,0.266,0.089,1.0,0.4058,23,2007.6,3.2698,0.2609,0.1422,0.7435,0.5217,148.6957,0.316,0.0435,1.0257,0.8817,0.2726,2.7539,-0.1543,0.0,1.0
RGGLPPVPIGPRPWKPR,DBAASPS_2111,GNNRPVYLPQPRPPHPRI,lead_opt_random,6.5179,12,17;1574.03;3.9977;0.2353;0.2352;-0.9765;0.2353;62.9412;0.2124;0.0588;0.7171;1.2012;0.4218;2.4494;0.0176;0.0;0.496;0.1984;0.0;1.0,0.8467,0.496,0.1984,0.0,1.0,0.2188,17,1574.03,3.9977,0.2353,0.2352,-0.9765,0.2353,62.9412,0.2124,0.0588,0.7171,1.2012,0.4218,2.4494,0.0176,0.0,1.0
KWKSFIKKLTSKLKKFLTTALTKLTGK,DBAASPS_270,KWKSFLKTFKSLKKTVLHTLLKAISS,lead_opt_contiguous,6.5146,16,27;2652.46;8.9954;0.3333;0.3332;-0.3926;0.3704;90.3704;0.3313;0.1111;1.0589;0.8952;0.3215;2.6479;-0.0444;0.1111;0.9969;0.4594;0.1733;1.0,0.8466,0.9969,0.4594,0.1733,1.0,0.6049,27,2652.46,8.9954,0.3333,0.3332,-0.3926,0.3704,90.3704,0.3313,0.1111,1.0589,0.8952,0.3215,2.6479,-0.0444,0.1111,1.0
ILGKILRGIMHVGKHILTGLIHEL,DBAASPS_1140,GLLSVLGSVAKHVLGHVVGVIAEHL,lead_opt_motif,6.4922,20,24;2229.955;2.2719;0.25;0.0947;0.8292;0.5;174.5833;0.3686;0.0;1.0354;0.845;0.2779;2.8161;-0.1763;0.0;0.6112;0.2725;0.08;1.0,0.8454,0.6112,0.2725,0.08,1.0,0.3428,24,2229.955,2.2719,0.25,0.0947,0.8292,0.5,174.5833,0.3686,0.0,1.0354,0.845,0.2779,2.8161,-0.1763,0.0,1.0
FIGKILHSGKHFIHRFVHGIHGF,DBAASPS_1001,FLGLLFHGVHHVGKWIHGLIHGHH,lead_opt_contiguous,6.4872,17,23;2270.83;3.4519;0.3478;0.1501;0.2826;0.4348;97.3913;0.3654;0.1739;0.9752;0.9078;0.2643;2.9837;-0.0757;0.0;0.9796;0.4128;0.06;1.0,0.8451,0.9796,0.4128,0.06,1.0,0.4203,23,2270.83,3.4519,0.3478,0.1501,0.2826,0.4348,97.3913,0.3654,0.1739,0.9752,0.9078,0.2643,2.9837,-0.0757,0.0,1.0
FIHHIIHGILHMGKVLVTGLKPAIH,DBAASPS_1140,GLLSVLGSVAKHVLGHVVGVIAEHL,lead_opt_motif,6.482,23,25;2332.05;2.452;0.28;0.0981;0.86;0.52;152.0;0.2839;0.04;1.014;0.8436;0.2652;2.7165;-0.1516;0.0;0.5876;0.2794;0.1267;1.0,0.8448,0.5876,0.2794,0.1267,1.0,0.2533,25,2332.05,2.452,0.28,0.0981,0.86,0.52,152.0,0.2839,0.04,1.014,0.8436,0.2652,2.7165,-0.1516,0.0,1.0
FFHPIVHGVKKFLHGIHGLIHRF,DBAASPS_1001,FLGLLFHGVHHVGKWIHGLIHGHH,lead_opt_motif,6.4745,14,23;2322.95;3.4519;0.3478;0.1501;0.4174;0.4783;110.0;0.3712;0.1739;0.9835;0.8761;0.2657;2.9077;-0.0943;0.0;0.986;0.4154;0.06;1.0,0.8444,0.986,0.4154,0.06,1.0,0.2856,23,2322.95,3.4519,0.3478,0.1501,0.4174,0.4783,110.0,0.3712,0.1739,0.9835,0.8761,0.2657,2.9077,-0.0943,0.0,1.0
FIGKIIHGVGKFIHHGHKFAHSIIH,DBAASPS_1001,FLGLLFHGVHHVGKWIHGLIHGHH,lead_opt_contiguous,6.4689,18,25;2380.98;3.5426;0.36;0.1417;0.324;0.44;109.2;0.3676;0.12;0.9952;0.8896;0.2632;3.0088;-0.0772;0.12;0.942;0.4244;0.136;1.0,0.8441,0.942,0.4244,0.136,1.0,0.2667,25,2380.98,3.5426,0.36,0.1417,0.324,0.44,109.2,0.3676,0.12,0.9952,0.8896,0.2632,3.0088,-0.0772,0.12,1.0
GILSIIKHVKKIGAGIHAIINAINQ,DBAASPS_1140,GLLSVLGSVAKHVLGHVVGVIAEHL,lead_opt_contiguous,6.4683,18,25;2171.8;3.1789;0.2;0.1272;0.752;0.52;164.0;0.3394;0.0;1.0232;0.8732;0.2816;2.6884;-0.1548;0.0;0.4935;0.2417;0.1267;1.0,0.8441,0.4935,0.2417,0.1267,1.0,0.2933,25,2171.8,3.1789,0.2,0.1272,0.752,0.52,164.0,0.3394,0.0,1.0232,0.8732,0.2816,2.6884,-0.1548,0.0,1.0
GFGKIFHFIHGLHHGLHFVHRYTGVF,DBAASPS_1001,FLGLLFHGVHHVGKWIHGLIHGHH,lead_opt_motif,6.46,21,26;2593.155;2.5423;0.3077;0.0978;0.2846;0.4231;82.3077;0.2812;0.2308;0.955;0.9262;0.2592;3.0282;-0.0862;0.2308;0.5602;0.2903;0.1892;1.0,0.8437,0.5602,0.2903,0.1892,1.0,0.1923,26,2593.155,2.5423,0.3077,0.0978,0.2846,0.4231,82.3077,0.2812,0.2308,0.955,0.9262,0.2592,3.0282,-0.0862,0.2308,1.0
KWKSILKSILKLFKKIYKCIAKKTGL,DBAASPS_270,KWKSFLKTFKSLKKTVLHTLLKAISS,lead_opt_motif,6.4509,17,26;2611.535;8.9326;0.3462;0.3436;0.0115;0.4231;123.8462;0.4549;0.1154;1.06;0.88;0.2965;2.442;-0.1015;0.3462;0.998;0.4775;0.2238;1.0,0.8432,0.998,0.4775,0.2238,1.0,0.2949,26,2611.535,8.9326,0.3462,0.3436,0.0115,0.4231,123.8462,0.4549,0.1154,1.06,0.88,0.2965,2.442,-0.1015,0.3462,1.0
KWKSFIKKLTSKLTTGLKKLAKLFLTTG,DBAASPS_270,KWKSFLKTFKSLKKTVLHTLLKAISS,lead_opt_random,6.4484,17,28;2676.485;7.9957;0.2857;0.2856;-0.1179;0.3929;101.0714;0.3518;0.1071;1.0432;0.9068;0.3154;2.6111;-0.0836;0.4286;0.9594;0.4847;0.2886;1.0,0.843,0.9594,0.4847,0.2886,1.0,0.4762,28,2676.485,7.9957,0.2857,0.2856,-0.1179,0.3929,101.0714,0.3518,0.1071,1.0432,0.9068,0.3154,2.6111,-0.0836,0.4286,1.0
IIKNIKKIGIGFAVKAVLNKICVTG,DBAASPS_1140,GLLSVLGSVAKHVLGHVVGVIAEHL,lead_opt_motif,6.4392,23,25;2190.93;4.9346;0.2;0.1974;0.956;0.52;152.0;0.2245;0.04;1.0088;0.878;0.2764;2.6289;-0.1784;0.0;0.4577;0.2274;0.1267;1.0,0.8426,0.4577,0.2274,0.1267,1.0,0.2897,25,2190.93,4.9346,0.2,0.1974,0.956,0.52,152.0,0.2245,0.04,1.0088,0.878,0.2764,2.6289,-0.1784,0.0,1.0
ILKKLPQFRGEFAKKIKCKINKIFAVS,DBAASPS_270,KWKSFLKTFKSLKKTVLHTLLKAISS,lead_opt_motif,6.435,24,27;2662.52;6.9358;0.2963;0.2569;-0.0296;0.4444;104.8148;0.2481;0.1111;1.0656;0.8607;0.31;2.8126;-0.0811;0.0;0.9061;0.4115;0.14;1.0,0.8423,0.9061,0.4115,0.14,1.0,0.2346,27,2662.52,6.9358,0.2963,0.2569,-0.0296,0.4444,104.8148,0.2481,0.1111,1.0656,0.8607,0.31,2.8126,-0.0811,0.0,1.0
GIGKIAKSFLGAGKKLVKAAAGLAINA,DBAASPR_1546,GLWSTIKNVGKEAAIAAGKAALGAL,lead_opt_contiguous,6.4342,22,27;2081.72;4.9965;0.1852;0.1851;0.6926;0.5556;123.3333;0.3095;0.037;1.0774;0.9081;0.303;2.6409;-0.1607;0.0;0.4064;0.2375;0.2141;1.0,0.8423,0.4064,0.2375,0.2141,1.0,0.2963,27,2081.72,4.9965,0.1852,0.1851,0.6926,0.5556,123.3333,0.3095,0.037,1.0774,0.9081,0.303,2.6409,-0.1607,0.0,1.0
FFHFIGRLFHGIGKVLHGVHGLHRF,DBAASPS_1001,FLGLLFHGVHHVGKWIHGLIHGHH,lead_opt_random,6.4181,18,25;2479.1;3.4522;0.32;0.1381;0.476;0.48;101.2;0.371;0.2;0.9788;0.9028;0.2596;2.9524;-0.1012;0.0;0.9898;0.4309;0.1;1.0,0.8414,0.9898,0.4309,0.1,1.0,0.2133,25,2479.1,3.4522,0.32,0.1381,0.476,0.48,101.2,0.371,0.2,0.9788,0.9028,0.2596,2.9524,-0.1012,0.0,1.0
GFFHIIKKGLKAL,DBAASPS_3367,LNWGAKLKHIIK,lead_opt_random,6.4176,12,13;1237.65;3.088;0.3077;0.2375;0.6385;0.5385;127.6923;0.4238;0.1538;1.0677;0.86;0.2731;2.7537;-0.1738;0.0;0.9696;0.4058;0.0513;1.0,0.8414,0.9696,0.4058,0.0513,1.0,0.4872,13,1237.65,3.088,0.3077,0.2375,0.6385,0.5385,127.6923,0.4238,0.1538,1.0677,0.86,0.2731,2.7537,-0.1738,0.0,1.0
KWKSFIKKLTKKLTGAAKKLVTGVTK,DBAASPS_270,KWKSFLKTFKSLKKTVLHTLLKAISS,lead_opt_random,6.4137,19,26;2435.185;8.9954;0.3462;0.346;-0.3731;0.3846;90.0;0.3533;0.0769;1.0596;0.9015;0.3227;2.6741;-0.0327;0.3462;0.8652;0.4244;0.2238;1.0,0.8412,0.8652,0.4244,0.2238,1.0,0.5513,26,2435.185,8.9954,0.3462,0.346,-0.3731,0.3846,90.0,0.3533,0.0769,1.0596,0.9015,0.3227,2.6741,-0.0327,0.3462,1.0
GLIKIGKAFVGIIKNIAKGIAQGIQ,DBAASPS_1140,GLLSVLGSVAKHVLGHVVGVIAEHL,lead_opt_random,6.4081,22,25;2100.76;3.9968;0.16;0.1599;0.784;0.52;148.4;0.387;0.04;1.024;0.9016;0.2868;2.7289;-0.194;0.0;0.3724;0.1933;0.1267;1.0,0.8409,0.3724,0.1933,0.1267,1.0,0.2538,25,2100.76,3.9968,0.16,0.1599,0.784,0.52,148.4,0.387,0.04,1.024,0.9016,0.2868,2.7289,-0.194,0.0,1.0
VFHFIHNGGKHIVHFVHRLF,DBAASPS_1001,FLGLLFHGVHHVGKWIHGLIHGHH,lead_opt_contiguous,6.4042,20,20;2081.565;2.4522;0.35;0.1226;0.395;0.5;102.0;0.3803;0.2;0.9995;0.849;0.2495;3.0857;-0.068;0.0;0.907;0.3628;0.0;1.0,0.8407,0.907,0.3628,0.0,1.0,0.3379,20,2081.565,2.4522,0.35,0.1226,0.395,0.5,102.0,0.3803,0.2,0.9995,0.849,0.2495,3.0857,-0.068,0.0,1.0
KWKSFIKKLTKTAKKIAHVIGKLASK,DBAASPS_173,KWKSFIKKLTKAAKKVVTTAKKPLIV,lead_opt_motif,6.3999,11,26;2485.265;9.0863;0.3846;0.3495;-0.35;0.4231;97.6923;0.4267;0.0769;1.0923;0.8658;0.3131;2.6553;-0.025;0.0;0.9362;0.4165;0.12;1.0,0.8405,0.9362,0.4165,0.12,1.0,0.4744,26,2485.265,9.0863,0.3846,0.3495,-0.35,0.4231,97.6923,0.4267,0.0769,1.0923,0.8658,0.3131,2.6553,-0.025,0.0,1.0
FIHGFIHGIKHFIHRFGGLIHRF,DBAASPS_1001,FLGLLFHGVHHVGKWIHGLIHGHH,lead_opt_contiguous,6.3952,16,23;2372.98;3.4522;0.3478;0.1501;0.4261;0.4783;101.7391;0.3815;0.2174;0.9826;0.8765;0.25;2.9661;-0.0926;0.6522;0.9055;0.4517;0.2557;1.0,0.8402,0.9055,0.4517,0.2557,1.0,0.3623,23,2372.98,3.4522,0.3478,0.1501,0.4261,0.4783,101.7391,0.3815,0.2174,0.9826,0.8765,0.25,2.9661,-0.0926,0.6522,1.0
KWKSFIKKLTKKAAKIGPAIIKHITK,DBAASPS_173,KWKSFIKKLTKAAKKVVTTAKKPLIV,lead_opt_contiguous,6.3793,12,26;2509.335;9.0863;0.3846;0.3495;-0.3423;0.4231;101.5385;0.3813;0.0769;1.0715;0.8712;0.3165;2.6665;-0.0369;0.0;0.9466;0.4207;0.12;1.0,0.8394,0.9466,0.4207,0.12,1.0,0.4487,26,2509.335,9.0863,0.3846,0.3495,-0.3423,0.4231,101.5385,0.3813,0.0769,1.0715,0.8712,0.3165,2.6665,-0.0369,0.0,1.0
GILHIAKHVGHAVKQILTGIKQVL,DBAASPS_1140,GLLSVLGSVAKHVLGHVVGVIAEHL,lead_opt_contiguous,6.3702,20,24;2141.765;3.2698;0.25;0.1362;0.6417;0.5;158.3333;0.3754;0.0;1.0504;0.8362;0.2771;2.6553;-0.1296;0.0;0.6728;0.2971;0.08;1.0,0.8389,0.6728,0.2971,0.08,1.0,0.3011,24,2141.765,3.2698,0.25,0.1362,0.6417,0.5,158.3333,0.3754,0.0,1.0504,0.8362,0.2771,2.6553,-0.1296,0.0,1.0
KKWKSFVKKLTKGLHTALKAALHRLL,DBAASPS_173,KWKSFIKKLTKAAKKVVTTAKKPLIV,lead_opt_motif,6.3683,23,26;2548.335;8.1778;0.3846;0.3145;-0.25;0.4615;112.6923;0.3618;0.0769;1.11;0.8504;0.3088;2.5815;-0.0346;0.0;0.9521;0.4229;0.12;1.0,0.8388,0.9521,0.4229,0.12,1.0,0.3034,26,2548.335,8.1778,0.3846,0.3145,-0.25,0.4615,112.6923,0.3618,0.0769,1.11,0.8504,0.3088,2.5815,-0.0346,0.0,1.0
FFHHIGKVFHHIGRHVHGLIHHGLH,DBAASPS_1001,FLGLLFHGVHHVGKWIHGLIHGHH,lead_opt_motif,6.3676,16,25;2520.06;2.8159;0.44;0.1126;-0.036;0.4;101.2;0.4022;0.12;0.9824;0.8984;0.2624;3.0616;-0.0056;0.48;0.9266;0.4561;0.244;1.0,0.8387,0.9266,0.4561,0.244,1.0,0.28,25,2520.06,2.8159,0.44,0.1126,-0.036,0.4,101.2,0.4022,0.12,0.9824,0.8984,0.2624,3.0616,-0.0056,0.48,1.0
FFHILGKLIHGFHGIGKHFIRHI,DBAASPS_1001,FLGLLFHGVHHVGKWIHGLIHGHH,lead_opt_contiguous,6.3619,20,23;2310.94;3.4519;0.3478;0.1501;0.4957;0.4783;118.6957;0.336;0.1739;0.9952;0.8787;0.2543;2.9896;-0.1165;0.0;0.8914;0.3776;0.06;1.0,0.8384,0.8914,0.3776,0.06,1.0,0.3043,23,2310.94,3.4519,0.3478,0.1501,0.4957,0.4783,118.6957,0.336,0.1739,0.9952,0.8787,0.2543,2.9896,-0.1165,0.0,1.0
GLFDTLKNVLKAAAKAVVKGAAQGLSS,DBAASPR_1546,GLWSTIKNVGKEAAIAAGKAALGAL,lead_opt_contiguous,6.3496,14,27;2171.71;2.9973;0.1481;0.111;0.437;0.5185;112.2222;0.3483;0.037;1.0807;0.9052;0.3133;2.7834;-0.1333;0.0;0.2775;0.1686;0.1647;1.0,0.8378,0.2775,0.1686,0.1647,1.0,0.4815,27,2171.71,2.9973,0.1481,0.111,0.437,0.5185,112.2222,0.3483,0.037,1.0807,0.9052,0.3133,2.7834,-0.1333,0.0,1.0
FIGKLFHIGKHIGHVGKHVVGHVHHF,DBAASPS_1001,FLGLLFHGVHHVGKWIHGLIHGHH,lead_opt_motif,6.3457,18,26;2470.065;3.6335;0.3846;0.1397;0.2462;0.4231;104.6154;0.3154;0.1154;0.9773;0.9108;0.2658;3.0831;-0.0596;0.4615;0.7268;0.3812;0.2585;1.0,0.8376,0.7268,0.3812,0.2585,1.0,0.2308,26,2470.065,3.6335,0.3846,0.1397,0.2462,0.4231,104.6154,0.3154,0.1154,0.9773,0.9108,0.2658,3.0831,-0.0596,0.4615,1.0
FLKRIKTLLKFL,DBAASPS_3365,LNWKAILKHIIK,lead_opt_contiguous,6.3402,12,12;1303.795;3.9971;0.3333;0.3331;0.7;0.5833;162.5;0.4062;0.1667;1.12;0.7475;0.2725;2.359;-0.1683;0.0;0.9718;0.4276;0.1111;1.0,0.8373,0.9718,0.4276,0.1111,1.0,0.5556,12,1303.795,3.9971,0.3333,0.3331,0.7,0.5833,162.5,0.4062,0.1667,1.12,0.7475,0.2725,2.359,-0.1683,0.0,1.0
KWKKFIRKIAKAVKKLGTTAKQILPPVPKI,DBAASPS_173,KWKSFIKKLTKAAKKVVTTAKKPLIV,lead_opt_motif,6.3333,15,30;2889.875;9.9954;0.3333;0.3332;-0.28;0.4333;107.3333;0.4364;0.0667;1.036;0.8853;0.332;2.5968;-0.0483;0.0;0.7691;0.3776;0.2;1.0,0.8369,0.7691,0.3776,0.2,1.0,0.4,30,2889.875,9.9954,0.3333,0.3332,-0.28,0.4333,107.3333,0.4364,0.0667,1.036,0.8853,0.332,2.5968,-0.0483,0.0,1.0
GSKPVPIYPIRPPRPHP,DBAASPS_2111,GNNRPVYLPQPRPPHPRI,lead_opt_contiguous,6.3167,15,17;1602.05;3.0877;0.2353;0.1816;-0.9765;0.1765;62.9412;0.1703;0.0588;0.6876;1.1735;0.4288;2.3813;0.04;0.0;0.4461;0.1784;0.0;1.0,0.836,0.4461,0.1784,0.0,1.0,0.2505,17,1602.05,3.0877,0.2353,0.1816,-0.9765,0.1765,62.9412,0.1703,0.0588,0.6876,1.1735,0.4288,2.3813,0.04,0.0,1.0
GIFDVLKKVLTVALKVINKTLTG,DBAASPS_1140,GLLSVLGSVAKHVLGHVVGVIAEHL,lead_opt_contiguous,6.3115,20,23;2056.68;2.9973;0.1739;0.1303;0.8739;0.5217;156.5217;0.3525;0.0435;1.0322;0.8574;0.2891;2.7617;-0.1896;0.0;0.4444;0.2089;0.089;1.0,0.8358,0.4444,0.2089,0.089,1.0,0.3382,23,2056.68,2.9973,0.1739,0.1303,0.8739,0.5217,156.5217,0.3525,0.0435,1.0322,0.8574,0.2891,2.7617,-0.1896,0.0,1.0
KGPGIPVYPRPIRPSPR,DBAASPS_2111,GNNRPVYLPQPRPPHPRI,lead_opt_motif,6.3009,13,17;1581.03;3.9968;0.2353;0.2351;-0.9824;0.1765;62.9412;0.3146;0.0588;0.6982;1.1806;0.4259;2.4017;0.05;0.0;0.4541;0.1816;0.0;1.0,0.8352,0.4541,0.1816,0.0,1.0,0.2309,17,1581.03,3.9968,0.2353,0.2351,-0.9824,0.1765,62.9412,0.3146,0.0588,0.6982,1.1806,0.4259,2.4017,0.05,0.0,1.0
FIGKFLRGIVHGLHGVKHFIHGGKHIF,DBAASPS_1001,FLGLLFHGVHHVGKWIHGLIHGHH,lead_opt_contiguous,6.2993,20,27;2566.25;4.4517;0.3333;0.1649;0.3926;0.4444;108.1481;0.3521;0.1481;0.9715;0.927;0.2696;2.9974;-0.1037;0.0;0.9747;0.4389;0.14;1.0,0.8351,0.9747,0.4389,0.14,1.0,0.2346,27,2566.25,4.4517,0.3333,0.1649,0.3926,0.4444,108.1481,0.3521,0.1481,0.9715,0.927,0.2696,2.9974,-0.1037,0.0,1.0
GSKPVPIIYPRPPRPPH,DBAASPS_2111,GNNRPVYLPQPRPPHPRI,lead_opt_contiguous,6.2972,15,17;1602.05;3.0877;0.2353;0.1816;-0.9765;0.1765;62.9412;0.2207;0.0588;0.6876;1.1735;0.4288;2.3491;0.04;0.3529;0.3907;0.1934;0.1059;1.0,0.835,0.3907,0.1934,0.1059,1.0,0.3083,17,1602.05,3.0877,0.2353,0.1816,-0.9765,0.1765,62.9412,0.2207,0.0588,0.6876,1.1735,0.4288,2.3491,0.04,0.3529,1.0
KWKSFIKKLTSKALKKITTAGLKLVTK,DBAASPS_270,KWKSFLKTFKSLKKTVLHTLLKAISS,lead_opt_motif,6.2941,19,27;2574.39;8.9954;0.3333;0.3332;-0.2222;0.4074;104.8148;0.3449;0.0741;1.0733;0.8737;0.317;2.5823;-0.0515;0.0;0.9773;0.4399;0.14;1.0,0.8348,0.9773,0.4399,0.14,1.0,0.5309,27,2574.39,8.9954,0.3333,0.3332,-0.2222,0.4074,104.8148,0.3449,0.0741,1.0733,0.8737,0.317,2.5823,-0.0515,0.0,1.0
ILGTLIHGVKKLAHGIHGVLKHIAG,DBAASPS_1140,GLLSVLGSVAKHVLGHVVGVIAEHL,lead_opt_contiguous,6.2823,21,25;2132.76;3.3608;0.28;0.1344;0.72;0.48;156.0;0.3417;0.0;1.0112;0.8972;0.28;2.731;-0.1396;0.24;0.6606;0.3244;0.172;1.0,0.8342,0.6606,0.3244,0.172,1.0,0.2667,25,2132.76,3.3608,0.28,0.1344,0.72,0.48,156.0,0.3417,0.0,1.0112,0.8972,0.28,2.731,-0.1396,0.24,1.0
GIGKFLHAAKKLAGLAVKVGKAGLSAI,DBAASPR_1546,GLWSTIKNVGKEAAIAAGKAALGAL,lead_opt_motif,6.2816,22,27;2132.81;5.0875;0.2222;0.1884;0.7667;0.5556;130.3704;0.2888;0.037;1.0811;0.8863;0.2944;2.6063;-0.1593;0.1111;0.4629;0.2718;0.2474;1.0,0.8342,0.4629,0.2718,0.2474,1.0,0.4321,27,2132.81,5.0875,0.2222,0.1884,0.7667,0.5556,130.3704,0.2888,0.037,1.0811,0.8863,0.2944,2.6063,-0.1593,0.1111,1.0
FIHHFIHGIHGVKKFVHGIHSAIHKF,DBAASPS_1001,FLGLLFHGVHHVGKWIHGLIHGHH,lead_opt_motif,6.2767,17,26;2576.205;3.6335;0.3846;0.1397;0.3;0.4615;101.1538;0.3374;0.1538;1.0162;0.8531;0.2542;3.0395;-0.0612;0.4615;0.7616;0.3951;0.2585;1.0,0.8339,0.7616,0.3951,0.2585,1.0,0.2821,26,2576.205,3.6335,0.3846,0.1397,0.3,0.4615,101.1538,0.3374,0.1538,1.0162,0.8531,0.2542,3.0395,-0.0612,0.4615,1.0
IIKELFKVGKHVGKVLVGHILSHI,DBAASPS_1140,GLLSVLGSVAKHVLGHVVGVIAEHL,lead_opt_motif,6.2766,24,24;2232.925;3.2713;0.2917;0.1363;0.7625;0.5;162.0833;0.323;0.0417;1.0396;0.8262;0.2742;2.9159;-0.15;0.125;0.697;0.3199;0.1175;1.0,0.8339,0.697,0.3199,0.1175,1.0,0.3056,24,2232.925,3.2713,0.2917,0.1363,0.7625,0.5,162.0833,0.323,0.0417,1.0396,0.8262,0.2742,2.9159,-0.15,0.125,1.0
ILKWIKKYVKGIAKALKKFIQSKIKG,DBAASPS_270,KWKSFLKTFKSLKKTVLHTLLKAISS,lead_opt_random,6.2749,21,26;2562.445;8.9945;0.3462;0.3459;-0.0654;0.4615;123.8462;0.4364;0.1154;1.08;0.8658;0.2988;2.6621;-0.1;0.0;0.9994;0.4417;0.12;1.0,0.8338,0.9994,0.4417,0.12,1.0,0.359,26,2562.445,8.9945,0.3462,0.3459,-0.0654,0.4615,123.8462,0.4364,0.1154,1.08,0.8658,0.2988,2.6621,-0.1,0.0,1.0
GIGALIKTIKQGVKASVKAFVGAIKQA,DBAASPR_1546,GLWSTIKNVGKEAAIAAGKAALGAL,lead_opt_motif,6.2711,24,27;2210.87;4.9965;0.1852;0.1851;0.6148;0.5185;122.963;0.3269;0.037;1.0681;0.8641;0.2937;2.6508;-0.1378;0.2222;0.4781;0.2722;0.2314;1.0,0.8336,0.4781,0.2722,0.2314,1.0,0.2716,27,2210.87,4.9965,0.1852,0.1851,0.6148,0.5185,122.963,0.3269,0.037,1.0681,0.8641,0.2937,2.6508,-0.1378,0.2222,1.0
KWKSFIKKLTKTAGKLFAKLITTKVKQ,DBAASPS_270,KWKSFLKTFKSLKKTVLHTLLKAISS,lead_opt_motif,6.2677,20,27;2649.46;8.9954;0.3333;0.3332;-0.3593;0.4074;90.3704;0.3686;0.1111;1.083;0.8648;0.3133;2.6843;-0.0444;0.0;0.9906;0.4453;0.14;1.0,0.8334,0.9906,0.4453,0.14,1.0,0.4321,27,2649.46,8.9954,0.3333,0.3332,-0.3593,0.4074,90.3704,0.3686,0.1111,1.083,0.8648,0.3133,2.6843,-0.0444,0.0,1.0
GSKPVPIYPGPIRSIRPRG,DBAASPS_2111,GNNRPVYLPQPRPPHPRI,lead_opt_contiguous,6.2668,16,19;1705.17;3.9968;0.2105;0.2104;-0.6211;0.2105;76.8421;0.2317;0.0526;0.7342;1.1521;0.3979;2.369;0.0132;0.0;0.6733;0.2693;0.0;1.0,0.8334,0.6733,0.2693,0.0,1.0,0.207,19,1705.17,3.9968,0.2105,0.2104,-0.6211,0.2105,76.8421,0.2317,0.0526,0.7342,1.1521,0.3979,2.369,0.0132,0.0,1.0
KWKSFIKKLTKKLTKAALHAAKKVTG,DBAASPS_173,KWKSFIKKLTKAAKKVVTTAKKPLIV,lead_opt_contiguous,6.2634,12,26;2457.205;9.0863;0.3846;0.3495;-0.4769;0.4231;86.5385;0.3736;0.0769;1.1127;0.865;0.3196;2.6456;-0.0108;0.3462;0.7392;0.374;0.2238;1.0,0.8332,0.7392,0.374,0.2238,1.0,0.4744,26,2457.205,9.0863,0.3846,0.3495,-0.4769,0.4231,86.5385,0.3736,0.0769,1.1127,0.865,0.3196,2.6456,-0.0108,0.3462,1.0
KWKSFIKKLTTAAKKLVTKTLPKLVDK,DBAASPS_270,KWKSFLKTFKSLKKTVLHTLLKAISS,lead_opt_contiguous,6.2609,19,27;2628.44;7.9958;0.3333;0.2961;-0.3778;0.4074;101.1111;0.346;0.0741;1.073;0.8789;0.3293;2.7386;-0.05;0.2222;0.953;0.4535;0.2067;1.0,0.8331,0.953,0.4535,0.2067,1.0,0.6049,27,2628.44,7.9958,0.3333,0.2961,-0.3778,0.4074,101.1111,0.346,0.0741,1.073,0.8789,0.3293,2.7386,-0.05,0.2222,1.0
FFSSLIGRAKKIKKHAIKHILKKYAHV,DBAASPS_270,KWKSFLKTFKSLKKTVLHTLLKAISS,lead_opt_motif,6.2598,21,27;2676.49;8.2678;0.4074;0.3062;-0.1444;0.4444;108.5185;0.3119;0.1111;1.0811;0.8396;0.2948;2.7055;-0.0237;0.0;0.9946;0.4468;0.14;1.0,0.833,0.9946,0.4468,0.14,1.0,0.321,27,2676.49,8.2678,0.4074,0.3062,-0.1444,0.4444,108.5185,0.3119,0.1111,1.0811,0.8396,0.2948,2.7055,-0.0237,0.0,1.0
GLFKIIKKVVKAM,DBAASPS_3367,LNWGAKLKHIIK,lead_opt_random,6.2569,12,13;1240.75;3.9968;0.3077;0.3074;0.9;0.6154;142.3077;0.5033;0.0769;1.1308;0.77;0.2708;2.5278;-0.1815;0.0;0.23;0.1458;0.1538;0.0,0.3329,0.23,0.1458,0.1538,1.0,0.5208,13,1240.75,3.9968,0.3077,0.3074,0.9,0.6154,142.3077,0.5033,0.0769,1.1308,0.77,0.2708,2.5278,-0.1815,0.0,0.0
AYKRLKKLIAKYGCIKMTKLPKSKVLF,DBAASPS_270,KWKSFLKTFKSLKKTVLHTLLKAISS,lead_opt_motif,6.2549,23,27;2683.64;8.932;0.3333;0.3308;-0.0963;0.4074;104.8148;0.2183;0.1111;1.0481;0.8907;0.313;2.4166;-0.0704;0.0;0.9971;0.4479;0.14;1.0,0.8327,0.9971,0.4479,0.14,1.0,0.2222,27,2683.64,8.932,0.3333,0.3308,-0.0963,0.4074,104.8148,0.2183,0.1111,1.0481,0.8907,0.313,2.4166,-0.0704,0.0,1.0
IFHFIHRFGGIGKHFVHHIGRLF,DBAASPS_1001,FLGLLFHGVHHVGKWIHGLIHGHH,lead_opt_contiguous,6.2494,23,23;2358.95;3.4522;0.3478;0.1501;0.413;0.4783;97.3913;0.3419;0.2174;0.9817;0.8778;0.2513;3.024;-0.0843;0.0;0.9482;0.4003;0.06;1.0,0.8325,0.9482,0.4003,0.06,1.0,0.2464,23,2358.95,3.4522,0.3478,0.1501,0.413,0.4783,97.3913,0.3419,0.2174,0.9817,0.8778,0.2513,3.024,-0.0843,0.0,1.0
KWKWKFKKIGIAGLKIVTTGLPALKK,DBAASPS_270,KWKSFLKTFKSLKKTVLHTLLKAISS,lead_opt_random,6.2408,19,26;2485.305;7.9957;0.3077;0.3075;-0.0654;0.4615;108.8462;0.2286;0.1154;1.0404;0.9169;0.3088;2.6298;-0.1123;0.1154;0.9953;0.4522;0.1546;1.0,0.832,0.9953,0.4522,0.1546,1.0,0.5385,26,2485.305,7.9957,0.3077,0.3075,-0.0654,0.4615,108.8462,0.2286,0.1154,1.0404,0.9169,0.3088,2.6298,-0.1123,0.1154,1.0
IFGRIGKFPIVIHGVHKFLHHFGSH,DBAASPS_1001,FLGLLFHGVHHVGKWIHGLIHGHH,lead_opt_random,6.2345,22,25;2431.05;3.4519;0.32;0.1381;0.364;0.44;101.2;0.2764;0.16;0.9532;0.916;0.2732;2.9921;-0.0864;0.0;0.9311;0.4074;0.1;1.0,0.8317,0.9311,0.4074,0.1,1.0,0.2,25,2431.05,3.4519,0.32,0.1381,0.364,0.44,101.2,0.2764,0.16,0.9532,0.916,0.2732,2.9921,-0.0864,0.0,1.0
VTRGGFHIFHGLHRGVHLIHRF,DBAASPS_1001,FLGLLFHGVHHVGKWIHGLIHGHH,lead_opt_motif,6.2318,20,22;2197.695;3.4525;0.3636;0.1569;0.0727;0.4091;97.2727;0.379;0.1364;0.9568;0.9109;0.2745;2.8476;-0.0105;0.0;0.9694;0.4018;0.04;1.0,0.8315,0.9694,0.4018,0.04,1.0,0.221,22,2197.695,3.4525,0.3636,0.1569,0.0727,0.4091,97.2727,0.379,0.1364,0.9568,0.9109,0.2745,2.8476,-0.0105,0.0,1.0
RLFRKLAKFLHSGLKKFAKTVTKPVLSF,DBAASPS_270,KWKSFLKTFKSLKKTVLHTLLKAISS,lead_opt_contiguous,6.2291,26,28;2757.605;8.0872;0.3214;0.2888;0.0571;0.4643;97.5;0.4253;0.1429;1.0536;0.8571;0.3079;2.6176;-0.0557;0.0;0.9979;0.4551;0.16;1.0,0.8314,0.9979,0.4551,0.16,1.0,0.25,28,2757.605,8.0872,0.3214,0.2888,0.0571,0.4643,97.5,0.4253,0.1429,1.0536,0.8571,0.3079,2.6176,-0.0557,0.0,1.0
GIGKILHVGKKILHTIAGVVKHIAHGL,DBAASPS_1140,GLLSVLGSVAKHVLGHVVGVIAEHL,lead_opt_motif,6.2272,23,27;2324.03;4.3605;0.2963;0.1615;0.7037;0.4815;155.1852;0.3469;0.0;1.0137;0.8822;0.2785;2.7344;-0.1296;0.2222;0.768;0.3795;0.2067;1.0,0.8313,0.768,0.3795,0.2067,1.0,0.3086,27,2324.03,4.3605,0.2963,0.1615,0.7037,0.4815,155.1852,0.3469,0.0,1.0137,0.8822,0.2785,2.7344,-0.1296,0.2222,1.0
KWKSFIKKLTTGLKKFIKAATTSLTKL,DBAASPS_270,KWKSFLKTFKSLKKTVLHTLLKAISS,lead_opt_random,6.2239,20,27;2595.37;7.9957;0.2963;0.2961;-0.1556;0.4074;94.0741;0.3822;0.1111;1.0637;0.8756;0.3115;2.6439;-0.0648;0.1111;0.9923;0.4576;0.1733;1.0,0.8311,0.9923,0.4576,0.1733,1.0,0.4691,27,2595.37,7.9957,0.2963,0.2961,-0.1556,0.4074,94.0741,0.3822,0.1111,1.0637,0.8756,0.3115,2.6439,-0.0648,0.1111,1.0
GIFGKIFHIGKKIFHAVHGIHGAIHR,DBAASPS_1001,FLGLLFHGVHHVGKWIHGLIHGHH,lead_opt_random,6.2219,23,26;2423.065;4.4517;0.3462;0.1712;0.3462;0.4615;108.8462;0.3265;0.1154;1.0019;0.8942;0.2688;2.986;-0.0804;0.2308;0.9834;0.4596;0.1892;1.0,0.831,0.9834,0.4596,0.1892,1.0,0.2957,26,2423.065,4.4517,0.3462,0.1712,0.3462,0.4615,108.8462,0.3265,0.1154,1.0019,0.8942,0.2688,2.986,-0.0804,0.2308,1.0
GFFHIIHLGRKIGNVVKHFIH,DBAASPS_1001,FLGLLFHGVHHVGKWIHGLIHGHH,lead_opt_motif,6.22,20,21;2091.64;3.361;0.3333;0.16;0.419;0.4762;120.4762;0.4256;0.1429;0.9852;0.8819;0.2633;2.9348;-0.0914;0.0;0.9877;0.4021;0.02;1.0,0.8309,0.9877,0.4021,0.02,1.0,0.2899,21,2091.64,3.361,0.3333,0.16,0.419,0.4762,120.4762,0.4256,0.1429,0.9852,0.8819,0.2633,2.9348,-0.0914,0.0,1.0
ALWKTILKKIKKFAGHLIKTIGKKIY,DBAASPS_270,KWKSFLKTFKSLKKTVLHTLLKAISS,lead_opt_random,6.1905,25,26;2572.435;8.0857;0.3462;0.311;0.0577;0.4615;127.6923;0.4134;0.1154;1.0712;0.8558;0.2912;2.6799;-0.1073;0.2308;0.9993;0.4659;0.1892;1.0,0.8293,0.9993,0.4659,0.1892,1.0,0.3826,26,2572.435,8.0857,0.3462,0.311,0.0577,0.4615,127.6923,0.4134,0.1154,1.0712,0.8558,0.2912,2.6799,-0.1073,0.2308,1.0
KWKSFIKKLTKALTKGIAAHIKKTSK,DBAASPS_270,KWKSFLKTFKSLKKTVLHTLLKAISS,lead_opt_motif,6.1871,18,26;2487.235;9.0863;0.3846;0.3495;-0.5385;0.3846;86.5385;0.3592;0.0769;1.0835;0.8835;0.3208;2.6788;-0.005;0.2308;0.6475;0.3252;0.1892;1.0,0.8291,0.6475,0.3252,0.1892,1.0,0.4487,26,2487.235,9.0863,0.3846,0.3495,-0.5385,0.3846,86.5385,0.3592,0.0769,1.0835,0.8835,0.3208,2.6788,-0.005,0.2308,1.0
GLWETLKKVGKAAGKAGLGAIAHNVLT,DBAASPR_1546,GLWSTIKNVGKEAAIAAGKAALGAL,lead_opt_random,6.1858,16,27;2217.77;3.0895;0.1852;0.1144;0.2593;0.4815;112.2222;0.2824;0.037;1.0574;0.9259;0.3119;2.8179;-0.127;0.1111;0.6074;0.3036;0.1733;1.0,0.8291,0.6074,0.3036,0.1733,1.0,0.358,27,2217.77,3.0895,0.1852,0.1144,0.2593,0.4815,112.2222,0.2824,0.037,1.0574,0.9259,0.3119,2.8179,-0.127,0.1111,1.0
KWKSFIKKLTTSAKKVLTTKLTYLAKK,DBAASPS_270,KWKSFLKTFKSLKKTVLHTLLKAISS,lead_opt_motif,6.1793,16,27;2668.46;8.9945;0.3333;0.3331;-0.4481;0.3704;90.3704;0.2752;0.1111;1.0685;0.8733;0.32;2.56;-0.0252;0.3333;0.9232;0.4533;0.24;1.0,0.8287,0.9232,0.4533,0.24,1.0,0.642,27,2668.46,8.9945,0.3333,0.3331,-0.4481,0.3704,90.3704,0.2752,0.1111,1.0685,0.8733,0.32,2.56,-0.0252,0.3333,1.0
GIFPRIIKAAKKIVGILAGHILG,DBAASPS_1140,GLLSVLGSVAKHVLGHVVGVIAEHL,lead_opt_random,6.1792,19,23;1971.66;4.088;0.2174;0.1777;1.0609;0.5652;161.3043;0.3459;0.0435;1.0174;0.8657;0.2804;2.5183;-0.1926;0.0;0.5765;0.282;0.147;1.0,0.8287,0.5765,0.282,0.147,1.0,0.3853,23,1971.66,4.088,0.2174,0.1777,1.0609,0.5652,161.3043,0.3459,0.0435,1.0174,0.8657,0.2804,2.5183,-0.1926,0.0,1.0
GIPVGSYPGRIKPIRPRS,DBAASPS_2111,GNNRPVYLPQPRPPHPRI,lead_opt_contiguous,6.1789,13,18;1626.065;3.9968;0.2222;0.222;-0.5667;0.2222;81.1111;0.1403;0.0556;0.7561;1.1317;0.3867;2.4017;0.0144;0.0;0.7177;0.2871;0.0;1.0,0.8287,0.7177,0.2871,0.0,1.0,0.2222,18,1626.065,3.9968,0.2222,0.222,-0.5667,0.2222,81.1111,0.1403,0.0556,0.7561,1.1317,0.3867,2.4017,0.0144,0.0,1.0
GSKPVPIPPIYPRPKPR,DBAASPS_2111,GNNRPVYLPQPRPPHPRI,lead_opt_motif,6.1723,13,17;1593.08;3.9966;0.2353;0.2351;-1.0176;0.1765;62.9412;0.1319;0.0588;0.6971;1.1771;0.4376;2.3925;0.0324;0.0;0.5191;0.2076;0.0;1.0,0.8284,0.5191,0.2076,0.0,1.0,0.2353,17,1593.08,3.9966,0.2353,0.2351,-1.0176,0.1765,62.9412,0.1319,0.0588,0.6971,1.1771,0.4376,2.3925,0.0324,0.0,1.0
GGPVPVPPIPSIRYGRRK,DBAASPS_2111,GNNRPVYLPQPRPPHPRI,lead_opt_contiguous,6.1656,14,18;1622.075;3.9968;0.2222;0.222;-0.6278;0.2222;75.5556;0.173;0.0556;0.7311;1.1494;0.3994;2.3846;0.0172;0.1667;0.6936;0.295;0.05;1.0,0.828,0.6936,0.295,0.05,1.0,0.3124,18,1622.075,3.9968,0.2222,0.222,-0.6278,0.2222,75.5556,0.173,0.0556,0.7311,1.1494,0.3994,2.3846,0.0172,0.1667,1.0
FLGSFIKHIGRLFGKFIHHGIHGVH,DBAASPS_1001,FLGLLFHGVHHVGKWIHGLIHGHH,lead_opt_random,6.1622,22,25;2405.01;3.4519;0.32;0.1381;0.396;0.44;105.2;0.4481;0.16;0.9684;0.9244;0.2672;2.9674;-0.1;0.0;0.9676;0.422;0.1;1.0,0.8278,0.9676,0.422,0.1,1.0,0.2497,25,2405.01,3.4519,0.32,0.1381,0.396,0.44,105.2,0.4481,0.16,0.9684,0.9244,0.2672,2.9674,-0.1,0.0,1.0
IFHFIHHGLHGVKKFVGHVINHVKG,DBAASPS_1001,FLGLLFHGVHHVGKWIHGLIHGHH,lead_opt_motif,6.1513,19,25;2407.99;3.5426;0.36;0.1417;0.26;0.44;108.8;0.3288;0.12;0.9804;0.906;0.2684;3.133;-0.0676;0.0;0.9731;0.4242;0.1;1.0,0.8272,0.9731,0.4242,0.1,1.0,0.2267,25,2407.99,3.5426,0.36,0.1417,0.26,0.44,108.8,0.3288,0.12,0.9804,0.906,0.2684,3.133,-0.0676,0.0,1.0
FLPIIVHVGKHVLGHVGKVLGGAH,DBAASPS_1140,GLLSVLGSVAKHVLGHVVGVIAEHL,lead_opt_motif,6.1438,23,24;2052.635;2.361;0.25;0.0984;0.9083;0.5;145.8333;0.2712;0.0417;0.9646;0.9146;0.2771;2.7443;-0.1546;0.375;0.5158;0.2737;0.1925;1.0,0.8268,0.5158,0.2737,0.1925,1.0,0.25,24,2052.635,2.361,0.25,0.0984,0.9083,0.5,145.8333,0.2712,0.0417,0.9646,0.9146,0.2771,2.7443,-0.1546,0.375,1.0
PVFKHIIGVGKAFVHRYQGIFHGIH,DBAASPS_1001,FLGLLFHGVHHVGKWIHGLIHGHH,lead_opt_contiguous,6.1425,22,25;2408.01;3.3602;0.28;0.1344;0.308;0.44;101.2;0.2465;0.16;0.96;0.91;0.2756;2.8864;-0.0888;0.0;0.9775;0.426;0.1;1.0,0.8268,0.9775,0.426,0.1,1.0,0.24,25,2408.01,3.3602,0.28,0.1344,0.308,0.44,101.2,0.2465,0.16,0.96,0.91,0.2756,2.8864,-0.0888,0.0,1.0
GFLSILKKAAKAGIGAVKKIGAVLGGA,DBAASPR_1546,GLWSTIKNVGKEAAIAAGKAALGAL,lead_opt_motif,6.1366,21,27;2052.72;4.9965;0.1852;0.1851;0.8963;0.5556;130.3704;0.2971;0.037;1.0604;0.9074;0.2952;2.6219;-0.1826;0.2222;0.5156;0.3045;0.2807;1.0,0.8265,0.5156,0.3045,0.2807,1.0,0.3457,27,2052.72,4.9965,0.1852,0.1851,0.8963,0.5556,130.3704,0.2971,0.037,1.0604,0.9074,0.2952,2.6219,-0.1826,0.2222,1.0
GLPVGGYPKPRIPRPRP,DBAASPS_2111,GNNRPVYLPQPRPPHPRI,lead_opt_random,6.1274,15,17;1551.0;3.9968;0.2353;0.2351;-1.0;0.1765;62.9412;0.1282;0.0588;0.6941;1.2118;0.4306;2.3924;0.0329;0.1765;0.5091;0.2222;0.0529;1.0,0.826,0.5091,0.2222,0.0529,1.0,0.2549,17,1551.0,3.9968,0.2353,0.2351,-1.0,0.1765,62.9412,0.1282,0.0588,0.6941,1.2118,0.4306,2.3924,0.0329,0.1765,1.0
IFKRLFKKLTRGGKIVAKKVRHALAH,DBAASPS_173,KWKSFIKKLTKAAKKVVTTAKKPLIV,lead_opt_motif,6.125,18,26;2548.355;9.1781;0.4231;0.353;-0.1923;0.4615;108.8462;0.449;0.0769;1.085;0.8369;0.3046;2.6458;0.0042;0.0;0.9235;0.4114;0.12;1.0,0.8258,0.9235,0.4114,0.12,1.0,0.3333,26,2548.355,9.1781,0.4231,0.353,-0.1923,0.4615,108.8462,0.449,0.0769,1.085,0.8369,0.3046,2.6458,0.0042,0.0,1.0
FGLHFLGGFIRKLIHGIGKFLHHLH,DBAASPS_1001,FLGLLFHGVHHVGKWIHGLIHGHH,lead_opt_random,6.1247,21,25;2445.12;3.4519;0.32;0.1381;0.536;0.48;124.8;0.3961;0.16;0.9972;0.9072;0.2644;2.8781;-0.1392;0.0;0.9865;0.4296;0.1;1.0,0.8258,0.9865,0.4296,0.1,1.0,0.24,25,2445.12,3.4519,0.32,0.1381,0.536,0.48,124.8,0.3961,0.16,0.9972,0.9072,0.2644,2.8781,-0.1392,0.0,1.0
GFSIFHGIVHVGKHIIKHLHGLSHF,DBAASPS_1001,FLGLLFHGVHHVGKWIHGLIHGHH,lead_opt_contiguous,6.119,20,25;2367.94;2.5429;0.32;0.1017;0.488;0.44;116.8;0.3344;0.12;0.9756;0.904;0.2632;2.9372;-0.0976;0.0;0.9894;0.4307;0.1;1.0,0.8255,0.9894,0.4307,0.1,1.0,0.2231,25,2367.94,2.5429,0.32,0.1017,0.488,0.44,116.8,0.3344,0.12,0.9756,0.904,0.2632,2.9372,-0.0976,0.0,1.0
SVWKSFIKKLTKKLTKFLGSLITKKG,DBAASPS_270,KWKSFLKTFKSLKKTVLHTLLKAISS,lead_opt_motif,6.1159,23,26;2512.285;7.9957;0.3077;0.3075;-0.1308;0.3846;101.1538;0.3828;0.1154;1.0238;0.9188;0.3131;2.6872;-0.0773;0.4615;0.9944;0.4882;0.2585;1.0,0.8254,0.9944,0.4882,0.2585,1.0,0.2308,26,2512.285,7.9957,0.3077,0.3075,-0.1308,0.3846,101.1538,0.3828,0.1154,1.0238,0.9188,0.3131,2.6872,-0.0773,0.4615,1.0
GFVGKLLKAALKGAKVFGKLIGQAI,DBAASPR_1546,GLWSTIKNVGKEAAIAAGKAALGAL,lead_opt_random,6.1121,20,25;2077.77;4.9965;0.2;0.1999;0.816;0.56;132.8;0.3661;0.08;1.0728;0.8852;0.2892;2.6874;-0.1944;0.12;0.7699;0.3835;0.216;1.0,0.8251,0.7699,0.3835,0.216,1.0,0.3244,25,2077.77,4.9965,0.2,0.1999,0.816,0.56,132.8,0.3661,0.08,1.0728,0.8852,0.2892,2.6874,-0.1944,0.12,1.0
GVFDVIGKFIKHFIRHFGRGIHHLH,DBAASPS_1001,FLGLLFHGVHHVGKWIHGLIHGHH,lead_opt_random,6.101,23,25;2518.13;3.4524;0.36;0.1381;0.14;0.44;101.2;0.5264;0.16;0.9872;0.9024;0.2712;3.1018;-0.0648;0.0;0.9985;0.4344;0.1;1.0,0.8246,0.9985,0.4344,0.1,1.0,0.24,25,2518.13,3.4524,0.36,0.1381,0.14,0.44,101.2,0.5264,0.16,0.9872,0.9024,0.2712,3.1018,-0.0648,0.0,1.0
IGGLIKHIIHGVKVFVGSLIHRLN,DBAASPS_1140,GLLSVLGSVAKHVLGHVVGVIAEHL,lead_opt_motif,6.0972,25,24;2188.835;3.2701;0.25;0.1363;0.8958;0.5;166.25;0.2698;0.0417;0.9721;0.8912;0.2708;2.7147;-0.1538;0.0;0.8107;0.3523;0.08;1.0,0.8244,0.8107,0.3523,0.08,1.0,0.2917,24,2188.835,3.2701,0.25,0.1363,0.8958,0.5,166.25,0.2698,0.0417,0.9721,0.8912,0.2708,2.7147,-0.1538,0.0,1.0
KWKSFIKKLTKKLTKLGKAFVKAVTGK,DBAASPS_173,KWKSFIKKLTKAAKKVVTTAKKPLIV,lead_opt_random,6.0826,14,27;2591.42;9.9951;0.3704;0.3702;-0.3741;0.4074;86.6667;0.4123;0.1111;1.0744;0.8922;0.3181;2.7267;-0.04;0.3333;0.871;0.4324;0.24;1.0,0.8236,0.871,0.4324,0.24,1.0,0.4815,27,2591.42,9.9951,0.3704,0.3702,-0.3741,0.4074,86.6667,0.4123,0.1111,1.0744,0.8922,0.3181,2.7267,-0.04,0.3333,1.0
GLLDALKKVAGKIAKVAGKLFSAGL,DBAASPR_1546,GLWSTIKNVGKEAAIAAGKAALGAL,lead_opt_contiguous,6.0822,16,25;2018.66;3.997;0.2;0.1599;0.732;0.56;136.8;0.3684;0.04;1.0936;0.8928;0.3028;2.6936;-0.186;0.36;0.5891;0.3364;0.288;1.0,0.8236,0.5891,0.3364,0.288,1.0,0.3733,25,2018.66,3.997,0.2,0.1599,0.732,0.56,136.8,0.3684,0.04,1.0936,0.8928,0.3028,2.6936,-0.186,0.36,1.0
FIHGFIHRGIGFVKHFIHHGLHGLH,DBAASPS_1001,FLGLLFHGVHHVGKWIHGLIHGHH,lead_opt_random,6.0766,22,25;2464.04;2.6341;0.36;0.1054;0.328;0.44;105.2;0.2925;0.16;0.9712;0.9108;0.2572;3.0256;-0.0796;0.48;0.9221;0.4542;0.244;1.0,0.8233,0.9221,0.4542,0.244,1.0,0.28,25,2464.04,2.6341,0.36,0.1054,0.328,0.44,105.2,0.2925,0.16,0.9712,0.9108,0.2572,3.0256,-0.0796,0.48,1.0
GIGKFLHLIHHAGKNLVHVVLGAINNQ,DBAASPS_1140,GLLSVLGSVAKHVLGHVVGVIAEHL,lead_opt_random,6.0737,23,27;2413.99;2.361;0.2222;0.0874;0.4259;0.4815;140.7407;0.2983;0.037;0.9981;0.93;0.29;2.9001;-0.1207;0.0;0.5331;0.2622;0.14;1.0,0.8231,0.5331,0.2622,0.14,1.0,0.3333,27,2413.99,2.361,0.2222,0.0874,0.4259,0.4815,140.7407,0.2983,0.037,0.9981,0.93,0.29,2.9001,-0.1207,0.0,1.0
GIFGKIIHAGKHFIHVGKHFIHHFIHHGF,DBAASPS_1001,FLGLLFHGVHHVGKWIHGLIHGHH,lead_opt_random,6.0682,28,29;2847.53;3.7244;0.3793;0.1284;0.2655;0.4483;94.1379;0.3182;0.1724;0.9979;0.8879;0.2545;3.1517;-0.0752;0.7241;0.6299;0.391;0.3972;1.0,0.8228,0.6299,0.391,0.3972,1.0,0.2414,29,2847.53,3.7244,0.3793,0.1284,0.2655,0.4483,94.1379,0.3182,0.1724,0.9979,0.8879,0.2545,3.1517,-0.0752,0.7241,1.0
GLLGVLKKLVGEVIGVIKKIKTGLC,DBAASPS_1140,GLLSVLGSVAKHVLGHVVGVIAEHL,lead_opt_random,6.0605,18,25;2128.9;3.9363;0.2;0.1575;1.044;0.48;171.2;0.2961;0.0;1.0088;0.892;0.2872;2.6542;-0.2148;0.0;0.5139;0.2406;0.1;1.0,0.8224,0.5139,0.2406,0.1,1.0,0.32,25,2128.9,3.9363,0.2,0.1575,1.044,0.48,171.2,0.2961,0.0,1.0088,0.892,0.2872,2.6542,-0.2148,0.0,1.0
GLLDKLKALAKGIAGAIKKIASAYLN,DBAASPR_1546,GLWSTIKNVGKEAAIAAGKAALGAL,lead_opt_random,6.0519,17,26;2172.835;3.9961;0.1923;0.1537;0.5192;0.5385;143.0769;0.3241;0.0385;1.0946;0.8969;0.3085;2.6138;-0.1727;0.0;0.6764;0.3305;0.1713;1.0,0.8219,0.6764,0.3305,0.1713,1.0,0.3542,26,2172.835,3.9961,0.1923,0.1537,0.5192,0.5385,143.0769,0.3241,0.0385,1.0946,0.8969,0.3085,2.6138,-0.1727,0.0,1.0
ALLQILGKLIHGVHGFIKHMINRLS,DBAASPS_1140,GLLSVLGSVAKHVLGHVVGVIAEHL,lead_opt_contiguous,6.0507,18,25;2359.08;3.2701;0.24;0.1308;0.672;0.52;156.0;0.3197;0.04;1.0384;0.8656;0.2784;2.7277;-0.1508;0.0;0.7044;0.3261;0.1267;1.0,0.8219,0.7044,0.3261,0.1267,1.0,0.3067,25,2359.08,3.2701,0.24,0.1308,0.672,0.52,156.0,0.3197,0.04,1.0384,0.8656,0.2784,2.7277,-0.1508,0.0,1.0
FIHFLRGIHRGIHGVHFGKHFLHL,DBAASPS_1001,FLGLLFHGVHHVGKWIHGLIHGHH,lead_opt_motif,6.0397,20,24;2444.055;3.5431;0.375;0.1476;0.275;0.4583;109.5833;0.3514;0.1667;0.9912;0.8854;0.2608;2.929;-0.0654;0.375;0.9725;0.4564;0.1925;1.0,0.8213,0.9725,0.4564,0.1925,1.0,0.2222,24,2444.055,3.5431,0.375,0.1476,0.275,0.4583,109.5833,0.3514,0.1667,0.9912,0.8854,0.2608,2.929,-0.0654,0.375,1.0
GILGKILRKIGKVFVGVAKNLV,DBAASPS_1140,GLLSVLGSVAKHVLGHVVGVIAEHL,lead_opt_contiguous,6.0368,21,22;1926.595;4.9968;0.2273;0.2271;0.9591;0.5455;163.6364;0.4408;0.0455;1.0091;0.8859;0.285;2.6235;-0.1814;0.0;0.677;0.306;0.1006;1.0,0.8211,0.677,0.306,0.1006,1.0,0.3356,22,1926.595,4.9968,0.2273,0.2271,0.9591,0.5455,163.6364,0.4408,0.0455,1.0091,0.8859,0.285,2.6235,-0.1814,0.0,1.0
GSPVPIIGYPPRPRIPRP,DBAASPS_2111,GNNRPVYLPQPRPPHPRI,lead_opt_random,6.0188,11,18;1645.125;2.9971;0.1667;0.1665;-0.55;0.2222;81.1111;0.1363;0.0556;0.6739;1.1694;0.4172;2.2854;-0.0078;0.1667;0.9193;0.3852;0.05;1.0,0.8202,0.9193,0.3852,0.05,1.0,0.2222,18,1645.125,2.9971,0.1667,0.1665,-0.55,0.2222,81.1111,0.1363,0.0556,0.6739,1.1694,0.4172,2.2854,-0.0078,0.1667,1.0
GPVPIFPSIPPIPRRGKPK,DBAASPS_2111,GNNRPVYLPQPRPPHPRI,lead_opt_random,6.013,16,19;1711.26;3.9974;0.2105;0.2104;-0.4789;0.2632;76.8421;0.282;0.0526;0.7337;1.1358;0.4111;2.4607;-0.0289;0.0;0.8015;0.3206;0.0;1.0,0.8199,0.8015,0.3206,0.0,1.0,0.2611,19,1711.26,3.9974,0.2105,0.2104,-0.4789,0.2632,76.8421,0.282,0.0526,0.7337,1.1358,0.4111,2.4607,-0.0289,0.0,1.0
GIGKFIHRIKGFVHFGKHIIHHI,DBAASPS_1001,FLGLLFHGVHHVGKWIHGLIHGHH,lead_opt_contiguous,6.0097,20,23;2277.9;4.4517;0.3913;0.1936;0.2522;0.4348;114.3478;0.3294;0.1304;0.9843;0.8874;0.2639;3.0148;-0.0683;0.0;0.6147;0.2669;0.06;0.0,0.3197,0.6147,0.2669,0.06,1.0,0.4203,23,2277.9,4.4517,0.3913,0.1936,0.2522,0.4348,114.3478,0.3294,0.1304,0.9843,0.8874,0.2639,3.0148,-0.0683,0.0,0.0
IIGKILKFIKKF,DBAASPS_3365,LNWKAILKHIIK,lead_opt_contiguous,5.9789,11,12;1231.725;3.9968;0.3333;0.3331;0.95;0.5833;162.5;0.5009;0.1667;1.0833;0.7792;0.2567;2.6575;-0.22;0.0;0.9523;0.4198;0.1111;1.0,0.8181,0.9523,0.4198,0.1111,1.0,0.5641,12,1231.725,3.9968,0.3333,0.3331,0.95,0.5833,162.5,0.5009,0.1667,1.0833,0.7792,0.2567,2.6575,-0.22,0.0,1.0
GIGKILHHIIAGVHAGKALVKHIGAHI,DBAASPS_1140,GLLSVLGSVAKHVLGHVVGVIAEHL,lead_opt_contiguous,5.9713,23,27;2274.93;3.4517;0.2963;0.1278;0.7593;0.5185;151.8519;0.2463;0.0;1.0381;0.8659;0.2707;2.7262;-0.127;0.0;0.6201;0.3057;0.1647;1.0,0.8177,0.6201,0.3057,0.1647,1.0,0.284,27,2274.93,3.4517,0.2963,0.1278,0.7593,0.5185,151.8519,0.2463,0.0,1.0381,0.8659,0.2707,2.7262,-0.127,0.0,1.0
GLFDIVKKVAGHVLKVGSLVLGKV,DBAASPS_1140,GLLSVLGSVAKHVLGHVVGVIAEHL,lead_opt_contiguous,5.9624,17,24;2044.685;3.0882;0.2083;0.1287;1.0333;0.5417;157.9167;0.2927;0.0417;1.0221;0.8862;0.2825;2.7995;-0.1992;0.0;0.5415;0.2641;0.1356;1.0,0.8172,0.5415,0.2641,0.1356,1.0,0.4028,24,2044.685,3.0882,0.2083,0.1287,1.0333,0.5417,157.9167,0.2927,0.0417,1.0221,0.8862,0.2825,2.7995,-0.1992,0.0,1.0
KWKSFIKKLAKKGIHAVKKITATTAKPI,DBAASPS_173,KWKSFIKKLTKAAKKVVTTAKKPLIV,lead_opt_motif,5.957,17,28;2631.455;9.0863;0.3571;0.3245;-0.2893;0.4286;94.2857;0.3539;0.0714;1.0746;0.8657;0.3168;2.6789;-0.0304;0.0;0.9837;0.4495;0.16;1.0,0.8169,0.9837,0.4495,0.16,1.0,0.4881,28,2631.455,9.0863,0.3571,0.3245,-0.2893,0.4286,94.2857,0.3539,0.0714,1.0746,0.8657,0.3168,2.6789,-0.0304,0.0,1.0
FIHLLHKGGGFIHAGHKIHHFIH,DBAASPS_1001,FLGLLFHGVHHVGKWIHGLIHGHH,lead_opt_random,5.952,19,23;2239.77;2.6338;0.3913;0.1145;0.1739;0.4348;106.087;0.2466;0.1304;1.0065;0.8996;0.2626;3.0413;-0.0678;0.2609;0.2926;0.1654;0.1383;0.0,0.3166,0.2926,0.1654,0.1383,1.0,0.2174,23,2239.77,2.6338,0.3913,0.1145,0.1739,0.4348,106.087,0.2466,0.1304,1.0065,0.8996,0.2626,3.0413,-0.0678,0.2609,0.0
KWKSFIKRLKKLAKKITKVYATAVTKIG,DBAASPS_173,KWKSFIKKLTKAAKKVVTTAKKPLIV,lead_opt_random,5.9438,16,28;2744.615;9.9945;0.3571;0.3569;-0.2643;0.4286;101.0714;0.4177;0.1071;1.0771;0.8529;0.3086;2.5673;-0.0329;0.0;0.9904;0.4522;0.16;1.0,0.8162,0.9904,0.4522,0.16,1.0,0.4048,28,2744.615,9.9945,0.3571,0.3569,-0.2643,0.4286,101.0714,0.4177,0.1071,1.0771,0.8529,0.3086,2.5673,-0.0329,0.0,1.0
FIHGLIKFGRKFIHGIHHFIHGIKH,DBAASPS_1001,FLGLLFHGVHHVGKWIHGLIHGHH,lead_opt_contiguous,5.9432,18,25;2540.22;4.5426;0.4;0.1817;0.2;0.44;109.2;0.4194;0.16;0.9968;0.882;0.2608;3.0223;-0.0708;0.6;0.6643;0.3637;0.28;0.0,0.3162,0.6643,0.3637,0.28,1.0,0.28,25,2540.22,4.5426,0.4,0.1817,0.2,0.44,109.2,0.4194,0.16,0.9968,0.882,0.2608,3.0223,-0.0708,0.6,0.0
KWKSFIKKLTKTLKKAALHFLIGETKK,DBAASPS_270,KWKSFLKTFKSLKKTVLHTLLKAISS,lead_opt_random,5.9382,19,27;2700.52;8.0881;0.3704;0.2996;-0.4667;0.4074;94.0741;0.3151;0.1111;1.1096;0.8515;0.317;2.8773;-0.0433;0.0;0.955;0.431;0.14;1.0,0.8159,0.955,0.431,0.14,1.0,0.4815,27,2700.52,8.0881,0.3704,0.2996,-0.4667,0.4074,94.0741,0.3151,0.1111,1.1096,0.8515,0.317,2.8773,-0.0433,0.0,1.0
KWKKFKKLFKKIGPIVTAIPAIKTKK,DBAASPS_270,KWKSFLKTFKSLKKTVLHTLLKAISS,lead_opt_random,5.9364,18,26;2572.475;9.9951;0.3846;0.3844;-0.3731;0.4231;93.8462;0.3294;0.1154;1.0492;0.8858;0.325;2.7283;-0.0519;0.1154;0.9974;0.4531;0.1546;1.0,0.8158,0.9974,0.4531,0.1546,1.0,0.3205,26,2572.475,9.9951,0.3846,0.3844,-0.3731,0.4231,93.8462,0.3294,0.1154,1.0492,0.8858,0.325,2.7283,-0.0519,0.1154,1.0
KWKSFIKKLTTKLTKAAKVGGSIVKAHLK,DBAASPS_270,KWKSFLKTFKSLKKTVLHTLLKAISS,lead_opt_random,5.9331,23,29;2688.5;9.0863;0.3448;0.3133;-0.231;0.4138;97.5862;0.3227;0.069;1.0686;0.8872;0.3145;2.6611;-0.0383;0.1034;0.8129;0.399;0.211;1.0,0.8156,0.8129,0.399,0.211,1.0,0.4483,29,2688.5,9.0863,0.3448,0.3133,-0.231,0.4138,97.5862,0.3227,0.069,1.0686,0.8872,0.3145,2.6611,-0.0383,0.1034,1.0
KWKSFIKKLTKKLAKIGTAIAKKITKAC,DBAASPS_173,KWKSFIKKLTKAAKKVVTTAKKPLIV,lead_opt_motif,5.9178,14,28;2642.535;9.9331;0.3571;0.3548;-0.1821;0.4286;97.8571;0.391;0.0714;1.0986;0.8593;0.3068;2.5514;-0.0486;0.1071;0.9837;0.4607;0.1921;1.0,0.8148,0.9837,0.4607,0.1921,1.0,0.4286,28,2642.535,9.9331,0.3571,0.3548,-0.1821,0.4286,97.8571,0.391,0.0714,1.0986,0.8593,0.3068,2.5514,-0.0486,0.1071,1.0
GIFGKIFHIGKHIIHVGKHFIHRF,DBAASPS_1001,FLGLLFHGVHHVGKWIHGLIHGHH,lead_opt_contiguous,5.8834,24,24;2407.065;4.4517;0.375;0.1855;0.3583;0.4583;109.5833;0.3513;0.1667;0.9904;0.8754;0.2571;2.9945;-0.0862;0.125;0.643;0.2983;0.1175;0.0,0.313,0.643,0.2983,0.1175,1.0,0.2917,24,2407.065,4.4517,0.375,0.1855,0.3583,0.4583,109.5833,0.3513,0.1667,0.9904,0.8754,0.2571,2.9945,-0.0862,0.125,0.0
KWKSFIKKLTKGAKKIAAKITTALKKIT,DBAASPS_173,KWKSFIKKLTKAAKKVVTTAKKPLIV,lead_opt_motif,5.8819,13,28;2640.495;9.9951;0.3571;0.357;-0.2964;0.4286;97.8571;0.3918;0.0714;1.1032;0.8511;0.315;2.6451;-0.0382;0.2143;0.9821;0.4713;0.2243;1.0,0.8129,0.9821,0.4713,0.2243,1.0,0.5119,28,2640.495,9.9951,0.3571,0.357,-0.2964,0.4286,97.8571,0.3918,0.0714,1.1032,0.8511,0.315,2.6451,-0.0382,0.2143,1.0
KWKSFIKKLTKSAIKKLAGHILKKLTG,DBAASPS_173,KWKSFIKKLTKAAKKVVTTAKKPLIV,lead_opt_motif,5.8708,14,27;2580.41;9.0863;0.3704;0.3365;-0.2926;0.4074;108.5185;0.362;0.0741;1.0707;0.8974;0.3159;2.6593;-0.053;0.4444;0.9574;0.4786;0.2733;1.0,0.8123,0.9574,0.4786,0.2733,1.0,0.4444,27,2580.41,9.0863,0.3704,0.3365,-0.2926,0.4074,108.5185,0.362,0.0741,1.0707,0.8974,0.3159,2.6593,-0.053,0.4444,1.0
GIGKILHVGKVFAGKILNVVSAIK,DBAASPS_1140,GLLSVLGSVAKHVLGHVVGVIAEHL,lead_opt_contiguous,5.8698,21,24;2029.675;4.0877;0.2083;0.1703;1.0042;0.5417;154.1667;0.2342;0.0417;1.0129;0.8833;0.2792;2.6656;-0.1804;0.25;0.6936;0.3511;0.2106;1.0,0.8123,0.6936,0.3511,0.2106,1.0,0.3333,24,2029.675,4.0877,0.2083,0.1703,1.0042,0.5417,154.1667,0.2342,0.0417,1.0129,0.8833,0.2792,2.6656,-0.1804,0.25,1.0
GILKFIHHVGKLAGHVVKNIVTGV,DBAASPS_1140,GLLSVLGSVAKHVLGHVVGVIAEHL,lead_opt_motif,5.8667,20,24;2104.695;3.2698;0.25;0.1362;0.8167;0.5;145.8333;0.3621;0.0417;0.9904;0.8854;0.2738;2.8145;-0.1388;0.0;0.9271;0.3988;0.08;1.0,0.8121,0.9271,0.3988,0.08,1.0,0.375,24,2104.695,3.2698,0.25,0.1362,0.8167,0.5,145.8333,0.3621,0.0417,0.9904,0.8854,0.2738,2.8145,-0.1388,0.0,1.0
KWKSIFKKLKKLTKTAVKTLKKVLTS,DBAASPS_173,KWKSFIKKLTKAAKKVVTTAKKPLIV,lead_opt_contiguous,5.8571,12,26;2578.415;9.9951;0.3846;0.3844;-0.4462;0.3846;101.1538;0.4222;0.0769;1.0819;0.8612;0.3223;2.6273;-0.0188;0.2308;0.9657;0.4525;0.1892;1.0,0.8116,0.9657,0.4525,0.1892,1.0,0.3974,26,2578.415,9.9951,0.3846,0.3844,-0.4462,0.3846,101.1538,0.4222,0.0769,1.0819,0.8612,0.3223,2.6273,-0.0188,0.2308,1.0
SGGYCRGGRGGLPPIARSRLP,DBAASPS_2111,GNNRPVYLPQPRPPHPRI,lead_opt_motif,5.8474,18,21;1749.16;3.9351;0.1905;0.1874;-0.5571;0.1905;60.4762;0.2757;0.0476;0.7662;1.2019;0.3786;2.3648;0.0133;0.1429;0.8464;0.3606;0.0629;1.0,0.8111,0.8464,0.3606,0.0629,1.0,0.2698,21,1749.16,3.9351,0.1905,0.1874,-0.5571,0.1905,60.4762,0.2757,0.0476,0.7662,1.2019,0.3786,2.3648,0.0133,0.1429,1.0
KWKSFIKKLSKKLTTFLKKLTGAVHKL,DBAASPS_270,KWKSFLKTFKSLKKTVLHTLLKAISS,lead_opt_random,5.8453,17,27;2686.53;9.0863;0.3704;0.3365;-0.3037;0.4074;101.1111;0.3801;0.1111;1.0737;0.8778;0.3122;2.6896;-0.0489;0.3333;0.9908;0.4803;0.24;1.0,0.811,0.9908,0.4803,0.24,1.0,0.4568,27,2686.53,9.0863,0.3704,0.3365,-0.3037,0.4074,101.1111,0.3801,0.1111,1.0737,0.8778,0.3122,2.6896,-0.0489,0.3333,1.0
KWKSFIKKLTKKAAKLGLTAVKKLTGK,DBAASPS_173,KWKSFIKKLTKAAKKVVTTAKKPLIV,lead_opt_random,5.839,10,27;2529.35;9.9951;0.3704;0.3702;-0.4259;0.4074;94.0741;0.35;0.0741;1.0907;0.8956;0.3259;2.6518;-0.0363;0.2222;0.9641;0.458;0.2067;1.0,0.8106,0.9641,0.458,0.2067,1.0,0.4815,27,2529.35,9.9951,0.3704,0.3702,-0.4259,0.4074,94.0741,0.35,0.0741,1.0907,0.8956,0.3259,2.6518,-0.0363,0.2222,1.0
FFHSIGKLFKKIGHVVGGIIHHI,DBAASPS_1001,FLGLLFHGVHHVGKWIHGLIHGHH,lead_opt_contiguous,5.7956,19,23;2170.78;3.3608;0.3043;0.1461;0.7043;0.4783;126.9565;0.3919;0.1304;0.9848;0.8852;0.2587;2.9523;-0.1387;0.0;0.9754;0.4111;0.06;1.0,0.8083,0.9754,0.4111,0.06,1.0,0.2899,23,2170.78,3.3608,0.3043,0.1461,0.7043,0.4783,126.9565,0.3919,0.1304,0.9848,0.8852,0.2587,2.9523,-0.1387,0.0,1.0
EAGPCFGGKPRKPPIVRG,DBAASPS_2111,GNNRPVYLPQPRPPHPRI,lead_opt_random,5.7884,15,18;1541.955;2.9372;0.2222;0.1632;-0.6944;0.2222;43.3333;0.147;0.0556;0.82;1.1367;0.3917;2.5896;-0.0033;0.0;0.1574;0.063;0.0;0.0,0.3079,0.1574,0.063,0.0,1.0,0.2632,18,1541.955,2.9372,0.2222,0.1632,-0.6944,0.2222,43.3333,0.147,0.0556,0.82,1.1367,0.3917,2.5896,-0.0033,0.0,0.0
GFFHIFKRGIGLIHGAVKHFIGGL,DBAASPS_1001,FLGLLFHGVHHVGKWIHGLIHGHH,lead_opt_random,5.7863,22,24;2189.795;3.2701;0.25;0.1363;0.7708;0.5;113.75;0.3025;0.1667;0.9762;0.9258;0.2642;2.9407;-0.1658;0.0;0.9677;0.4151;0.08;1.0,0.8078,0.9677,0.4151,0.08,1.0,0.2833,24,2189.795,3.2701,0.25,0.1363,0.7708,0.5,113.75,0.3025,0.1667,0.9762,0.9258,0.2642,2.9407,-0.1658,0.0,1.0
GFIGKILHGVKSIGKLVLGAVKGVL,DBAASPS_1140,GLLSVLGSVAKHVLGHVVGVIAEHL,lead_opt_contiguous,5.7775,20,25;2053.74;4.0877;0.2;0.1635;1.124;0.52;159.6;0.3417;0.04;0.988;0.9212;0.2808;2.6884;-0.2116;0.12;0.7697;0.3648;0.1627;1.0,0.8073,0.7697,0.3648,0.1627,1.0,0.2721,25,2053.74,4.0877,0.2,0.1635,1.124,0.52,159.6,0.3417,0.04,0.988,0.9212,0.2808,2.6884,-0.2116,0.12,1.0
FIHHFIHRGGGFIHHFIHRF,DBAASPS_1001,FLGLLFHGVHHVGKWIHGLIHGHH,lead_opt_random,5.7662,22,20;2152.625;2.5434;0.4;0.1272;0.13;0.45;78.0;0.3147;0.25;0.979;0.87;0.244;3.0575;-0.032;1.0;0.2868;0.2197;0.3;0.0,0.3067,0.2868,0.2197,0.3,1.0,0.337,20,2152.625,2.5434,0.4,0.1272,0.13,0.45,78.0,0.3147,0.25,0.979,0.87,0.244,3.0575,-0.032,1.0,0.0
KRIRKFLRKLVNSGKHFVKTIIGAIK,DBAASPS_173,KWKSFIKKLTKAAKKVVTTAKKPLIV,lead_opt_contiguous,5.756,23,26;2583.395;9.0872;0.3846;0.3495;-0.1731;0.4231;116.1538;0.43;0.0769;1.0292;0.875;0.3092;2.6815;-0.0092;0.0;0.9584;0.4254;0.12;1.0,0.8062,0.9584,0.4254,0.12,1.0,0.2434,26,2583.395,9.0872,0.3846,0.3495,-0.1731,0.4231,116.1538,0.43,0.0769,1.0292,0.875,0.3092,2.6815,-0.0092,0.0,1.0
GLFHILHGFSKIVHRGLGVFSKF,DBAASPS_1001,FLGLLFHGVHHVGKWIHGLIHGHH,lead_opt_random,5.7454,20,23;2182.76;3.2701;0.2609;0.1422;0.6478;0.4783;110.0;0.3725;0.1739;0.9791;0.9109;0.2691;2.801;-0.1339;0.1304;0.9766;0.4253;0.0991;1.0,0.8056,0.9766,0.4253,0.0991,1.0,0.2754,23,2182.76,3.2701,0.2609,0.1422,0.6478,0.4783,110.0,0.3725,0.1739,0.9791,0.9109,0.2691,2.801,-0.1339,0.1304,1.0
KWKKFIKKLTSKLKHVAKTLVKTGK,DBAASPS_173,KWKSFIKKLTKAAKKVVTTAKKPLIV,lead_opt_random,5.7445,13,25;2489.28;10.086;0.44;0.4034;-0.7;0.36;89.6;0.3788;0.08;1.0756;0.888;0.3252;2.7356;0.0104;0.0;0.825;0.365;0.1;1.0,0.8056,0.825,0.365,0.1,1.0,0.5333,25,2489.28,10.086,0.44,0.4034,-0.7,0.36,89.6,0.3788,0.08,1.0756,0.888,0.3252,2.7356,0.0104,0.0,1.0
SNGKPVPIYPYPPRIPPR,DBAASPS_2111,GNNRPVYLPQPRPPHPRI,lead_opt_contiguous,5.7263,13,18;1724.175;2.996;0.1667;0.1664;-1.0111;0.1667;59.4444;0.1756;0.1111;0.6694;1.2056;0.43;2.4967;0.0144;0.1667;0.7135;0.3029;0.05;1.0,0.8046,0.7135,0.3029,0.05,1.0,0.2973,18,1724.175,2.996,0.1667,0.1664,-1.0111,0.1667,59.4444,0.1756,0.1111,0.6694,1.2056,0.43,2.4967,0.0144,0.1667,1.0
GLGKILKAALKFGKAFVTGIANAL,DBAASPR_1546,GLWSTIKNVGKEAAIAAGKAALGAL,lead_opt_contiguous,5.7166,20,24;1969.585;3.9968;0.1667;0.1665;0.9;0.5833;130.4167;0.3499;0.0833;1.0767;0.88;0.2892;2.6633;-0.1975;0.0;0.4799;0.2589;0.1911;1.0,0.8041,0.4799,0.2589,0.1911,1.0,0.5556,24,1969.585,3.9968,0.1667,0.1665,0.9,0.5833,130.4167,0.3499,0.0833,1.0767,0.88,0.2892,2.6633,-0.1975,0.0,1.0
GSPVPIYSPIPKPRSGKP,DBAASPS_2111,GNNRPVYLPQPRPPHPRI,lead_opt_motif,5.7134,12,18;1552.965;2.9966;0.1667;0.1665;-0.7333;0.1667;59.4444;0.1433;0.0556;0.7039;1.2022;0.4217;2.4633;-0.0072;0.0;0.3468;0.1387;0.0;0.0,0.3039,0.3468,0.1387,0.0,1.0,0.3116,18,1552.965,2.9966,0.1667,0.1665,-0.7333,0.1667,59.4444,0.1433,0.0556,0.7039,1.2022,0.4217,2.4633,-0.0072,0.0,0.0
KILKKWKKFAKSIGKAAVKKLGTAVK,DBAASPS_173,KWKSFIKKLTKAAKKVVTTAKKPLIV,lead_opt_random,5.7069,21,26;2402.215;9.9951;0.3846;0.3844;-0.2769;0.4615;97.6923;0.3869;0.0769;1.1127;0.8712;0.3165;2.6727;-0.0446;0.1154;0.9619;0.4389;0.1546;1.0,0.8036,0.9619,0.4389,0.1546,1.0,0.3794,26,2402.215,9.9951,0.3846,0.3844,-0.2769,0.4615,97.6923,0.3869,0.0769,1.1127,0.8712,0.3165,2.6727,-0.0446,0.1154,1.0
YVKKILKVFKKAAHGGPAFIKHIKKKC,DBAASPS_270,KWKSFLKTFKSLKKTVLHTLLKAISS,lead_opt_motif,5.6918,22,27;2595.46;9.1144;0.4074;0.3376;-0.2222;0.4074;90.3704;0.3592;0.1111;1.0519;0.8933;0.3059;2.7382;-0.0363;0.0;0.9785;0.4404;0.14;1.0,0.8028,0.9785,0.4404,0.14,1.0,0.2681,27,2595.46,9.1144,0.4074,0.3376,-0.2222,0.4074,90.3704,0.3592,0.1111,1.0519,0.8933,0.3059,2.7382,-0.0363,0.0,1.0
AKWGAIAKTFLGKIAKVGAGIAKDLVT,DBAASPR_1546,GLWSTIKNVGKEAAIAAGKAALGAL,lead_opt_random,5.6896,23,27;2241.88;3.997;0.1852;0.148;0.6;0.5556;115.9259;0.277;0.0741;1.0837;0.8793;0.2915;2.762;-0.1663;0.2222;0.6404;0.3544;0.2807;1.0,0.8027,0.6404,0.3544,0.2807,1.0,0.2438,27,2241.88,3.997,0.1852,0.148,0.6,0.5556,115.9259,0.277,0.0741,1.0837,0.8793,0.2915,2.762,-0.1663,0.2222,1.0
GGPVPIGPISSPKPKKPR,DBAASPS_2111,GNNRPVYLPQPRPPHPRI,lead_opt_random,5.682,15,18;1487.925;3.9971;0.2222;0.2221;-0.8556;0.1667;59.4444;0.0859;0.0;0.7189;1.2178;0.4328;2.6378;0.0067;0.0;0.0091;0.0036;0.0;0.0,0.3023,0.0091,0.0036,0.0,1.0,0.2222,18,1487.925,3.9971,0.2222,0.2221,-0.8556,0.1667,59.4444,0.0859,0.0,0.7189,1.2178,0.4328,2.6378,0.0067,0.0,0.0
GIFDVIKKVLTGIKAIAKHIACHLEN,DBAASPS_1140,GLLSVLGSVAKHVLGHVVGVIAEHL,lead_opt_motif,5.6619,23,26;2364.035;2.1189;0.2308;0.0815;0.5846;0.5;138.8462;0.3585;0.0385;1.0704;0.8408;0.2827;2.8816;-0.1469;0.0;0.7534;0.3434;0.12;1.0,0.8012,0.7534,0.3434,0.12,1.0,0.3333,26,2364.035,2.1189,0.2308,0.0815,0.5846,0.5,138.8462,0.3585,0.0385,1.0704,0.8408,0.2827,2.8816,-0.1469,0.0,1.0
FFHVFHGVHRGVGRFAHGIIHAVKHYL,DBAASPS_1001,FLGLLFHGVHHVGKWIHGLIHGHH,lead_opt_random,5.6595,20,27;2653.26;3.5423;0.3333;0.1312;0.3481;0.4815;93.7037;0.3974;0.1852;1.0;0.8681;0.2578;2.9013;-0.0548;0.0;0.9948;0.4469;0.14;1.0,0.8011,0.9948,0.4469,0.14,1.0,0.2222,27,2653.26,3.5423,0.3333,0.1312,0.3481,0.4815,93.7037,0.3974,0.1852,1.0,0.8681,0.2578,2.9013,-0.0548,0.0,1.0
FFHHLIHGVHGVLKFVHGFHHLH,DBAASPS_1001,FLGLLFHGVHHVGKWIHGLIHGHH,lead_opt_random,5.6368,12,23;2338.86;1.725;0.3913;0.075;0.3913;0.4783;105.6522;0.296;0.1739;1.0122;0.8552;0.2443;3.0749;-0.0717;0.5217;0.4036;0.2372;0.2165;0.0,0.2999,0.4036,0.2372,0.2165,1.0,0.3188,23,2338.86,1.725,0.3913,0.075,0.3913,0.4783,105.6522,0.296,0.1739,1.0122,0.8552,0.2443,3.0749,-0.0717,0.5217,0.0
GILSILKKIGKIGAHIIGAIKHHISAV,DBAASPS_1140,GLLSVLGSVAKHVLGHVVGVIAEHL,lead_opt_contiguous,5.6335,22,27;2302.04;4.2696;0.2593;0.1581;0.9185;0.5185;166.2963;0.3256;0.0;1.0311;0.8574;0.2737;2.6162;-0.1581;0.2222;0.8506;0.4212;0.2314;1.0,0.7997,0.8506,0.4212,0.2314,1.0,0.321,27,2302.04,4.2696,0.2593,0.1581,0.9185,0.5185,166.2963,0.3256,0.0,1.0311,0.8574,0.2737,2.6162,-0.1581,0.2222,1.0
ILGRILRNIVNLGKVFAKTIGAI,DBAASPS_1140,GLLSVLGSVAKHVLGHVVGVIAEHL,lead_opt_random,5.6207,22,23;2065.72;3.9974;0.1739;0.1738;1.0;0.5652;169.5652;0.4268;0.0435;1.0096;0.8626;0.2813;2.5705;-0.1752;0.0;0.5556;0.2737;0.147;1.0,0.799,0.5556,0.2737,0.147,1.0,0.2754,23,2065.72,3.9974,0.1739,0.1738,1.0,0.5652,169.5652,0.4268,0.0435,1.0096,0.8626,0.2813,2.5705,-0.1752,0.0,1.0
FFLGLLGKFIHGIHGIKHFIHRLGG,DBAASPS_1001,FLGLLFHGVHHVGKWIHGLIHGHH,lead_opt_contiguous,5.6178,19,25;2365.03;3.361;0.28;0.1344;0.676;0.48;124.8;0.3064;0.16;0.9748;0.93;0.2652;2.9112;-0.1644;0.36;0.9739;0.4624;0.208;1.0,0.7989,0.9739,0.4624,0.208,1.0,0.28,25,2365.03,3.361,0.28,0.1344,0.676,0.48,124.8,0.3064,0.16,0.9748,0.93,0.2652,2.9112,-0.1644,0.36,1.0
GILGKILHGIKAFVGHAIKHILSGL,DBAASPS_1140,GLLSVLGSVAKHVLGHVVGVIAEHL,lead_opt_random,5.6052,18,25;2142.81;3.2698;0.24;0.1308;0.968;0.52;160.0;0.2887;0.04;1.0148;0.8928;0.2728;2.6864;-0.1868;0.0;0.7274;0.3353;0.1267;1.0,0.7982,0.7274,0.3353,0.1267,1.0,0.3225,25,2142.81,3.2698,0.24,0.1308,0.968,0.52,160.0,0.2887,0.04,1.0148,0.8928,0.2728,2.6864,-0.1868,0.0,1.0
FFHHIGRVLGAFIHGVHHGLHGLHRL,DBAASPS_1001,FLGLLFHGVHHVGKWIHGLIHGHH,lead_opt_motif,5.5938,21,26;2497.075;2.6343;0.3462;0.1013;0.3615;0.4615;116.1538;0.3166;0.1154;0.9877;0.9019;0.2654;2.9073;-0.0654;0.2308;0.9977;0.4653;0.1892;1.0,0.7976,0.9977,0.4653,0.1892,1.0,0.2051,26,2497.075,2.6343,0.3462,0.1013,0.3615,0.4615,116.1538,0.3166,0.1154,0.9877,0.9019,0.2654,2.9073,-0.0654,0.2308,1.0
GLFDHIKKIAGVIIGAVKKITCALN,DBAASPS_1140,GLLSVLGSVAKHVLGHVVGVIAEHL,lead_opt_contiguous,5.5882,20,25;2172.84;3.0262;0.2;0.121;0.86;0.52;144.4;0.292;0.04;1.0356;0.8804;0.278;2.7042;-0.1804;0.12;0.7643;0.3627;0.1627;1.0,0.7973,0.7643,0.3627,0.1627,1.0,0.4133,25,2172.84,3.0262,0.2,0.121,0.86,0.52,144.4,0.292,0.04,1.0356,0.8804,0.278,2.7042,-0.1804,0.12,1.0
GLLDIIKKIAHVGKHVLGVLVGAH,DBAASPS_1140,GLLSVLGSVAKHVLGHVVGVIAEHL,lead_opt_contiguous,5.579,20,24;2055.675;2.2703;0.25;0.0946;0.9458;0.5417;170.4167;0.3243;0.0;1.0388;0.8696;0.2763;2.7366;-0.1808;0.0;0.8361;0.3819;0.1356;1.0,0.7968,0.8361,0.3819,0.1356,1.0,0.3472,24,2055.675,2.2703,0.25,0.0946,0.9458,0.5417,170.4167,0.3243,0.0,1.0388,0.8696,0.2763,2.7366,-0.1808,0.0,1.0
GIIDVIKHVKGAVKGIAAHVLGKLQG,DBAASPS_1140,GLLSVLGSVAKHVLGHVVGVIAEHL,lead_opt_contiguous,5.5705,20,26;2153.775;3.1791;0.2308;0.1223;0.6462;0.5;146.1538;0.2577;0.0;1.0327;0.9015;0.2908;2.8297;-0.1523;0.1154;0.5762;0.2846;0.1546;1.0,0.7963,0.5762,0.2846,0.1546,1.0,0.2821,26,2153.775,3.1791,0.2308,0.1223,0.6462,0.5,146.1538,0.2577,0.0,1.0327,0.9015,0.2908,2.8297,-0.1523,0.1154,1.0
LIIHIIQGVGKVFGKLIHGAIHHI,DBAASPS_1140,GLLSVLGSVAKHVLGHVVGVIAEHL,lead_opt_motif,5.5609,21,24;2181.845;2.361;0.25;0.0984;1.1;0.5417;174.5833;0.3648;0.0417;1.015;0.8346;0.25;2.7928;-0.1879;0.0;0.8453;0.3856;0.1356;1.0,0.7958,0.8453,0.3856,0.1356,1.0,0.3109,24,2181.845,2.361,0.25,0.0984,1.1,0.5417,174.5833,0.3648,0.0417,1.015,0.8346,0.25,2.7928,-0.1879,0.0,1.0
GIGKILKTIGKIAGKIAHVVLGAIS,DBAASPS_1140,GLLSVLGSVAKHVLGHVVGVIAEHL,lead_opt_motif,5.5538,21,25;2007.67;4.0877;0.2;0.1635;1.044;0.52;160.0;0.3696;0.0;1.0148;0.8872;0.282;2.5935;-0.1864;0.48;0.8162;0.4212;0.2707;1.0,0.7954,0.8162,0.4212,0.2707,1.0,0.3669,25,2007.67,4.0877,0.2,0.1635,1.044,0.52,160.0,0.3696,0.0,1.0148,0.8872,0.282,2.5935,-0.1864,0.48,1.0
FIKHIIHGIRHGGFHIHHFHHFIH,DBAASPS_1001,FLGLLFHGVHHVGKWIHGLIHGHH,lead_opt_motif,5.5387,15,24;2543.105;2.8159;0.4583;0.1173;-0.0083;0.4167;97.5;0.2736;0.1667;0.9925;0.8604;0.2467;3.1332;-0.01;0.125;0.6656;0.3074;0.1175;0.0,0.2946,0.6656,0.3074,0.1175,1.0,0.3472,24,2543.105,2.8159,0.4583,0.1173,-0.0083,0.4167,97.5,0.2736,0.1667,0.9925,0.8604,0.2467,3.1332,-0.01,0.125,0.0
CVNLLKKILHGIGKVFVGIAHNL,DBAASPS_1140,GLLSVLGSVAKHVLGHVVGVIAEHL,lead_opt_motif,5.5305,24,23;2072.72;3.117;0.2174;0.1355;0.9609;0.5217;160.8696;0.3602;0.0435;1.0017;0.897;0.2713;2.7503;-0.1817;0.0;0.6369;0.2859;0.089;1.0,0.7942,0.6369,0.2859,0.089,1.0,0.2814,23,2072.72,3.117,0.2174,0.1355,0.9609,0.5217,160.8696,0.3602,0.0435,1.0017,0.897,0.2713,2.7503,-0.1817,0.0,1.0
GVPVYIPPPRPSNKPKPC,DBAASPS_2111,GNNRPVYLPQPRPPHPRI,lead_opt_motif,5.5278,15,18;1622.085;2.9346;0.1667;0.163;-0.7833;0.1667;53.8889;0.1713;0.0556;0.6806;1.2133;0.4244;2.3805;-0.0011;0.0;0.289;0.1156;0.0;0.0,0.2941,0.289,0.1156,0.0,1.0,0.2222,18,1622.085,2.9346,0.1667,0.163,-0.7833,0.1667,53.8889,0.1713,0.0556,0.6806,1.2133,0.4244,2.3805,-0.0011,0.0,0.0
FKRLLRKLLRKFPRIGAILHKITKK,DBAASPS_173,KWKSFIKKLTKAAKKVVTTAKKPLIV,lead_opt_motif,5.5057,22,25;2624.55;10.0872;0.44;0.4035;-0.296;0.44;128.8;0.5056;0.08;1.0588;0.8436;0.3188;2.482;-0.004;0.24;0.9517;0.4409;0.172;1.0,0.7929,0.9517,0.4409,0.172,1.0,0.2497,25,2624.55,10.0872,0.44,0.4035,-0.296,0.44,128.8,0.5056,0.08,1.0588,0.8436,0.3188,2.482,-0.004,0.24,1.0
SVNWKKVVKGVKKLVGKAIQRVKKKC,DBAASPS_173,KWKSFIKKLTKAAKKVVTTAKKPLIV,lead_opt_random,5.4817,26,26;2484.285;9.9334;0.3846;0.3821;-0.4346;0.3846;100.7692;0.4216;0.0385;1.0358;0.9192;0.3192;2.6496;0.0023;0.1154;0.8736;0.4035;0.1546;1.0,0.7916,0.8736,0.4035,0.1546,1.0,0.1923,26,2484.285,9.9334,0.3846,0.3821,-0.4346,0.3846,100.7692,0.4216,0.0385,1.0358,0.9192,0.3192,2.6496,0.0023,0.1154,1.0
GIGKILHFVGKIAHVALGKIHTLL,DBAASPS_1140,GLLSVLGSVAKHVLGHVVGVIAEHL,lead_opt_random,5.4783,21,24;2103.765;3.2698;0.25;0.1362;1.0167;0.5417;162.5;0.2695;0.0417;1.035;0.8517;0.2667;2.6637;-0.1817;0.25;0.8408;0.41;0.2106;1.0,0.7914,0.8408,0.41,0.2106,1.0,0.3611,24,2103.765,3.2698,0.25,0.1362,1.0167,0.5417,162.5,0.2695,0.0417,1.035,0.8517,0.2667,2.6637,-0.1817,0.25,1.0
GFLNTLKKALGAVKKMGLGALTTALG,DBAASPR_1546,GLWSTIKNVGKEAAIAAGKAALGAL,lead_opt_contiguous,5.4429,20,26;2105.745;3.9968;0.1538;0.1537;0.6038;0.5;116.5385;0.2442;0.0385;1.0473;0.9354;0.31;2.6513;-0.17;0.2308;0.6193;0.3139;0.1892;1.0,0.7895,0.6193,0.3139,0.1892,1.0,0.3951,26,2105.745,3.9968,0.1538,0.1537,0.6038,0.5,116.5385,0.2442,0.0385,1.0473,0.9354,0.31,2.6513,-0.17,0.2308,1.0
SWLSILKKLAKGMAKMIGQAIGAITG,DBAASPR_1546,GLWSTIKNVGKEAAIAAGKAALGAL,lead_opt_motif,5.4246,20,26;2218.945;3.9968;0.1538;0.1537;0.6346;0.5385;120.3846;0.3587;0.0385;1.0773;0.8927;0.2927;2.5835;-0.1812;0.0;0.6396;0.3158;0.1713;1.0,0.7886,0.6396,0.3158,0.1713,1.0,0.3379,26,2218.945,3.9968,0.1538,0.1537,0.6346,0.5385,120.3846,0.3587,0.0385,1.0773,0.8927,0.2927,2.5835,-0.1812,0.0,1.0
GVEAVQKVIGVGKNLVKVVPKIASVL,DBAASPS_1140,GLLSVLGSVAKHVLGHVVGVIAEHL,lead_opt_random,5.4167,23,26;2176.845;2.9986;0.1538;0.1153;0.9269;0.5385;156.9231;0.356;0.0;1.025;0.8504;0.2985;2.7483;-0.1696;0.0;0.4416;0.2366;0.1713;1.0,0.7882,0.4416,0.2366,0.1713,1.0,0.2692,26,2176.845,2.9986,0.1538,0.1153,0.9269,0.5385,156.9231,0.356,0.0,1.025,0.8504,0.2985,2.7483,-0.1696,0.0,1.0
GIPVGSPVPVGSYPKPKKR,DBAASPS_2111,GNNRPVYLPQPRPPHPRI,lead_opt_motif,5.4124,15,19;1621.07;3.9963;0.2105;0.2103;-0.5895;0.2105;66.3158;0.0826;0.0526;0.7542;1.1616;0.4011;2.5973;-0.0121;0.3158;0.2889;0.1487;0.0947;0.0,0.2879,0.2889,0.1487,0.0947,1.0,0.2456,19,1621.07,3.9963,0.2105,0.2103,-0.5895,0.2105,66.3158,0.0826,0.0526,0.7542,1.1616,0.4011,2.5973,-0.0121,0.3158,0.0
FFHHFIGRIGHGIKHIIHGVHALHH,DBAASPS_1001,FLGLLFHGVHHVGKWIHGLIHGHH,lead_opt_random,5.3721,19,25;2468.03;2.725;0.4;0.109;0.204;0.44;109.2;0.3614;0.12;0.9948;0.8784;0.2564;3.0193;-0.0404;0.0;0.609;0.2786;0.1;0.0,0.2858,0.609,0.2786,0.1,1.0,0.2667,25,2468.03,2.725,0.4,0.109,0.204,0.44,109.2,0.3614,0.12,0.9948,0.8784,0.2564,3.0193,-0.0404,0.0,0.0
ILGKILHAGKHVGKVFIGLISS,DBAASPS_1140,GLLSVLGSVAKHVLGHVVGVIAEHL,lead_opt_random,5.37,23,22;1891.475;3.1789;0.2273;0.1445;0.9591;0.5;155.0;0.3194;0.0455;0.9964;0.9;0.2768;2.6884;-0.1777;0.0;0.7481;0.3132;0.04;1.0,0.7857,0.7481,0.3132,0.04,1.0,0.4203,22,1891.475,3.1789,0.2273,0.1445,0.9591,0.5,155.0,0.3194,0.0455,0.9964,0.9,0.2768,2.6884,-0.1777,0.0,1.0
GLFKIIKKVASVIGGLIKSL,DBAASPS_1140,GLLSVLGSVAKHVLGHVVGVIAEHL,lead_opt_contiguous,5.3678,20,20;1724.345;3.9968;0.2;0.1998;1.2;0.55;170.5;0.3681;0.05;1.0255;0.8635;0.277;2.531;-0.2205;0.0;0.7328;0.3164;0.0667;1.0,0.7856,0.7328,0.3164,0.0667,1.0,0.6,20,1724.345,3.9968,0.2,0.1998,1.2,0.55,170.5,0.3681,0.05,1.0255,0.8635,0.277,2.531,-0.2205,0.0,1.0
FFHLLHGGLHFGKHIIHLVKGHF,DBAASPS_1001,FLGLLFHGVHHVGKWIHGLIHGHH,lead_opt_motif,5.3581,17,23;2277.86;2.5429;0.3478;0.1106;0.4783;0.4783;114.3478;0.293;0.1739;1.0078;0.8904;0.2561;3.0221;-0.123;0.0;0.7922;0.3379;0.06;0.0,0.285,0.7922,0.3379,0.06,1.0,0.2899,23,2277.86,2.5429,0.3478,0.1106,0.4783,0.4783,114.3478,0.293,0.1739,1.0078,0.8904,0.2561,3.0221,-0.123,0.0,0.0
FIHHFIHGIHGFIHRGLHFIHGH,DBAASPS_1001,FLGLLFHGVHHVGKWIHGLIHGHH,lead_opt_motif,5.3429,16,23;2352.86;1.7253;0.3913;0.075;0.2522;0.4348;101.7391;0.319;0.1739;0.9722;0.8891;0.2457;3.0732;-0.0561;0.7826;0.3522;0.2441;0.2948;0.0,0.2842,0.3522,0.2441,0.2948,1.0,0.3043,23,2352.86,1.7253,0.3913,0.075,0.2522,0.4348,101.7391,0.319,0.1739,0.9722,0.8891,0.2457,3.0732,-0.0561,0.7826,0.0
GIGTVLKVVKEVVKVAAKHILGHI,DBAASPS_1140,GLLSVLGSVAKHVLGHVVGVIAEHL,lead_opt_contiguous,5.3417,20,24;2076.725;3.1804;0.25;0.1325;0.9375;0.5417;162.0833;0.3661;0.0;1.0646;0.7979;0.2762;2.7833;-0.1504;0.125;0.9329;0.4337;0.1731;1.0,0.7842,0.9329,0.4337,0.1731,1.0,0.297,24,2076.725,3.1804,0.25,0.1325,0.9375,0.5417,162.0833,0.3661,0.0,1.0646,0.7979,0.2762,2.7833,-0.1504,0.125,1.0
GIGKIIHAVKKFAKGIIAGIIHIANS,DBAASPS_1140,GLLSVLGSVAKHVLGHVVGVIAEHL,lead_opt_random,5.3356,20,26;2201.875;4.1786;0.2308;0.1607;0.8577;0.5385;146.5385;0.3496;0.0385;1.0335;0.8673;0.275;2.7337;-0.1588;0.2308;0.9449;0.4622;0.2405;1.0,0.7838,0.9449,0.4622,0.2405,1.0,0.4744,26,2201.875,4.1786,0.2308,0.1607,0.8577,0.5385,146.5385,0.3496,0.0385,1.0335,0.8673,0.275,2.7337,-0.1588,0.2308,1.0
GILGKILHGIGKIAGHIIKAVSKLFGIE,DBAASPS_1140,GLLSVLGSVAKHVLGHVVGVIAEHL,lead_opt_random,5.3229,24,28;2379.125;3.1804;0.2143;0.1136;0.8857;0.5;156.7857;0.3661;0.0357;1.02;0.8896;0.2825;2.7665;-0.1957;0.1071;0.6781;0.3385;0.1921;1.0,0.7832,0.6781,0.3385,0.1921,1.0,0.2857,28,2379.125,3.1804,0.2143,0.1136,0.8857,0.5,156.7857,0.3661,0.0357,1.02,0.8896,0.2825,2.7665,-0.1957,0.1071,1.0
SIIIEAKKIAGHIIHVGKHIAGHAIHIL,DBAASPS_1140,GLLSVLGSVAKHVLGHVVGVIAEHL,lead_opt_contiguous,5.3077,26,28;2486.205;2.4534;0.2857;0.0876;0.8036;0.5357;163.9286;0.2607;0.0;1.0764;0.7925;0.265;2.8236;-0.1339;0.2143;0.8892;0.4508;0.2719;1.0,0.7824,0.8892,0.4508,0.2719,1.0,0.2262,28,2486.205,2.4534,0.2857,0.0876,0.8036,0.5357,163.9286,0.2607,0.0,1.0764,0.7925,0.265,2.8236,-0.1339,0.2143,1.0
SGSPVPIPPYPSRPKIPH,DBAASPS_2111,GNNRPVYLPQPRPPHPRI,lead_opt_contiguous,5.3069,15,18;1602.005;2.0878;0.1667;0.116;-0.7611;0.1667;59.4444;0.0834;0.0556;0.6822;1.1922;0.4244;2.4173;0.0072;0.0;0.4005;0.1602;0.0;0.0,0.2823,0.4005,0.1602,0.0,1.0,0.2222,18,1602.005,2.0878,0.1667,0.116,-0.7611,0.1667,59.4444,0.0834,0.0556,0.6822,1.1922,0.4244,2.4173,0.0072,0.0,0.0
SGSPVPIPPYPRPIKPKP,DBAASPS_2111,GNNRPVYLPQPRPPHPRI,lead_opt_motif,5.3024,13,18;1603.075;2.9966;0.1667;0.1665;-0.8444;0.1667;59.4444;0.203;0.0556;0.6672;1.2117;0.4439;2.4249;-0.0078;0.0;0.2008;0.0803;0.0;0.0,0.2821,0.2008,0.0803,0.0,1.0,0.1998,18,1603.075,2.9966,0.1667,0.1665,-0.8444,0.1667,59.4444,0.203,0.0556,0.6672,1.2117,0.4439,2.4249,-0.0078,0.0,0.0
AIWKTLKKFLHSAKKFGKAILHHLSKKK,DBAASPS_270,KWKSFLKTFKSLKKTVLHTLLKAISS,lead_opt_motif,5.2888,22,28;2783.625;9.2681;0.4286;0.331;-0.4679;0.4286;94.2857;0.3787;0.1071;1.1064;0.8664;0.3079;2.7804;-0.0168;0.1071;0.9479;0.4464;0.1921;1.0,0.7814,0.9479,0.4464,0.1921,1.0,0.2619,28,2783.625,9.2681,0.4286,0.331,-0.4679,0.4286,94.2857,0.3787,0.1071,1.1064,0.8664,0.3079,2.7804,-0.0168,0.1071,1.0
GSPVPVPIIPHPKPKRPP,DBAASPS_2111,GNNRPVYLPQPRPPHPRI,lead_opt_motif,5.2884,14,18;1589.085;3.0883;0.2222;0.1716;-0.6722;0.2222;75.5556;0.0911;0.0;0.7006;1.1606;0.4328;2.4741;-0.0017;0.1667;0.3791;0.1691;0.05;0.0,0.2813,0.3791,0.1691,0.05,1.0,0.3468,18,1589.085,3.0883,0.2222,0.1716,-0.6722,0.2222,75.5556,0.0911,0.0,0.7006,1.1606,0.4328,2.4741,-0.0017,0.1667,0.0
FIHLFHHGGHVGKLFHLLHKLH,DBAASPS_1001,FLGLLFHGVHHVGKWIHGLIHGHH,lead_opt_motif,5.2863,19,22;2228.785;2.6338;0.4091;0.1197;0.2136;0.4545;119.5455;0.2727;0.1364;1.0277;0.8777;0.2623;2.954;-0.0773;0.1364;0.6641;0.294;0.0809;0.0,0.2812,0.6641,0.294,0.0809,1.0,0.2497,22,2228.785,2.6338,0.4091,0.1197,0.2136,0.4545,119.5455,0.2727,0.1364,1.0277,0.8777,0.2623,2.954,-0.0773,0.1364,0.0
GLLDIIKHVVGKIAKVIGSLISH,DBAASPS_1140,GLLSVLGSVAKHVLGHVVGVIAEHL,lead_opt_random,5.2775,20,23;1996.61;2.1794;0.2174;0.0948;1.0391;0.5217;177.8261;0.3675;0.0;1.0161;0.8691;0.2765;2.6733;-0.1926;0.0;0.7646;0.337;0.089;1.0,0.7808,0.7646,0.337,0.089,1.0,0.3768,23,1996.61,2.1794,0.2174,0.0948,1.0391,0.5217,177.8261,0.3675,0.0,1.0161,0.8691,0.2765,2.6733,-0.1926,0.0,1.0
FLGGIFKHIIHFGKLHFHGFIHHF,DBAASPS_1001,FLGLLFHGVHHVGKWIHGLIHGHH,lead_opt_random,5.2757,16,24;2455.075;2.5429;0.3333;0.106;0.575;0.5;97.5;0.241;0.25;1.005;0.8725;0.2408;3.1335;-0.1408;0.0;0.8216;0.3566;0.08;0.0,0.2807,0.8216,0.3566,0.08,1.0,0.2867,24,2455.075,2.5429,0.3333,0.106,0.575,0.5,97.5,0.241,0.25,1.005,0.8725,0.2408,3.1335,-0.1408,0.0,0.0
FIHSIIKHFIHSGKHFIHGIHHFF,DBAASPS_1001,FLGLLFHGVHHVGKWIHGLIHGHH,lead_opt_contiguous,5.2726,18,24;2505.095;2.6338;0.375;0.1097;0.35;0.4583;97.5;0.3434;0.2083;1.0054;0.8429;0.2425;3.0713;-0.0746;0.625;0.7076;0.3767;0.2675;0.0,0.2805,0.7076,0.3767,0.2675,1.0,0.2872,24,2505.095,2.6338,0.375,0.1097,0.35,0.4583,97.5,0.3434,0.2083,1.0054,0.8429,0.2425,3.0713,-0.0746,0.625,0.0
GSPVPIPYPPSIPRKKPP,DBAASPS_2111,GNNRPVYLPQPRPPHPRI,lead_opt_motif,5.2536,14,18;1603.075;2.9966;0.1667;0.1665;-0.8444;0.1667;59.4444;0.1275;0.0556;0.6672;1.2117;0.4439;2.3923;-0.0078;0.0;0.2254;0.0902;0.0;0.0,0.2795,0.2254,0.0902,0.0,1.0,0.2477,18,1603.075,2.9966,0.1667,0.1665,-0.8444,0.1667,59.4444,0.1275,0.0556,0.6672,1.2117,0.4439,2.3923,-0.0078,0.0,0.0
FIGKLIHHGGKFIHHVHHFSHGIH,DBAASPS_1001,FLGLLFHGVHHVGKWIHGLIHGHH,lead_opt_motif,5.2353,16,24;2360.865;2.7247;0.4167;0.1135;-0.0583;0.375;93.3333;0.3338;0.125;0.9729;0.9242;0.2679;3.1268;-0.0217;0.125;0.8189;0.3687;0.1175;0.0,0.2785,0.8189,0.3687,0.1175,1.0,0.2639,24,2360.865,2.7247,0.4167,0.1135,-0.0583,0.375,93.3333,0.3338,0.125,0.9729,0.9242,0.2679,3.1268,-0.0217,0.125,0.0
ILGKILHGVKKVLGMISHLVSGLHA,DBAASPS_1140,GLLSVLGSVAKHVLGHVVGVIAEHL,lead_opt_contiguous,5.2019,19,25;2170.88;3.2698;0.24;0.1308;0.972;0.52;163.6;0.322;0.0;1.0256;0.8784;0.2776;2.6407;-0.1744;0.0;0.7796;0.3562;0.1267;1.0,0.7767,0.7796,0.3562,0.1267,1.0,0.3219,25,2170.88,3.2698,0.24,0.1308,0.972,0.52,163.6,0.322,0.0,1.0256,0.8784,0.2776,2.6407,-0.1744,0.0,1.0
GIGKLFKKIAGIVAGILKGIL,DBAASPS_1140,GLLSVLGSVAKHVLGHVVGVIAEHL,lead_opt_random,5.1883,20,21;1731.38;3.9968;0.1905;0.1903;1.281;0.5714;171.9048;0.3239;0.0476;1.0262;0.8886;0.2748;2.6122;-0.2538;0.2857;0.7407;0.3666;0.201;1.0,0.776,0.7407,0.3666,0.201,1.0,0.3492,21,1731.38,3.9968,0.1905,0.1903,1.281,0.5714,171.9048,0.3239,0.0476,1.0262,0.8886,0.2748,2.6122,-0.2538,0.2857,1.0
GLIGKILHVGKNILHVAKHIGAGLI,DBAASPS_1140,GLLSVLGSVAKHVLGHVVGVIAEHL,lead_opt_random,5.1748,19,25;2121.78;3.2698;0.24;0.1308;0.916;0.52;171.6;0.3311;0.0;1.008;0.902;0.2788;2.7023;-0.1792;0.36;0.7267;0.3728;0.2347;1.0,0.7753,0.7267,0.3728,0.2347,1.0,0.2978,25,2121.78,3.2698,0.24,0.1308,0.916,0.52,171.6,0.3311,0.0,1.008,0.902,0.2788,2.7023,-0.1792,0.36,1.0
GILGKILHAVKKFVGIAINSIANHI,DBAASPS_1140,GLLSVLGSVAKHVLGHVVGVIAEHL,lead_opt_random,5.1719,18,25;2176.82;3.1789;0.2;0.1272;0.964;0.56;160.0;0.3065;0.04;1.0284;0.864;0.274;2.7238;-0.176;0.0;0.9134;0.4284;0.18;1.0,0.7751,0.9134,0.4284,0.18,1.0,0.3378,25,2176.82,3.1789,0.2,0.1272,0.964,0.56,160.0,0.3065,0.04,1.0284,0.864,0.274,2.7238,-0.176,0.0,1.0
FFHLLHGIGKFIHGIHHFIHRLHG,DBAASPS_1001,FLGLLFHGVHHVGKWIHGLIHGHH,lead_opt_random,5.1536,19,24;2439.035;2.6341;0.375;0.1098;0.3417;0.4583;113.75;0.3671;0.1667;0.9942;0.8842;0.2533;3.0033;-0.0858;0.375;0.6624;0.3323;0.1925;0.0,0.2742,0.6624,0.3323,0.1925,1.0,0.2297,24,2439.035,2.6341,0.375,0.1098,0.3417,0.4583,113.75,0.3671,0.1667,0.9942,0.8842,0.2533,3.0033,-0.0858,0.375,0.0
IGKKFKRIAKKFLRTIGTAIKAHVKK,DBAASPS_173,KWKSFIKKLTKAAKKVVTTAKKPLIV,lead_opt_motif,5.1381,21,26;2513.335;10.0866;0.4231;0.3879;-0.3308;0.4231;97.6923;0.4896;0.0769;1.0804;0.85;0.3119;2.7467;0.0042;0.1154;0.9461;0.4325;0.1546;1.0,0.7733,0.9461,0.4325,0.1546,1.0,0.3333,26,2513.335,10.0866,0.4231,0.3879,-0.3308,0.4231,97.6923,0.4896,0.0769,1.0804,0.85,0.3119,2.7467,0.0042,0.1154,1.0
VLQVLNGIVKVVGRVKKIGAIHVAGHI,DBAASPS_1140,GLLSVLGSVAKHVLGHVVGVIAEHL,lead_opt_motif,5.1374,22,27;2332.05;4.1789;0.2222;0.1548;1.0148;0.5556;169.2593;0.2948;0.0;1.0181;0.8422;0.2722;2.6709;-0.15;0.0;0.8593;0.4187;0.2141;1.0,0.7733,0.8593,0.4187,0.2141,1.0,0.2469,27,2332.05,4.1789,0.2222,0.1548,1.0148,0.5556,169.2593,0.2948,0.0,1.0181,0.8422,0.2722,2.6709,-0.15,0.0,1.0
FGLHLIKHIGKVLVGLVKGIAS,DBAASPS_1140,GLLSVLGSVAKHVLGHVVGVIAEHL,lead_opt_contiguous,5.1075,20,22;1903.525;3.1789;0.2273;0.1445;1.1545;0.5455;168.1818;0.3543;0.0455;1.0155;0.8723;0.2691;2.6275;-0.2032;0.0;0.8433;0.3725;0.1006;1.0,0.7717,0.8433,0.3725,0.1006,1.0,0.3188,22,1903.525,3.1789,0.2273,0.1445,1.1545,0.5455,168.1818,0.3543,0.0455,1.0155,0.8723,0.2691,2.6275,-0.2032,0.0,1.0
GSPVPIPIWPPPPKPRKP,DBAASPS_2111,GNNRPVYLPQPRPPHPRI,lead_opt_motif,5.0856,14,18;1636.145;2.9974;0.1667;0.1665;-0.8667;0.2222;59.4444;0.1057;0.0556;0.665;1.2178;0.4467;2.3879;-0.03;0.1667;0.2795;0.1293;0.05;0.0,0.2705,0.2795,0.1293,0.05,1.0,0.3175,18,1636.145,2.9974,0.1667,0.1665,-0.8667,0.2222,59.4444,0.1057,0.0556,0.665,1.2178,0.4467,2.3879,-0.03,0.1667,0.0
LIGTIIHRVGGLVGHLKTILQGL,DBAASPS_1140,GLLSVLGSVAKHVLGHVVGVIAEHL,lead_opt_random,5.0816,23,23;1994.59;2.1795;0.1739;0.0948;1.0304;0.4783;177.8261;0.2696;0.0;0.9661;0.9039;0.2774;2.6245;-0.1909;0.0;0.8814;0.3736;0.06;1.0,0.7703,0.8814,0.3736,0.06,1.0,0.2174,23,1994.59,2.1795,0.1739,0.0948,1.0304,0.4783,177.8261,0.2696,0.0,0.9661,0.9039,0.2774,2.6245,-0.1909,0.0,1.0
GRIKKFIKLATSFIKKLTKKFLHSAKKF,DBAASPS_270,KWKSFLKTFKSLKKTVLHTLLKAISS,lead_opt_motif,5.0407,27,28;2803.705;10.0863;0.3929;0.3602;-0.2321;0.4286;90.7143;0.4025;0.1429;1.0854;0.8496;0.3064;2.7496;-0.0343;0.4286;0.9127;0.4661;0.2886;1.0,0.7682,0.9127,0.4661,0.2886,1.0,0.2849,28,2803.705,10.0863,0.3929,0.3602,-0.2321,0.4286,90.7143,0.4025,0.1429,1.0854,0.8496,0.3064,2.7496,-0.0343,0.4286,1.0
LVNVLKGVLKDFVKVVVPKITKVC,DBAASPS_1140,GLLSVLGSVAKHVLGHVVGVIAEHL,lead_opt_motif,5.0325,22,24;2206.965;3.935;0.2083;0.164;1.0667;0.5417;161.6667;0.3505;0.0417;1.01;0.8425;0.2808;2.7198;-0.1867;0.125;0.8366;0.3952;0.1731;1.0,0.7677,0.8366,0.3952,0.1731,1.0,0.3333,24,2206.965,3.935,0.2083,0.164,1.0667,0.5417,161.6667,0.3505,0.0417,1.01,0.8425,0.2808,2.7198,-0.1867,0.125,1.0
RILGIIKSIGKAVLGIVKDILKGIA,DBAASPS_1140,GLLSVLGSVAKHVLGHVVGVIAEHL,lead_opt_random,5.0222,18,25;2138.9;3.9973;0.2;0.1599;1.156;0.56;187.2;0.3742;0.0;1.032;0.86;0.2804;2.6557;-0.2204;0.12;0.9668;0.4623;0.216;1.0,0.7672,0.9668,0.4623,0.216,1.0,0.36,25,2138.9,3.9973,0.2,0.1599,1.156,0.56,187.2,0.3742,0.0,1.032,0.86,0.2804,2.6557,-0.2204,0.12,1.0
GIGAFAKKVLKAGLKIAGAIAGQIL,DBAASPR_1546,GLWSTIKNVGKEAAIAAGKAALGAL,lead_opt_motif,4.9973,17,25;1958.61;3.9968;0.16;0.1599;1.044;0.6;144.8;0.3147;0.04;1.0904;0.8628;0.2836;2.5691;-0.2116;0.12;0.9465;0.4729;0.2693;1.0,0.7658,0.9465,0.4729,0.2693,1.0,0.4074,25,1958.61,3.9968,0.16,0.1599,1.044,0.6,144.8,0.3147,0.04,1.0904,0.8628,0.2836,2.5691,-0.2116,0.12,1.0
GIFSVLSKILHVGKNIVGKILHAA,DBAASPS_1140,GLLSVLGSVAKHVLGHVVGVIAEHL,lead_opt_random,4.9737,20,24;2082.705;3.1789;0.2083;0.1325;1.0;0.5417;158.3333;0.3265;0.0417;1.0208;0.8675;0.275;2.6477;-0.1725;0.375;0.8201;0.4148;0.2481;1.0,0.7646,0.8201,0.4148,0.2481,1.0,0.3086,24,2082.705,3.1789,0.2083,0.1325,1.0,0.5417,158.3333,0.3265,0.0417,1.0208,0.8675,0.275,2.6477,-0.1725,0.375,1.0
GPFPVPPIPCIPPRPKPR,DBAASPS_2111,GNNRPVYLPQPRPPHPRI,lead_opt_motif,4.9716,15,18;1641.195;2.9357;0.1667;0.1631;-0.5111;0.2222;59.4444;0.1609;0.0556;0.6522;1.1922;0.4311;2.2648;-0.0289;0.0;0.5699;0.228;0.0;0.0,0.2645,0.5699,0.228,0.0,1.0,0.1982,18,1641.195,2.9357,0.1667,0.1631,-0.5111,0.2222,59.4444,0.1609,0.0556,0.6522,1.1922,0.4311,2.2648,-0.0289,0.0,0.0
GLFDIVKKVVGKVVGLALKTL,DBAASPS_1140,GLLSVLGSVAKHVLGHVVGVIAEHL,lead_opt_contiguous,4.9472,20,21;1819.43;2.9973;0.1905;0.1427;1.1571;0.5714;166.6667;0.3217;0.0476;1.0457;0.8529;0.28;2.7555;-0.2267;0.2857;0.8624;0.4153;0.201;1.0,0.7632,0.8624,0.4153,0.201,1.0,0.4921,21,1819.43,2.9973,0.1905,0.1427,1.1571,0.5714,166.6667,0.3217,0.0476,1.0457,0.8529,0.28,2.7555,-0.2267,0.2857,1.0
VKAFHVSGGKLAKKLIKWVRKIYKCKIYK,DBAASPS_270,KWKSFLKTFKSLKKTVLHTLLKAISS,lead_opt_motif,4.9371,26,29;2911.86;10.0226;0.3793;0.3456;-0.1828;0.4138;104.1379;0.3839;0.1379;1.0438;0.8903;0.2948;2.5123;-0.049;0.2069;0.9937;0.4822;0.2421;1.0,0.7626,0.9937,0.4822,0.2421,1.0,0.2414,29,2911.86,10.0226,0.3793,0.3456,-0.1828,0.4138,104.1379,0.3839,0.1379,1.0438,0.8903,0.2948,2.5123,-0.049,0.2069,1.0
KWKSFIKKLTKKLTKAAKAGLHSALKKI,DBAASPS_173,KWKSFIKKLTKAAKKVVTTAKKPLIV,lead_opt_contiguous,4.9326,16,28;2662.515;10.086;0.3929;0.3602;-0.4393;0.4286;97.8571;0.3621;0.0714;1.1164;0.8689;0.3207;2.6404;-0.0246;0.3214;0.9367;0.4644;0.2564;1.0,0.7624,0.9367,0.4644,0.2564,1.0,0.4762,28,2662.515,10.086,0.3929,0.3602,-0.4393,0.4286,97.8571,0.3621,0.0714,1.1164,0.8689,0.3207,2.6404,-0.0246,0.3214,1.0
SSIKKGPPPVYGPRIPR,DBAASPS_2111,GNNRPVYLPQPRPPHPRI,lead_opt_random,4.9143,14,17;1542.97;3.9966;0.2353;0.2351;-0.9;0.1765;62.9412;0.1943;0.0588;0.7359;1.1671;0.4141;2.51;0.0329;0.0;0.3968;0.1587;0.0;0.0,0.2614,0.3968,0.1587,0.0,1.0,0.2116,17,1542.97,3.9966,0.2353,0.2351,-0.9,0.1765,62.9412,0.1943,0.0588,0.7359,1.1671,0.4141,2.51,0.0329,0.0,0.0
VTRIGSIIKHIGHAAKIIAHVVGSIAP,DBAASPS_1140,GLLSVLGSVAKHVLGHVVGVIAEHL,lead_opt_motif,4.8932,27,27;2272.92;3.2701;0.2222;0.1211;0.9;0.5185;148.1481;0.3372;0.0;1.0041;0.847;0.2789;2.5773;-0.1167;0.1111;0.8915;0.4259;0.198;1.0,0.7603,0.8915,0.4259,0.198,1.0,0.2293,27,2272.92,3.2701,0.2222,0.1211,0.9,0.5185,148.1481,0.3372,0.0,1.0041,0.847,0.2789,2.5773,-0.1167,0.1111,1.0
FFRPIFHGIKHVVHGIHGLHLHFLH,DBAASPS_1001,FLGLLFHGVHHVGKWIHGLIHGHH,lead_opt_motif,4.891,15,25;2546.19;2.6341;0.36;0.1054;0.436;0.48;116.8;0.2983;0.16;0.9868;0.8652;0.2584;2.9071;-0.086;0.12;0.9813;0.4401;0.136;0.0,0.2602,0.9813,0.4401,0.136,1.0,0.32,25,2546.19,2.6341,0.36,0.1054,0.436,0.48,116.8,0.2983,0.16,0.9868,0.8652,0.2584,2.9071,-0.086,0.12,0.0
GFPPIPGRPSIPQRPRPVP,DBAASPS_2111,GNNRPVYLPQPRPPHPRI,lead_opt_motif,4.8862,17,19;1723.2;2.998;0.1579;0.1578;-0.8105;0.2105;56.3158;0.1232;0.0526;0.6811;1.1863;0.4337;2.4455;0.0153;0.0;0.411;0.1644;0.0;0.0,0.2599,0.411,0.1644,0.0,1.0,0.2151,19,1723.2,2.998,0.1579,0.1578,-0.8105,0.2105,56.3158,0.1232,0.0526,0.6811,1.1863,0.4337,2.4455,0.0153,0.0,0.0
GSPVGLPPSPIKYRKCK,DBAASPS_2111,GNNRPVYLPQPRPPHPRI,lead_opt_contiguous,4.8725,17,17;1520.97;3.9343;0.2353;0.2314;-0.6647;0.1765;62.9412;0.1049;0.0588;0.7771;1.1582;0.3906;2.2252;-0.0035;0.0;0.62;0.248;0.0;0.0,0.2592,0.62,0.248,0.0,1.0,0.27,17,1520.97,3.9343,0.2353,0.2314,-0.6647,0.1765,62.9412,0.1049,0.0588,0.7771,1.1582,0.3906,2.2252,-0.0035,0.0,0.0
GIFSKIIHVGKHFIHHGLHGFH,DBAASPS_1001,FLGLLFHGVHHVGKWIHGLIHGHH,lead_opt_motif,4.8686,23,22;2122.615;2.5429;0.3636;0.1156;0.2273;0.4091;101.8182;0.3102;0.1364;0.9705;0.9218;0.265;3.0443;-0.07;0.0;0.9003;0.3741;0.04;0.0,0.259,0.9003,0.3741,0.04,1.0,0.303,22,2122.615,2.5429,0.3636,0.1156,0.2273,0.4091,101.8182,0.3102,0.1364,0.9705,0.9218,0.265,3.0443,-0.07,0.0,0.0
WTSSKPIRPPIIPHRGG,DBAASPS_2111,GNNRPVYLPQPRPPHPRI,lead_opt_contiguous,4.8594,16,17;1592.98;3.0886;0.2353;0.1817;-0.7647;0.2353;68.8235;0.2115;0.0588;0.7794;1.1182;0.38;2.4839;0.0212;0.0;0.6265;0.2506;0.0;0.0,0.2585,0.6265,0.2506,0.0,1.0,0.1765,17,1592.98,3.0886,0.2353,0.1817,-0.7647,0.2353,68.8235,0.2115,0.0588,0.7794,1.1182,0.38,2.4839,0.0212,0.0,0.0
FLGILIHGVKHGLKAFVGHVLSAIN,DBAASPS_1140,GLLSVLGSVAKHVLGHVVGVIAEHL,lead_opt_random,4.8528,21,25;2190.81;2.2701;0.2;0.0908;1.088;0.56;152.0;0.2626;0.08;1.016;0.8756;0.2652;2.7046;-0.192;0.0;0.923;0.4322;0.18;1.0,0.7582,0.923,0.4322,0.18,1.0,0.3067,25,2190.81,2.2701,0.2,0.0908,1.088,0.56,152.0,0.2626,0.08,1.016,0.8756,0.2652,2.7046,-0.192,0.0,1.0
GFFGVLKHILGAIKKVSVLGAGIH,DBAASPS_1140,GLLSVLGSVAKHVLGHVVGVIAEHL,lead_opt_random,4.8491,20,24;2029.645;3.1789;0.2083;0.1325;1.075;0.5417;142.0833;0.2669;0.0833;1.0104;0.8933;0.27;2.7013;-0.195;0.125;0.9292;0.4322;0.1731;1.0,0.758,0.9292,0.4322,0.1731,1.0,0.3056,24,2029.645,3.1789,0.2083,0.1325,1.075,0.5417,142.0833,0.2669,0.0833,1.0104,0.8933,0.27,2.7013,-0.195,0.125,1.0
KLWKKIKKLAKKGLHAVKKITGVATKG,DBAASPS_173,KWKSFIKKLTKAAKKVVTTAKKPLIV,lead_opt_motif,4.8208,20,27;2487.31;10.086;0.4074;0.3736;-0.4259;0.4074;104.8148;0.3962;0.037;1.0822;0.9022;0.323;2.7094;-0.0274;0.1111;0.8928;0.4178;0.1733;1.0,0.7565,0.8928,0.4178,0.1733,1.0,0.3951,27,2487.31,10.086,0.4074,0.3736,-0.4259,0.4074,104.8148,0.3962,0.037,1.0822,0.9022,0.323,2.7094,-0.0274,0.1111,1.0
GSKKPVPPIIGSYPRKP,DBAASPS_2111,GNNRPVYLPQPRPPHPRI,lead_opt_contiguous,4.7999,14,17;1514.95;3.9963;0.2353;0.2351;-0.8647;0.1765;62.9412;0.2406;0.0588;0.7482;1.1706;0.4141;2.5031;0.0076;0.0;0.4546;0.1818;0.0;0.0,0.2553,0.4546,0.1818,0.0,1.0,0.3963,17,1514.95,3.9963,0.2353,0.2351,-0.8647,0.1765,62.9412,0.2406,0.0588,0.7482,1.1706,0.4141,2.5031,0.0076,0.0,0.0
IGKWKKFLRKAVKKATKKIGATIKKVT,DBAASPS_173,KWKSFIKKLTKAAKKVVTTAKKPLIV,lead_opt_motif,4.7909,24,27;2584.43;10.9951;0.4074;0.4072;-0.4963;0.4074;90.3704;0.4249;0.0741;1.0822;0.873;0.32;2.7286;-0.0019;0.0;0.9285;0.4204;0.14;1.0,0.7549,0.9285,0.4204,0.14,1.0,0.2593,27,2584.43,10.9951,0.4074,0.4072,-0.4963,0.4074,90.3704,0.4249,0.0741,1.0822,0.873,0.32,2.7286,-0.0019,0.0,1.0
FFHILGGVFKVFKKIGTVIGHI,DBAASPS_1001,FLGLLFHGVHHVGKWIHGLIHGHH,lead_opt_contiguous,4.7832,20,22;2061.685;3.1789;0.2273;0.1445;1.1455;0.5455;128.1818;0.3847;0.1818;0.9918;0.8555;0.2468;2.9185;-0.2064;0.1364;0.9819;0.4423;0.1415;1.0,0.7545,0.9819,0.4423,0.1415,1.0,0.2424,22,2061.685,3.1789,0.2273,0.1445,1.1455,0.5455,128.1818,0.3847,0.1818,0.9918,0.8555,0.2468,2.9185,-0.2064,0.1364,1.0
FVLGIVGKIAKGIGKVALGIVHS,DBAASPS_1140,GLLSVLGSVAKHVLGHVVGVIAEHL,lead_opt_contiguous,4.7778,20,23;1862.47;3.088;0.1739;0.1343;1.3522;0.5652;160.8696;0.3454;0.0435;1.0022;0.8813;0.2674;2.6363;-0.2209;0.2609;0.933;0.452;0.2252;1.0,0.7542,0.933,0.452,0.2252,1.0,0.3243,23,1862.47,3.088,0.1739,0.1343,1.3522,0.5652,160.8696,0.3454,0.0435,1.0022,0.8813,0.2674,2.6363,-0.2209,0.2609,1.0
FIGKILHAVKALIHHISPKILPVMS,DBAASPS_1140,GLLSVLGSVAKHVLGHVVGVIAEHL,lead_opt_motif,4.7252,23,25;2313.1;3.2698;0.24;0.1308;0.964;0.56;156.0;0.2728;0.04;1.0336;0.8216;0.2796;2.5442;-0.168;0.12;0.9653;0.4617;0.216;1.0,0.7514,0.9653,0.4617,0.216,1.0,0.3067,25,2313.1,3.2698,0.24,0.1308,0.964,0.56,156.0,0.2728,0.04,1.0336,0.8216,0.2796,2.5442,-0.168,0.12,1.0
GFFHFIHGIKHFIHHGIHVGKHIF,DBAASPS_1001,FLGLLFHGVHHVGKWIHGLIHGHH,lead_opt_contiguous,4.7076,21,24;2431.005;2.6338;0.375;0.1097;0.3708;0.4583;93.3333;0.3097;0.2083;0.9879;0.8783;0.2438;3.1742;-0.0892;0.375;0.8877;0.4224;0.1925;0.0,0.2504,0.8877,0.4224,0.1925,1.0,0.25,24,2431.005,2.6338,0.375,0.1097,0.3708,0.4583,93.3333,0.3097,0.2083,0.9879,0.8783,0.2438,3.1742,-0.0892,0.375,0.0
FLPIIIKIAHKVGKVGLGHIAQAI,DBAASPS_1140,GLLSVLGSVAKHVLGHVVGVIAEHL,lead_opt_motif,4.6872,23,24;2104.805;3.1789;0.2083;0.1325;1.1167;0.5833;166.6667;0.3009;0.0417;1.0438;0.8229;0.2688;2.5906;-0.2;0.125;0.9767;0.4707;0.2286;1.0,0.7493,0.9767,0.4707,0.2286,1.0,0.3056,24,2104.805,3.1789,0.2083,0.1325,1.1167,0.5833,166.6667,0.3009,0.0417,1.0438,0.8229,0.2688,2.5906,-0.2,0.125,1.0
FLGGLLKAAKKFAKGIAVGAIGAI,DBAASPR_1546,GLWSTIKNVGKEAAIAAGKAALGAL,lead_opt_contiguous,4.6814,19,24;1882.515;3.9968;0.1667;0.1665;1.1625;0.625;134.5833;0.3187;0.0833;1.0917;0.8633;0.2779;2.6176;-0.2246;0.125;0.9454;0.4776;0.2842;1.0,0.749,0.9454,0.4776,0.2842,1.0,0.3472,24,1882.515,3.9968,0.1667,0.1665,1.1625,0.625,134.5833,0.3187,0.0833,1.0917,0.8633,0.2779,2.6176,-0.2246,0.125,1.0
FFHIFGKIIHHGIHVGKHILHHLSG,DBAASPS_1001,FLGLLFHGVHHVGKWIHGLIHGHH,lead_opt_contiguous,4.6757,21,25;2432.03;2.6338;0.36;0.1054;0.404;0.44;120.8;0.3175;0.12;0.9856;0.8916;0.258;2.9958;-0.09;0.0;0.9607;0.4193;0.1;0.0,0.2487,0.9607,0.4193,0.1,1.0,0.2236,25,2432.03,2.6338,0.36,0.1054,0.404,0.44,120.8,0.3175,0.12,0.9856,0.8916,0.258,2.9958,-0.09,0.0,0.0
FFLPIIKGIAKTVINLVKNLVKGV,DBAASPS_1140,GLLSVLGSVAKHVLGHVVGVIAEHL,lead_opt_motif,4.6649,20,24;2192.935;3.9968;0.1667;0.1665;1.1625;0.5833;166.25;0.3907;0.0833;1.0067;0.8488;0.2788;2.6809;-0.2204;0.25;0.9648;0.4791;0.2661;1.0,0.7482,0.9648,0.4791,0.2661,1.0,0.2639,24,2192.935,3.9968,0.1667,0.1665,1.1625,0.5833,166.25,0.3907,0.0833,1.0067,0.8488,0.2788,2.6809,-0.2204,0.25,1.0
GIGKFLHAGKAFAKAFVNVILGAG,DBAASPR_1546,GLWSTIKNVGKEAAIAAGKAALGAL,lead_opt_contiguous,4.6595,23,24;1954.495;3.088;0.1667;0.1287;0.9167;0.5833;110.0;0.2983;0.125;1.0496;0.9025;0.2788;2.7682;-0.1888;0.125;0.9907;0.4763;0.2286;1.0,0.7479,0.9907,0.4763,0.2286,1.0,0.5972,24,1954.495,3.088,0.1667,0.1287,0.9167,0.5833,110.0,0.2983,0.125,1.0496,0.9025,0.2788,2.7682,-0.1888,0.125,1.0
FLGKLIHVGKAVLKGILGAISGAI,DBAASPS_1140,GLLSVLGSVAKHVLGHVVGVIAEHL,lead_opt_contiguous,4.658,23,24;1943.595;3.088;0.1667;0.1287;1.3375;0.5833;166.6667;0.2873;0.0417;1.0321;0.8771;0.2713;2.5681;-0.2371;0.125;0.9915;0.4766;0.2286;1.0,0.7478,0.9915,0.4766,0.2286,1.0,0.3333,24,1943.595,3.088,0.1667,0.1287,1.3375,0.5833,166.6667,0.2873,0.0417,1.0321,0.8771,0.2713,2.5681,-0.2371,0.125,1.0
IIGLIKRLGKEIVNVVKVFVGAVHGI,DBAASPS_1140,GLLSVLGSVAKHVLGHVVGVIAEHL,lead_opt_random,4.589,21,26;2304.045;3.0898;0.1923;0.1188;1.2269;0.5769;175.7692;0.3894;0.0385;1.0238;0.82;0.2677;2.833;-0.2008;0.0;0.828;0.4091;0.2226;1.0,0.7441,0.828,0.4091,0.2226,1.0,0.2436,26,2304.045,3.0898,0.1923,0.1188,1.2269,0.5769,175.7692,0.3894,0.0385,1.0238,0.82,0.2677,2.833,-0.2008,0.0,1.0
FLGILIHVGKHLVHGIAHHIAN,DBAASPS_1140,GLLSVLGSVAKHVLGHVVGVIAEHL,lead_opt_random,4.4968,22,22;2000.525;1.4522;0.2727;0.066;0.8909;0.5455;159.5455;0.2782;0.0455;1.0264;0.8495;0.2568;2.7341;-0.1464;0.0;0.5457;0.2535;0.1006;0.0,0.2392,0.5457,0.2535,0.1006,1.0,0.2727,22,2000.525,1.4522,0.2727,0.066,0.8909,0.5455,159.5455,0.2782,0.0455,1.0264,0.8495,0.2568,2.7341,-0.1464,0.0,0.0
SGPVPSFIGRPIPPKPR,DBAASPS_2111,GNNRPVYLPQPRPPHPRI,lead_opt_contiguous,4.4635,12,17;1495.92;2.9977;0.1765;0.1763;-0.5235;0.2353;62.9412;0.2751;0.0588;0.7135;1.1653;0.4141;2.5295;-0.0112;0.0;0.978;0.3912;0.0;0.0,0.2374,0.978,0.3912,0.0,1.0,0.2144,17,1495.92,2.9977,0.1765,0.1763,-0.5235,0.2353,62.9412,0.2751,0.0588,0.7135,1.1653,0.4141,2.5295,-0.0112,0.0,0.0
SAGLPPYPPISPRKPKF,DBAASPS_2111,GNNRPVYLPQPRPPHPRI,lead_opt_contiguous,4.4384,15,17;1545.98;2.9966;0.1765;0.1763;-0.7235;0.2353;51.7647;0.1238;0.1176;0.7618;1.1524;0.4165;2.4141;-0.0247;0.0;0.8392;0.3357;0.0;0.0,0.2361,0.8392,0.3357,0.0,1.0,0.2549,17,1545.98,2.9966,0.1765,0.1763,-0.7235,0.2353,51.7647,0.1238,0.1176,0.7618,1.1524,0.4165,2.4141,-0.0247,0.0,0.0
AGPVPVPFPRPPIPSRR,DBAASPS_2111,GNNRPVYLPQPRPPHPRI,lead_opt_motif,4.3775,12,17;1533.98;2.998;0.1765;0.1764;-0.4941;0.2941;62.9412;0.1743;0.0588;0.7247;1.1194;0.4194;2.3872;0.0141;0.1765;0.9888;0.4141;0.0529;0.0,0.2329,0.9888,0.4141,0.0529,1.0,0.2227,17,1533.98,2.998,0.1765,0.1764,-0.4941,0.2941,62.9412,0.1743,0.0588,0.7247,1.1194,0.4194,2.3872,0.0141,0.1765,0.0
AGSPVPIYRSPKPRPPPI,DBAASPS_2111,GNNRPVYLPQPRPPHPRI,lead_opt_contiguous,4.316,14,18;1605.055;2.9968;0.1667;0.1665;-0.6889;0.2222;65.0;0.1598;0.0556;0.7156;1.1572;0.425;2.3538;0.0061;0.0;0.901;0.3604;0.0;0.0,0.2296,0.901,0.3604,0.0,1.0,0.2332,18,1605.055,2.9968,0.1667,0.1665,-0.6889,0.2222,65.0,0.1598,0.0556,0.7156,1.1572,0.425,2.3538,0.0061,0.0,0.0
ALGSFLRRIGKIVLGIIHEAIKALHGILG,DBAASPS_1140,GLLSVLGSVAKHVLGHVVGVIAEHL,lead_opt_contiguous,4.266,21,29;2544.34;3.181;0.2069;0.1097;0.9966;0.5517;168.2759;0.3809;0.0345;1.0459;0.8434;0.2776;2.6674;-0.1831;0.0;0.9749;0.4771;0.249;1.0,0.7269,0.9749,0.4771,0.249,1.0,0.2874,29,2544.34,3.181,0.2069,0.1097,0.9966,0.5517,168.2759,0.3809,0.0345,1.0459,0.8434,0.2776,2.6674,-0.1831,0.0,1.0
GLPVPIPTPSPKKPRFN,DBAASPS_2111,GNNRPVYLPQPRPPHPRI,lead_opt_contiguous,4.2288,13,17;1538.97;2.9974;0.1765;0.1763;-0.7059;0.2353;62.9412;0.1303;0.0588;0.7429;1.1553;0.4218;2.5391;-0.0171;0.0;0.9451;0.378;0.0;0.0,0.225,0.9451,0.378,0.0,1.0,0.2941,17,1538.97,2.9974,0.1765,0.1763,-0.7059,0.2353,62.9412,0.1303,0.0588,0.7429,1.1553,0.4218,2.5391,-0.0171,0.0,0.0
GGPVPVPPIPYPIRPRPK,DBAASPS_2111,GNNRPVYLPQPRPPHPRI,lead_opt_random,4.2188,15,18;1613.115;2.9968;0.1667;0.1665;-0.5778;0.2222;75.5556;0.1465;0.0556;0.6606;1.1906;0.43;2.3497;-0.0289;0.1667;0.9193;0.3852;0.05;0.0,0.2244,0.9193,0.3852,0.05,1.0,0.3124,18,1613.115,2.9968,0.1667,0.1665,-0.5778,0.2222,75.5556,0.1465,0.0556,0.6606,1.1906,0.43,2.3497,-0.0289,0.1667,0.0
AGPPICGGYPPIIRKSKSSG,DBAASPS_2111,GNNRPVYLPQPRPPHPRI,lead_opt_contiguous,4.2024,19,20;1625.045;2.9346;0.15;0.1467;-0.31;0.2;63.5;0.2326;0.05;0.7635;1.182;0.377;2.4191;-0.0475;0.15;0.9812;0.4082;0.045;0.0,0.2236,0.9812,0.4082,0.045,1.0,0.3167,20,1625.045,2.9346,0.15,0.1467,-0.31,0.2,63.5,0.2326,0.05,0.7635,1.182,0.377,2.4191,-0.0475,0.15,0.0
GSPVPIIYPSPGRPKRS,DBAASPS_2111,GNNRPVYLPQPRPPHPRI,lead_opt_motif,4.1964,13,17;1501.88;2.9968;0.1765;0.1763;-0.7176;0.1765;62.9412;0.1694;0.0588;0.7129;1.18;0.4112;2.3842;0.0182;0.0;0.9614;0.3846;0.0;0.0,0.2232,0.9614,0.3846,0.0,1.0,0.2353,17,1501.88,2.9968,0.1765,0.1763,-0.7176,0.1765,62.9412,0.1694,0.0588,0.7129,1.18,0.4112,2.3842,0.0182,0.0,0.0
GGGPKPVPVPIISYPRGR,DBAASPS_2111,GNNRPVYLPQPRPPHPRI,lead_opt_contiguous,4.1599,17,18;1522.935;2.9968;0.1667;0.1665;-0.4;0.2222;75.5556;0.1257;0.0556;0.71;1.1878;0.3967;2.5424;-0.0356;0.1667;0.949;0.3971;0.05;0.0,0.2213,0.949,0.3971,0.05,1.0,0.2222,18,1522.935,2.9968,0.1667,0.1665,-0.4,0.2222,75.5556,0.1257,0.0556,0.71,1.1878,0.3967,2.5424,-0.0356,0.1667,0.0
GFMSILGKALKAGLKAFVGGLANAI,DBAASPR_1546,GLWSTIKNVGKEAAIAAGKAALGAL,lead_opt_random,4.1429,20,25;1997.63;2.9971;0.12;0.1199;1.076;0.6;125.2;0.2945;0.08;1.0656;0.9048;0.2864;2.678;-0.226;0.12;0.974;0.4839;0.2693;1.0,0.7204,0.974,0.4839,0.2693,1.0,0.5185,25,1997.63,2.9971,0.12,0.1199,1.076,0.6,125.2,0.2945,0.08,1.0656,0.9048,0.2864,2.678,-0.226,0.12,1.0
GSKPPIPVYIPRPPRSP,DBAASPS_2111,GNNRPVYLPQPRPPHPRI,lead_opt_random,4.1135,12,17;1551.99;2.9968;0.1765;0.1763;-0.8353;0.1765;62.9412;0.2188;0.0588;0.6741;1.19;0.4347;2.3062;0.0176;0.0;0.9528;0.3811;0.0;0.0,0.2188,0.9528,0.3811,0.0,1.0,0.2477,17,1551.99,2.9968,0.1765,0.1763,-0.8353,0.1765,62.9412,0.2188,0.0588,0.6741,1.19,0.4347,2.3062,0.0176,0.0,0.0
GYPVPVPIGPLPRRPR,DBAASPS_2111,GNNRPVYLPQPRPPHPRI,lead_opt_motif,4.0897,15,16;1482.925;2.9971;0.1875;0.1873;-0.5312;0.25;85.0;0.2021;0.0625;0.6956;1.1531;0.4138;2.2709;-0.0056;0.1875;0.9806;0.4119;0.0562;0.0,0.2176,0.9806,0.4119,0.0562,1.0,0.3468,16,1482.925,2.9971,0.1875,0.1873,-0.5312,0.25,85.0,0.2021,0.0625,0.6956,1.1531,0.4138,2.2709,-0.0056,0.1875,0.0
RGPPVPPIPYPPRPPKF,DBAASPS_2111,GNNRPVYLPQPRPPHPRI,lead_opt_random,3.8196,15,17;1606.09;2.9968;0.1765;0.1763;-1.0294;0.1765;40.0;0.185;0.1176;0.6265;1.2318;0.4571;2.3865;0.0071;0.0;0.9497;0.3799;0.0;0.0,0.2032,0.9497,0.3799,0.0,1.0,0.2266,17,1606.09,2.9968,0.1765,0.1763,-1.0294,0.1765,40.0,0.185,0.1176,0.6265,1.2318,0.4571,2.3865,0.0071,0.0,0.0
GRIPVGSPIPYPPRPKP,DBAASPS_2111,GNNRPVYLPQPRPPHPRI,lead_opt_random,3.8064,16,17;1521.96;2.9968;0.1765;0.1763;-0.8118;0.1765;62.9412;0.1487;0.0588;0.6624;1.2141;0.4347;2.3799;0.0018;0.0;0.9564;0.3826;0.0;0.0,0.2025,0.9564,0.3826,0.0,1.0,0.2505,17,1521.96,2.9968,0.1765,0.1763,-0.8118,0.1765,62.9412,0.1487,0.0588,0.6624,1.2141,0.4347,2.3799,0.0018,0.0,0.0
GECRPIPWPPPPIPRPH,DBAASPS_2111,GNNRPVYLPQPRPPHPRI,lead_opt_random,3.6293,11,17;1640.08;1.0287;0.1765;0.0605;-1.0765;0.1765;45.8824;0.214;0.0588;0.6847;1.1929;0.4329;2.2989;0.01;0.3529;0.8291;0.3687;0.1059;0.0,0.1931,0.8291,0.3687,0.1059,1.0,0.2244,17,1640.08,1.0287,0.1765,0.0605,-1.0765,0.1765,45.8824,0.214,0.0588,0.6847,1.1929,0.4329,2.2989,0.01,0.3529,0.0
DNKPVPIPYPPIRPPRFP,DBAASPS_2111,GNNRPVYLPQPRPPHPRI,lead_opt_motif,3.4742,15,18;1776.255;1.9973;0.1667;0.111;-1.0;0.2222;59.4444;0.2091;0.1111;0.6944;1.1817;0.4383;2.6458;-0.0139;0.0;0.8211;0.3284;0.0;0.0,0.1848,0.8211,0.3284,0.0,1.0,0.2536,18,1776.255,1.9973,0.1667,0.111,-1.0,0.2222,59.4444,0.2091,0.1111,0.6944,1.1817,0.4383,2.6458,-0.0139,0.0,0.0
YGGPPPVPIPPRIRPPP,DBAASPS_2111,GNNRPVYLPQPRPPHPRI,lead_opt_motif,2.9857,14,17;1500.95;1.9971;0.1176;0.1175;-0.7235;0.1765;62.9412;0.1522;0.0588;0.5888;1.2612;0.4553;2.3902;-0.0294;0.1765;0.9847;0.4124;0.0529;0.0,0.1588,0.9847,0.4124,0.0529,1.0,0.1979,17,1500.95,1.9971,0.1176,0.1175,-0.7235,0.1765,62.9412,0.1522,0.0588,0.5888,1.2612,0.4553,2.3902,-0.0294,0.1765,0.0
